ProductID,SKU,ProductName,Category,PrimaryRawMaterial,MaterialIndexWeight,BaseUnitCost_USD,Currency,StandardLeadTimeDays,ReorderPoint,SupplierID
PRD-00001,SKU-SYN-90059,Printed Circuit Boards Grade-B,Printed Circuit Boards,Copper,0.35,2872.21,USD,82,500 units,SUP-00465
PRD-00002,SKU-SYN-38528,Industrial Resins & Plastics Grade-C,Industrial Resins & Plastics,Crude Oil / Polymers,0.7,2129.31,USD,76,500 units,SUP-00390
PRD-00003,SKU-SYN-24735,Synthetic Lubricants Grade-D,Synthetic Lubricants,Crude Oil / Polymers,0.8,1639.17,USD,64,500 units,SUP-00465
PRD-00004,SKU-SYN-58509,Corrugated Packaging Grade-E,Corrugated Packaging,Packaging,0.2,74.84,USD,74,500 units,SUP-00329
PRD-00005,SKU-SYN-26660,Copper Conductors & Wiring Grade-F,Copper Conductors & Wiring,Copper,0.65,411.48,USD,53,500,SUP-00041
PRD-00006,SKU-SYN-10739,Synthetic Lubricants Grade-G,Synthetic Lubricants,Crude Oil / Polymers,0.8,$415.26,USD,71,500,SUP-00319
PRD-00007,SKU-SYN-35232,Synthetic Lubricants Grade-H,Synthetic Lubricants,Crude Oil / Polymers,0.8,1120.99,USD,14,500,SUP-00584
PRD-00008,SKU-SYN-56566,Heavy Engine Castings Grade-I,,Steel,0.5,450.29,USD,26,,SUP-00423
PRD-00009,SKU-SYN-91582,Industrial Resins & Plastics Grade-J,Industrial Resins & Plastics,Crude Oil / Polymers,0.7,1641.4,USD,54,250,SUP-00383
PRD-00010,SKU-SYN-20172,heavy engine castings grade-10,Heavy Engine Castings,Steel,0.5,1931.87,USD,55,100,SUP-00151
PRD-00011,SKU-SYN-42159,Corrugated Packaging Grade-L,Corrugated Packaging,Packaging,0.2,2050.86,USD,33,250,SUP-00893
PRD-00012,sku_12,Industrial Resins & Plastics Grade-M,Industrial Resins & Plastics,Crude Oil / Polymers,0.7,$451.27,USD,47,100,SUP-00256
PRD-00013,SKU-SYN-27860,Synthetic Lubricants Grade-N,Synthetic Lubricants,Crude Oil / Polymers,0.8,110.25,USD,64,250,SUP-00823
PRD-00014,SKU-SYN-66321,Copper Conductors & Wiring Grade-O,Copper Conductors & Wiring,Copper,0.65,3196.27,USD,47,,SUP-00765
PRD-00015,SKU-SYN-30591,Corrugated Packaging Grade-P,Corrugated Packaging,Packaging,0.2,2297.27,USD,88,,SUP-00781
PRD-00016,SKU-SYN-23399,Synthetic Lubricants Grade-Q,,Crude Oil / Polymers,0.8,688.45,USD,59,250,SUP-00368
PRD-00017,SKU-SYN-32807,Copper Conductors & Wiring Grade-R,Copper Conductors & Wiring,Copper,0.65,2904.17,USD,85,100,SUP-00743
PRD-00018,SKU-SYN-98452,Industrial Resins & Plastics Grade-S,Industrial Resins & Plastics,Crude Oil / Polymers,0.7,$1514.42,USD,-10,100,SUP-00284
PRD-00019,SKU-SYN-88807,Copper Conductors & Wiring Grade-T,Copper Conductors & Wiring,Copper,0.65,3160.39,USD,18,100,SUP-00543
PRD-00020,SKU-SYN-40080,industrial resins & plastics grade-20,Industrial Resins & Plastics,Crude Oil / Polymers,0.7,917.39,USD,48,500 units,SUP-99999
PRD-00021,SKU-SYN-51441,Printed Circuit Boards Grade-V,Printed Circuit Boards,Copper,0.35,1214.73,USD,51,,SUP-00857
PRD-00022,SKU-SYN-77282,Synthetic Lubricants Grade-W,Synthetic Lubricants,Crude Oil / Polymers,0.8,2835.61,USD,5,500 units,SUP-00413
PRD-00023,SKU-SYN-17955,Printed Circuit Boards Grade-X,Printed Circuit Boards,Copper,0.35,3087.03,USD,11,,SUP-00482
PRD-00024,sku_24,Heavy Engine Castings Grade-Y,,Steel,0.5,$733.88,USD,56,500 units,SUP-00232
PRD-00025,SKU-SYN-25781,Copper Conductors & Wiring Grade-Z,Copper Conductors & Wiring,Copper,0.65,-2400.24,USD,56,500,SUP-00560
PRD-00026,SKU-SYN-70733,Printed Circuit Boards Grade-A,Printed Circuit Boards,Copper,0.35,2420.26,USD,12,250,SUP-00799
PRD-00027,SKU-SYN-12341,Heavy Engine Castings Grade-B,Heavy Engine Castings,Steel,0.5,2935.65,USD,36,,SUP-00354
PRD-00028,SKU-SYN-26465,Industrial Resins & Plastics Grade-C,Industrial Resins & Plastics,Crude Oil / Polymers,0.7,2750.8,USD,46,100,SUP-00633
PRD-00029,SKU-SYN-36310,Corrugated Packaging Grade-D,Corrugated Packaging,Packaging,0.2,1672.41,USD,59,100,SUP-00028
PRD-00030,SKU-SYN-38663,printed circuit boards grade-30,Printed Circuit Boards,Copper,0.35,$1551.95,USD,23,250,SUP-00568
PRD-00031,SKU-SYN-13467,Synthetic Lubricants Grade-F,Synthetic Lubricants,Crude Oil / Polymers,0.8,2137.76,USD,61,500,SUP-00400
PRD-00032,SKU-SYN-27915,Copper Conductors & Wiring Grade-G,,Copper,0.65,1857.84,USD,74,250,SUP-00896
PRD-00033,SKU-SYN-81475,Synthetic Lubricants Grade-H,Synthetic Lubricants,Crude Oil / Polymers,0.8,2903.63,USD,7,500,SUP-00437
PRD-00034,SKU-SYN-41334,Corrugated Packaging Grade-I,Corrugated Packaging,Packaging,0.2,2197.02,USD,46,250,SUP-00421
PRD-00035,SKU-SYN-99300,Corrugated Packaging Grade-J,Corrugated Packaging,Packaging,0.2,2574.33,USD,21,100,SUP-00736
PRD-00036,sku_36,Synthetic Lubricants Grade-K,Synthetic Lubricants,Crude Oil / Polymers,0.8,$1499.73,USD,-10,100,SUP-00833
PRD-00037,SKU-SYN-87106,Printed Circuit Boards Grade-L,Printed Circuit Boards,Copper,0.35,1851.76,USD,46,500 units,SUP-00360
PRD-00038,SKU-SYN-68459,Printed Circuit Boards Grade-M,Printed Circuit Boards,Copper,0.35,1986.48,USD,9,500 units,SUP-00813
PRD-00039,SKU-SYN-76169,Copper Conductors & Wiring Grade-N,Copper Conductors & Wiring,Copper,0.65,2795.89,USD,81,500,SUP-00341
PRD-00040,SKU-SYN-42330,industrial resins & plastics grade-40,,Crude Oil / Polymers,0.7,161.68,USD,33,,SUP-99999
PRD-00041,SKU-SYN-24555,Corrugated Packaging Grade-P,Corrugated Packaging,Packaging,0.2,286.13,USD,40,500,SUP-00460
PRD-00042,SKU-SYN-51393,Printed Circuit Boards Grade-Q,Printed Circuit Boards,Copper,0.35,$1274.98,USD,67,,SUP-00789
PRD-00043,SKU-SYN-56661,Printed Circuit Boards Grade-R,Printed Circuit Boards,Copper,0.35,324.5,USD,28,100,SUP-00964
PRD-00044,SKU-SYN-19027,Industrial Resins & Plastics Grade-S,Industrial Resins & Plastics,Crude Oil / Polymers,0.7,1421.74,USD,42,250,SUP-00378
PRD-00045,SKU-SYN-47430,Printed Circuit Boards Grade-T,Printed Circuit Boards,Copper,0.35,395.7,USD,55,250,SUP-00758
PRD-00046,SKU-SYN-75772,Corrugated Packaging Grade-U,Corrugated Packaging,Packaging,0.2,76.15,USD,85,,SUP-00827
PRD-00047,SKU-SYN-91506,Copper Conductors & Wiring Grade-V,Copper Conductors & Wiring,Copper,0.65,563.25,USD,45,100,SUP-00075
PRD-00048,sku_48,Synthetic Lubricants Grade-W,,Crude Oil / Polymers,0.8,$3093.1,USD,25,250,SUP-00379
PRD-00049,SKU-SYN-20929,Synthetic Lubricants Grade-X,Synthetic Lubricants,Crude Oil / Polymers,0.8,1545.29,USD,66,,SUP-00609
PRD-00050,SKU-SYN-63542,corrugated packaging grade-50,Corrugated Packaging,Packaging,0.2,-1807.84,USD,29,500 units,SUP-00352
PRD-00051,SKU-SYN-14262,Synthetic Lubricants Grade-Z,Synthetic Lubricants,Crude Oil / Polymers,0.8,389.98,USD,34,250,SUP-00058
PRD-00052,SKU-SYN-68346,Synthetic Lubricants Grade-A,Synthetic Lubricants,Crude Oil / Polymers,0.8,924.8,USD,62,250,SUP-00647
PRD-00053,SKU-SYN-79270,Industrial Resins & Plastics Grade-B,Industrial Resins & Plastics,Crude Oil / Polymers,0.7,2450.71,USD,13,500,SUP-00269
PRD-00054,SKU-SYN-63766,Industrial Resins & Plastics Grade-C,Industrial Resins & Plastics,Crude Oil / Polymers,0.7,$2385.17,USD,-10,500 units,SUP-00303
PRD-00055,SKU-SYN-61562,Synthetic Lubricants Grade-D,Synthetic Lubricants,Crude Oil / Polymers,0.8,1296.71,USD,52,100,SUP-00677
PRD-00056,SKU-SYN-88321,Printed Circuit Boards Grade-E,,Copper,0.35,579.58,USD,31,500 units,SUP-00199
PRD-00057,SKU-SYN-96080,Copper Conductors & Wiring Grade-F,Copper Conductors & Wiring,Copper,0.65,1149.65,USD,74,250,SUP-00999
PRD-00058,SKU-SYN-84764,Corrugated Packaging Grade-G,Corrugated Packaging,Packaging,0.2,2495.71,USD,53,,SUP-00398
PRD-00059,SKU-SYN-64656,Synthetic Lubricants Grade-H,Synthetic Lubricants,Crude Oil / Polymers,0.8,730.4,USD,60,500,SUP-00793
PRD-00060,sku_60,synthetic lubricants grade-60,Synthetic Lubricants,Crude Oil / Polymers,0.8,$2582.14,USD,79,100,SUP-99999
PRD-00061,SKU-SYN-73242,Copper Conductors & Wiring Grade-J,Copper Conductors & Wiring,Copper,0.65,968.47,USD,65,500,SUP-00927
PRD-00062,SKU-SYN-25295,Heavy Engine Castings Grade-K,Heavy Engine Castings,Steel,0.5,717.36,USD,8,,SUP-00119
PRD-00063,SKU-SYN-97497,Heavy Engine Castings Grade-L,Heavy Engine Castings,Steel,0.5,2484.14,USD,67,100,SUP-00844
PRD-00064,SKU-SYN-27917,Synthetic Lubricants Grade-M,,Crude Oil / Polymers,0.8,485.09,USD,64,250,SUP-00780
PRD-00065,SKU-SYN-68366,Printed Circuit Boards Grade-N,Printed Circuit Boards,Copper,0.35,2334.75,USD,9,500,SUP-00983
PRD-00066,SKU-SYN-94775,Corrugated Packaging Grade-O,Corrugated Packaging,Packaging,0.2,$1633.21,USD,50,500,SUP-00050
PRD-00067,SKU-SYN-89321,Synthetic Lubricants Grade-P,Synthetic Lubricants,Crude Oil / Polymers,0.8,3131.4,USD,50,,SUP-00629
PRD-00068,SKU-SYN-11923,Industrial Resins & Plastics Grade-Q,Industrial Resins & Plastics,Crude Oil / Polymers,0.7,2407.23,USD,49,250,SUP-00927
PRD-00069,SKU-SYN-54829,Heavy Engine Castings Grade-R,Heavy Engine Castings,Steel,0.5,880.97,USD,80,500,SUP-00312
PRD-00070,SKU-SYN-32355,industrial resins & plastics grade-70,Industrial Resins & Plastics,Crude Oil / Polymers,0.7,385.85,USD,47,250,SUP-00191
PRD-00071,SKU-SYN-65407,Heavy Engine Castings Grade-T,Heavy Engine Castings,Steel,0.5,3077.38,USD,23,100,SUP-00345
PRD-00072,sku_72,Corrugated Packaging Grade-U,,Packaging,0.2,$396.2,USD,-10,500 units,SUP-00369
PRD-00073,SKU-SYN-58724,Industrial Resins & Plastics Grade-V,Industrial Resins & Plastics,Crude Oil / Polymers,0.7,2235.11,USD,26,100,SUP-00904
PRD-00074,SKU-SYN-48816,Corrugated Packaging Grade-W,Corrugated Packaging,Packaging,0.2,1152.31,USD,55,250,SUP-00011
PRD-00075,SKU-SYN-81353,Industrial Resins & Plastics Grade-X,Industrial Resins & Plastics,Crude Oil / Polymers,0.7,-103.38,USD,42,100,SUP-00150
PRD-00076,SKU-SYN-73582,Synthetic Lubricants Grade-Y,Synthetic Lubricants,Crude Oil / Polymers,0.8,710.21,USD,62,250,SUP-00815
PRD-00077,SKU-SYN-53005,Synthetic Lubricants Grade-Z,Synthetic Lubricants,Crude Oil / Polymers,0.8,1513.03,USD,20,500,SUP-00385
PRD-00078,SKU-SYN-61818,Industrial Resins & Plastics Grade-A,Industrial Resins & Plastics,Crude Oil / Polymers,0.7,$804.91,USD,72,500 units,SUP-00853
PRD-00079,SKU-SYN-38367,Industrial Resins & Plastics Grade-B,Industrial Resins & Plastics,Crude Oil / Polymers,0.7,2588.64,USD,6,250,SUP-00140
PRD-00080,SKU-SYN-10051,heavy engine castings grade-80,,Steel,0.5,1596.6,USD,38,500 units,SUP-99999
PRD-00081,SKU-SYN-16341,Copper Conductors & Wiring Grade-D,Copper Conductors & Wiring,Copper,0.65,1981.56,USD,63,,SUP-00193
PRD-00082,SKU-SYN-23010,Heavy Engine Castings Grade-E,Heavy Engine Castings,Steel,0.5,1803.86,USD,8,500 units,SUP-00627
PRD-00083,SKU-SYN-43108,Copper Conductors & Wiring Grade-F,Copper Conductors & Wiring,Copper,0.65,1428.64,USD,45,500 units,SUP-00157
PRD-00084,sku_84,Corrugated Packaging Grade-G,Corrugated Packaging,Packaging,0.2,$1102.78,USD,56,500,SUP-00073
PRD-00085,SKU-SYN-92347,Copper Conductors & Wiring Grade-H,Copper Conductors & Wiring,Copper,0.65,698.83,USD,22,,SUP-00542
PRD-00086,SKU-SYN-33500,Synthetic Lubricants Grade-I,Synthetic Lubricants,Crude Oil / Polymers,0.8,2539.17,USD,73,,SUP-00013
PRD-00087,SKU-SYN-95955,Synthetic Lubricants Grade-J,Synthetic Lubricants,Crude Oil / Polymers,0.8,857.65,USD,68,250,SUP-00367
PRD-00088,SKU-SYN-65244,Corrugated Packaging Grade-K,,Packaging,0.2,408.09,USD,34,500,SUP-00790
PRD-00089,SKU-SYN-37584,Corrugated Packaging Grade-L,Corrugated Packaging,Packaging,0.2,2918.11,USD,52,100,SUP-00089
PRD-00090,SKU-SYN-74511,synthetic lubricants grade-90,Synthetic Lubricants,Crude Oil / Polymers,0.8,$2257.36,USD,-10,500 units,SUP-00150
PRD-00091,SKU-SYN-93194,Industrial Resins & Plastics Grade-N,Industrial Resins & Plastics,Crude Oil / Polymers,0.7,364.45,USD,62,250,SUP-00357
PRD-00092,SKU-SYN-56465,Industrial Resins & Plastics Grade-O,Industrial Resins & Plastics,Crude Oil / Polymers,0.7,842.44,USD,87,,SUP-00944
PRD-00093,SKU-SYN-89664,Printed Circuit Boards Grade-P,Printed Circuit Boards,Copper,0.35,1924.01,USD,48,500,SUP-00554
PRD-00094,SKU-SYN-69840,Printed Circuit Boards Grade-Q,Printed Circuit Boards,Copper,0.35,1927.39,USD,34,100,SUP-00963
PRD-00095,SKU-SYN-19668,Heavy Engine Castings Grade-R,Heavy Engine Castings,Steel,0.5,2758.55,USD,90,500 units,SUP-00843
PRD-00096,sku_96,Corrugated Packaging Grade-S,,Packaging,0.2,$859.94,USD,39,250,SUP-00335
PRD-00097,SKU-SYN-56568,Corrugated Packaging Grade-T,Corrugated Packaging,Packaging,0.2,1761.72,USD,50,250,SUP-00663
PRD-00098,SKU-SYN-69863,Heavy Engine Castings Grade-U,Heavy Engine Castings,Steel,0.5,2676.23,USD,9,500 units,SUP-00084
PRD-00099,SKU-SYN-78349,Corrugated Packaging Grade-V,Corrugated Packaging,Packaging,0.2,98.58,USD,12,500 units,SUP-00179
PRD-00100,SKU-SYN-14734,printed circuit boards grade-100,Printed Circuit Boards,Copper,0.35,-1035.07,USD,37,,SUP-99999
PRD-00101,SKU-SYN-56324,Industrial Resins & Plastics Grade-X,Industrial Resins & Plastics,Crude Oil / Polymers,0.7,1797.93,USD,39,500 units,SUP-00863
PRD-00102,SKU-SYN-38481,Printed Circuit Boards Grade-Y,Printed Circuit Boards,Copper,0.35,$1909.1,USD,69,,SUP-00805
PRD-00103,SKU-SYN-68943,Industrial Resins & Plastics Grade-Z,Industrial Resins & Plastics,Crude Oil / Polymers,0.7,1226.34,USD,8,250,SUP-00377
PRD-00104,SKU-SYN-22928,Copper Conductors & Wiring Grade-A,,Copper,0.65,2139.76,USD,55,500,SUP-00672
PRD-00105,SKU-SYN-58537,Synthetic Lubricants Grade-B,Synthetic Lubricants,Crude Oil / Polymers,0.8,636.98,USD,33,,SUP-00447
PRD-00106,SKU-SYN-46821,Heavy Engine Castings Grade-C,Heavy Engine Castings,Steel,0.5,8.21,USD,11,500 units,SUP-00982
PRD-00107,SKU-SYN-41777,Heavy Engine Castings Grade-D,Heavy Engine Castings,Steel,0.5,395.7,USD,47,100,SUP-00001
PRD-00108,sku_108,Synthetic Lubricants Grade-E,Synthetic Lubricants,Crude Oil / Polymers,0.8,$997.29,USD,-10,500 units,SUP-00396
PRD-00109,SKU-SYN-91031,Industrial Resins & Plastics Grade-F,Industrial Resins & Plastics,Crude Oil / Polymers,0.7,1818.84,USD,5,500,SUP-00344
PRD-00110,SKU-SYN-98898,printed circuit boards grade-110,Printed Circuit Boards,Copper,0.35,2340.81,USD,51,,SUP-00759
PRD-00111,SKU-SYN-65211,Printed Circuit Boards Grade-H,Printed Circuit Boards,Copper,0.35,1211.71,USD,47,250,SUP-00210
PRD-00112,SKU-SYN-94393,Copper Conductors & Wiring Grade-I,,Copper,0.65,2795.31,USD,39,100,SUP-00068
PRD-00113,SKU-SYN-80784,Corrugated Packaging Grade-J,Corrugated Packaging,Packaging,0.2,388.3,USD,13,250,SUP-00155
PRD-00114,SKU-SYN-69906,Industrial Resins & Plastics Grade-K,Industrial Resins & Plastics,Crude Oil / Polymers,0.7,$2535.79,USD,77,500,SUP-00619
PRD-00115,SKU-SYN-85337,Industrial Resins & Plastics Grade-L,Industrial Resins & Plastics,Crude Oil / Polymers,0.7,1613.75,USD,16,500 units,SUP-00870
PRD-00116,SKU-SYN-94747,Copper Conductors & Wiring Grade-M,Copper Conductors & Wiring,Copper,0.65,2975.47,USD,69,500 units,SUP-00118
PRD-00117,SKU-SYN-93340,Printed Circuit Boards Grade-N,Printed Circuit Boards,Copper,0.35,2529.4,USD,69,250,SUP-00465
PRD-00118,SKU-SYN-81995,Synthetic Lubricants Grade-O,Synthetic Lubricants,Crude Oil / Polymers,0.8,1358.55,USD,35,,SUP-00328
PRD-00119,SKU-SYN-23254,Industrial Resins & Plastics Grade-P,Industrial Resins & Plastics,Crude Oil / Polymers,0.7,2741.47,USD,52,500,SUP-00232
PRD-00120,sku_120,synthetic lubricants grade-120,,Crude Oil / Polymers,0.8,$1285.98,USD,42,100,SUP-99999
PRD-00121,SKU-SYN-72013,Heavy Engine Castings Grade-R,Heavy Engine Castings,Steel,0.5,593.04,USD,26,100,SUP-00757
PRD-00122,SKU-SYN-39672,Corrugated Packaging Grade-S,Corrugated Packaging,Packaging,0.2,3040.64,USD,34,250,SUP-00884
PRD-00123,SKU-SYN-90059,Corrugated Packaging Grade-T,Corrugated Packaging,Packaging,0.2,510.54,USD,89,250,SUP-00822
PRD-00124,SKU-SYN-87196,Copper Conductors & Wiring Grade-U,Copper Conductors & Wiring,Copper,0.65,426.01,USD,8,500 units,SUP-00073
PRD-00125,SKU-SYN-70946,Industrial Resins & Plastics Grade-V,Industrial Resins & Plastics,Crude Oil / Polymers,0.7,-2337.9,USD,77,250,SUP-00178
PRD-00126,SKU-SYN-65912,Industrial Resins & Plastics Grade-W,Industrial Resins & Plastics,Crude Oil / Polymers,0.7,$1648.88,USD,-10,,SUP-00451
PRD-00127,SKU-SYN-28503,Industrial Resins & Plastics Grade-X,Industrial Resins & Plastics,Crude Oil / Polymers,0.7,2896.76,USD,16,,SUP-00792
PRD-00128,SKU-SYN-38079,Industrial Resins & Plastics Grade-Y,,Crude Oil / Polymers,0.7,485.86,USD,39,250,SUP-00532
PRD-00129,SKU-SYN-34541,Industrial Resins & Plastics Grade-Z,Industrial Resins & Plastics,Crude Oil / Polymers,0.7,358.97,USD,79,100,SUP-00496
PRD-00130,SKU-SYN-33036,printed circuit boards grade-130,Printed Circuit Boards,Copper,0.35,195.49,USD,43,,SUP-00198
PRD-00131,SKU-SYN-34779,Industrial Resins & Plastics Grade-B,Industrial Resins & Plastics,Crude Oil / Polymers,0.7,3137.16,USD,63,,SUP-00027
PRD-00132,sku_132,Synthetic Lubricants Grade-C,Synthetic Lubricants,Crude Oil / Polymers,0.8,$2896.06,USD,57,100,SUP-00315
PRD-00133,SKU-SYN-11177,Printed Circuit Boards Grade-D,Printed Circuit Boards,Copper,0.35,1272.92,USD,59,500 units,SUP-00530
PRD-00134,SKU-SYN-48963,Industrial Resins & Plastics Grade-E,Industrial Resins & Plastics,Crude Oil / Polymers,0.7,2349.95,USD,90,100,SUP-00990
PRD-00135,SKU-SYN-64219,Industrial Resins & Plastics Grade-F,Industrial Resins & Plastics,Crude Oil / Polymers,0.7,2454.4,USD,14,,SUP-00084
PRD-00136,SKU-SYN-88478,Heavy Engine Castings Grade-G,,Steel,0.5,1555.83,USD,78,,SUP-00084
PRD-00137,SKU-SYN-57295,Copper Conductors & Wiring Grade-H,Copper Conductors & Wiring,Copper,0.65,149.86,USD,81,,SUP-00402
PRD-00138,SKU-SYN-47163,Synthetic Lubricants Grade-I,Synthetic Lubricants,Crude Oil / Polymers,0.8,$1677.1,USD,41,100,SUP-00859
PRD-00139,SKU-SYN-22230,Heavy Engine Castings Grade-J,Heavy Engine Castings,Steel,0.5,2475.31,USD,5,500 units,SUP-00698
PRD-00140,SKU-SYN-39968,synthetic lubricants grade-140,Synthetic Lubricants,Crude Oil / Polymers,0.8,2537.87,USD,62,,SUP-99999
PRD-00141,SKU-SYN-90358,Printed Circuit Boards Grade-L,Printed Circuit Boards,Copper,0.35,1011.15,USD,12,500 units,SUP-00880
PRD-00142,SKU-SYN-25886,Copper Conductors & Wiring Grade-M,Copper Conductors & Wiring,Copper,0.65,2905.7,USD,75,500,SUP-00779
PRD-00143,SKU-SYN-19402,Printed Circuit Boards Grade-N,Printed Circuit Boards,Copper,0.35,2109.25,USD,31,250,SUP-00434
PRD-00144,sku_144,Corrugated Packaging Grade-O,,Packaging,0.2,$1191.62,USD,-10,,SUP-00607
PRD-00145,SKU-SYN-57774,Printed Circuit Boards Grade-P,Printed Circuit Boards,Copper,0.35,2338.88,USD,69,500,SUP-00358
PRD-00146,SKU-SYN-49494,Printed Circuit Boards Grade-Q,Printed Circuit Boards,Copper,0.35,1520.57,USD,24,500 units,SUP-00760
PRD-00147,SKU-SYN-42068,Printed Circuit Boards Grade-R,Printed Circuit Boards,Copper,0.35,3129.45,USD,61,,SUP-00863
PRD-00148,SKU-SYN-37432,Printed Circuit Boards Grade-S,Printed Circuit Boards,Copper,0.35,405.36,USD,44,,SUP-00936
PRD-00149,SKU-SYN-52228,Copper Conductors & Wiring Grade-T,Copper Conductors & Wiring,Copper,0.65,2183.39,USD,69,500 units,SUP-00581
PRD-00150,SKU-SYN-60424,copper conductors & wiring grade-150,Copper Conductors & Wiring,Copper,0.65,$925.17,USD,7,500,SUP-00426
PRD-00151,SKU-SYN-27552,Synthetic Lubricants Grade-V,Synthetic Lubricants,Crude Oil / Polymers,0.8,400.82,USD,27,500,SUP-00294
PRD-00152,SKU-SYN-41554,Heavy Engine Castings Grade-W,,Steel,0.5,1107.38,USD,16,250,SUP-00478
PRD-00153,SKU-SYN-88330,Printed Circuit Boards Grade-X,Printed Circuit Boards,Copper,0.35,394.86,USD,56,500,SUP-00710
PRD-00154,SKU-SYN-96009,Copper Conductors & Wiring Grade-Y,Copper Conductors & Wiring,Copper,0.65,604.18,USD,90,500,SUP-00619
PRD-00155,SKU-SYN-23945,Printed Circuit Boards Grade-Z,Printed Circuit Boards,Copper,0.35,488.56,USD,48,500,SUP-00434
PRD-00156,sku_156,Synthetic Lubricants Grade-A,Synthetic Lubricants,Crude Oil / Polymers,0.8,$1562.53,USD,59,,SUP-00819
PRD-00157,SKU-SYN-58961,Copper Conductors & Wiring Grade-B,Copper Conductors & Wiring,Copper,0.65,664.14,USD,73,,SUP-00984
PRD-00158,SKU-SYN-14640,Printed Circuit Boards Grade-C,Printed Circuit Boards,Copper,0.35,997.14,USD,13,100,SUP-00238
PRD-00159,SKU-SYN-38050,Printed Circuit Boards Grade-D,Printed Circuit Boards,Copper,0.35,1287.9,USD,35,250,SUP-00760
PRD-00160,SKU-SYN-64008,synthetic lubricants grade-160,,Crude Oil / Polymers,0.8,1512.12,USD,34,100,SUP-99999
PRD-00161,SKU-SYN-98185,Corrugated Packaging Grade-F,Corrugated Packaging,Packaging,0.2,458.85,USD,20,100,SUP-00069
PRD-00162,SKU-SYN-84475,Heavy Engine Castings Grade-G,Heavy Engine Castings,Steel,0.5,$557.42,USD,-10,100,SUP-00429
PRD-00163,SKU-SYN-13235,Synthetic Lubricants Grade-H,Synthetic Lubricants,Crude Oil / Polymers,0.8,1883.09,USD,16,,SUP-00236
PRD-00164,SKU-SYN-55702,Printed Circuit Boards Grade-I,Printed Circuit Boards,Copper,0.35,1402.3,USD,73,100,SUP-00237
PRD-00165,SKU-SYN-45019,Industrial Resins & Plastics Grade-J,Industrial Resins & Plastics,Crude Oil / Polymers,0.7,2559.36,USD,57,250,SUP-00521
PRD-00166,SKU-SYN-68082,Corrugated Packaging Grade-K,Corrugated Packaging,Packaging,0.2,1633.53,USD,41,,SUP-00852
PRD-00167,SKU-SYN-30599,Heavy Engine Castings Grade-L,Heavy Engine Castings,Steel,0.5,2547.85,USD,13,500,SUP-00580
PRD-00168,sku_168,Synthetic Lubricants Grade-M,,Crude Oil / Polymers,0.8,$1479.61,USD,21,100,SUP-00289
PRD-00169,SKU-SYN-73018,Corrugated Packaging Grade-N,Corrugated Packaging,Packaging,0.2,521.56,USD,29,100,SUP-00124
PRD-00170,SKU-SYN-48010,industrial resins & plastics grade-170,Industrial Resins & Plastics,Crude Oil / Polymers,0.7,512.33,USD,41,500 units,SUP-00167
PRD-00171,SKU-SYN-28557,Printed Circuit Boards Grade-P,Printed Circuit Boards,Copper,0.35,560.98,USD,57,250,SUP-00539
PRD-00172,SKU-SYN-54708,Industrial Resins & Plastics Grade-Q,Industrial Resins & Plastics,Crude Oil / Polymers,0.7,2846.64,USD,62,100,SUP-00827
PRD-00173,SKU-SYN-71387,Corrugated Packaging Grade-R,Corrugated Packaging,Packaging,0.2,674.97,USD,59,500,SUP-00889
PRD-00174,SKU-SYN-38152,Printed Circuit Boards Grade-S,Printed Circuit Boards,Copper,0.35,$820.52,USD,57,100,SUP-00121
PRD-00175,SKU-SYN-97697,Printed Circuit Boards Grade-T,Printed Circuit Boards,Copper,0.35,-1601.39,USD,18,100,SUP-00100
PRD-00176,SKU-SYN-64276,Heavy Engine Castings Grade-U,,Steel,0.5,2270.49,USD,31,100,SUP-00854
PRD-00177,SKU-SYN-31610,Synthetic Lubricants Grade-V,Synthetic Lubricants,Crude Oil / Polymers,0.8,509.83,USD,71,,SUP-00495
PRD-00178,SKU-SYN-18640,Printed Circuit Boards Grade-W,Printed Circuit Boards,Copper,0.35,2046.82,USD,48,,SUP-00108
PRD-00179,SKU-SYN-24306,Corrugated Packaging Grade-X,Corrugated Packaging,Packaging,0.2,937.71,USD,58,250,SUP-00199
PRD-00180,sku_180,printed circuit boards grade-180,Printed Circuit Boards,Copper,0.35,$1994.8,USD,-10,500 units,SUP-99999
PRD-00181,SKU-SYN-86753,Corrugated Packaging Grade-Z,Corrugated Packaging,Packaging,0.2,2454.37,USD,12,500,SUP-00765
PRD-00182,SKU-SYN-55428,Copper Conductors & Wiring Grade-A,Copper Conductors & Wiring,Copper,0.65,2242.05,USD,17,,SUP-00965
PRD-00183,SKU-SYN-34326,Synthetic Lubricants Grade-B,Synthetic Lubricants,Crude Oil / Polymers,0.8,2449.61,USD,36,500 units,SUP-00104
PRD-00184,SKU-SYN-93112,Synthetic Lubricants Grade-C,,Crude Oil / Polymers,0.8,3171.15,USD,15,100,SUP-00861
PRD-00185,SKU-SYN-19227,Industrial Resins & Plastics Grade-D,Industrial Resins & Plastics,Crude Oil / Polymers,0.7,1810.25,USD,42,,SUP-00904
PRD-00186,SKU-SYN-53059,Copper Conductors & Wiring Grade-E,Copper Conductors & Wiring,Copper,0.65,$3134.61,USD,39,500,SUP-00655
PRD-00187,SKU-SYN-22361,Industrial Resins & Plastics Grade-F,Industrial Resins & Plastics,Crude Oil / Polymers,0.7,2485.57,USD,43,500 units,SUP-00441
PRD-00188,SKU-SYN-41703,Corrugated Packaging Grade-G,Corrugated Packaging,Packaging,0.2,2412.29,USD,53,500 units,SUP-00548
PRD-00189,SKU-SYN-42105,Copper Conductors & Wiring Grade-H,Copper Conductors & Wiring,Copper,0.65,2726.65,USD,5,250,SUP-00077
PRD-00190,SKU-SYN-89882,printed circuit boards grade-190,Printed Circuit Boards,Copper,0.35,2043.9,USD,39,500 units,SUP-00319
PRD-00191,SKU-SYN-25017,Copper Conductors & Wiring Grade-J,Copper Conductors & Wiring,Copper,0.65,38.97,USD,40,500,SUP-00233
PRD-00192,sku_192,Copper Conductors & Wiring Grade-K,,Copper,0.65,$412.16,USD,51,,SUP-00473
PRD-00193,SKU-SYN-77301,Synthetic Lubricants Grade-L,Synthetic Lubricants,Crude Oil / Polymers,0.8,1937.38,USD,56,,SUP-00938
PRD-00194,SKU-SYN-83707,Copper Conductors & Wiring Grade-M,Copper Conductors & Wiring,Copper,0.65,25.42,USD,18,500 units,SUP-00392
PRD-00195,SKU-SYN-10036,Copper Conductors & Wiring Grade-N,Copper Conductors & Wiring,Copper,0.65,2108.94,USD,9,500 units,SUP-00805
PRD-00196,SKU-SYN-93751,Copper Conductors & Wiring Grade-O,Copper Conductors & Wiring,Copper,0.65,752.69,USD,82,,SUP-00185
PRD-00197,SKU-SYN-61375,Printed Circuit Boards Grade-P,Printed Circuit Boards,Copper,0.35,1616.8,USD,59,100,SUP-00396
PRD-00198,SKU-SYN-15727,Printed Circuit Boards Grade-Q,Printed Circuit Boards,Copper,0.35,$394.18,USD,-10,250,SUP-00699
PRD-00199,SKU-SYN-34517,Corrugated Packaging Grade-R,Corrugated Packaging,Packaging,0.2,945.03,USD,79,250,SUP-00058
PRD-00200,SKU-SYN-99526,synthetic lubricants grade-200,,Crude Oil / Polymers,0.8,-2453.17,USD,47,500 units,SUP-99999
PRD-00201,SKU-SYN-18839,Copper Conductors & Wiring Grade-T,Copper Conductors & Wiring,Copper,0.65,2073.24,USD,46,500 units,SUP-00531
PRD-00202,SKU-SYN-85824,Synthetic Lubricants Grade-U,Synthetic Lubricants,Crude Oil / Polymers,0.8,3037.63,USD,62,250,SUP-00163
PRD-00203,SKU-SYN-24907,Corrugated Packaging Grade-V,Corrugated Packaging,Packaging,0.2,2895.25,USD,89,500,SUP-00785
PRD-00204,sku_204,Industrial Resins & Plastics Grade-W,Industrial Resins & Plastics,Crude Oil / Polymers,0.7,$3119.41,USD,89,500,SUP-00048
PRD-00205,SKU-SYN-59331,Corrugated Packaging Grade-X,Corrugated Packaging,Packaging,0.2,744.19,USD,83,500 units,SUP-00250
PRD-00206,SKU-SYN-28378,Synthetic Lubricants Grade-Y,Synthetic Lubricants,Crude Oil / Polymers,0.8,1100.94,USD,44,100,SUP-00875
PRD-00207,SKU-SYN-38504,Corrugated Packaging Grade-Z,Corrugated Packaging,Packaging,0.2,1868.02,USD,15,250,SUP-00225
PRD-00208,SKU-SYN-26794,Heavy Engine Castings Grade-A,,Steel,0.5,1396.06,USD,36,250,SUP-00598
PRD-00209,SKU-SYN-81058,Printed Circuit Boards Grade-B,Printed Circuit Boards,Copper,0.35,2720.94,USD,90,500,SUP-00193
PRD-00210,SKU-SYN-10101,heavy engine castings grade-210,Heavy Engine Castings,Steel,0.5,$1135.48,USD,78,500,SUP-00465
PRD-00211,SKU-SYN-95626,Industrial Resins & Plastics Grade-D,Industrial Resins & Plastics,Crude Oil / Polymers,0.7,1759.81,USD,53,250,SUP-00020
PRD-00212,SKU-SYN-39848,Industrial Resins & Plastics Grade-E,Industrial Resins & Plastics,Crude Oil / Polymers,0.7,544.08,USD,86,,SUP-00751
PRD-00213,SKU-SYN-79120,Synthetic Lubricants Grade-F,Synthetic Lubricants,Crude Oil / Polymers,0.8,2794.99,USD,15,500,SUP-00038
PRD-00214,SKU-SYN-13907,Printed Circuit Boards Grade-G,Printed Circuit Boards,Copper,0.35,155.74,USD,25,100,SUP-00346
PRD-00215,SKU-SYN-86452,Printed Circuit Boards Grade-H,Printed Circuit Boards,Copper,0.35,386.38,USD,42,500 units,SUP-00511
PRD-00216,sku_216,Corrugated Packaging Grade-I,,Packaging,0.2,$788.64,USD,-10,500 units,SUP-00503
PRD-00217,SKU-SYN-55225,Synthetic Lubricants Grade-J,Synthetic Lubricants,Crude Oil / Polymers,0.8,964.0,USD,13,500 units,SUP-00029
PRD-00218,SKU-SYN-26704,Heavy Engine Castings Grade-K,Heavy Engine Castings,Steel,0.5,1924.53,USD,12,250,SUP-00529
PRD-00219,SKU-SYN-56213,Industrial Resins & Plastics Grade-L,Industrial Resins & Plastics,Crude Oil / Polymers,0.7,2316.89,USD,40,,SUP-00258
PRD-00220,SKU-SYN-37214,copper conductors & wiring grade-220,Copper Conductors & Wiring,Copper,0.65,1979.24,USD,33,250,SUP-99999
PRD-00221,SKU-SYN-99180,Corrugated Packaging Grade-N,Corrugated Packaging,Packaging,0.2,2287.74,USD,39,250,SUP-00095
PRD-00222,SKU-SYN-19325,Heavy Engine Castings Grade-O,Heavy Engine Castings,Steel,0.5,$957.17,USD,85,500,SUP-00841
PRD-00223,SKU-SYN-82399,Corrugated Packaging Grade-P,Corrugated Packaging,Packaging,0.2,1968.42,USD,59,100,SUP-00802
PRD-00224,SKU-SYN-17056,Printed Circuit Boards Grade-Q,,Copper,0.35,2109.47,USD,53,500,SUP-00899
PRD-00225,SKU-SYN-17174,Synthetic Lubricants Grade-R,Synthetic Lubricants,Crude Oil / Polymers,0.8,-1335.37,USD,84,500 units,SUP-00651
PRD-00226,SKU-SYN-74772,Heavy Engine Castings Grade-S,Heavy Engine Castings,Steel,0.5,304.09,USD,74,500,SUP-00893
PRD-00227,SKU-SYN-51656,Printed Circuit Boards Grade-T,Printed Circuit Boards,Copper,0.35,2275.33,USD,47,,SUP-00360
PRD-00228,sku_228,Industrial Resins & Plastics Grade-U,Industrial Resins & Plastics,Crude Oil / Polymers,0.7,$3004.63,USD,31,500,SUP-00454
PRD-00229,SKU-SYN-74189,Heavy Engine Castings Grade-V,Heavy Engine Castings,Steel,0.5,2200.86,USD,28,100,SUP-00721
PRD-00230,SKU-SYN-63185,printed circuit boards grade-230,Printed Circuit Boards,Copper,0.35,475.01,USD,74,100,SUP-00250
PRD-00231,SKU-SYN-23986,Corrugated Packaging Grade-X,Corrugated Packaging,Packaging,0.2,2283.32,USD,42,100,SUP-00033
PRD-00232,SKU-SYN-73533,Copper Conductors & Wiring Grade-Y,,Copper,0.65,255.02,USD,23,500,SUP-00103
PRD-00233,SKU-SYN-49524,Synthetic Lubricants Grade-Z,Synthetic Lubricants,Crude Oil / Polymers,0.8,1637.52,USD,8,500,SUP-00170
PRD-00234,SKU-SYN-58221,Industrial Resins & Plastics Grade-A,Industrial Resins & Plastics,Crude Oil / Polymers,0.7,$347.88,USD,-10,500,SUP-00396
PRD-00235,SKU-SYN-28644,Copper Conductors & Wiring Grade-B,Copper Conductors & Wiring,Copper,0.65,2374.17,USD,67,500,SUP-01000
PRD-00236,SKU-SYN-51027,Industrial Resins & Plastics Grade-C,Industrial Resins & Plastics,Crude Oil / Polymers,0.7,1103.55,USD,69,500 units,SUP-00834
PRD-00237,SKU-SYN-32857,Synthetic Lubricants Grade-D,Synthetic Lubricants,Crude Oil / Polymers,0.8,1017.66,USD,49,250,SUP-00278
PRD-00238,SKU-SYN-14216,Copper Conductors & Wiring Grade-E,Copper Conductors & Wiring,Copper,0.65,2652.07,USD,15,250,SUP-00043
PRD-00239,SKU-SYN-61188,Copper Conductors & Wiring Grade-F,Copper Conductors & Wiring,Copper,0.65,1267.37,USD,23,500 units,SUP-00148
PRD-00240,sku_240,corrugated packaging grade-240,,Packaging,0.2,$266.21,USD,44,500,SUP-99999
PRD-00241,SKU-SYN-57680,Industrial Resins & Plastics Grade-H,Industrial Resins & Plastics,Crude Oil / Polymers,0.7,1910.56,USD,62,,SUP-00376
PRD-00242,SKU-SYN-93662,Printed Circuit Boards Grade-I,Printed Circuit Boards,Copper,0.35,1499.16,USD,30,250,SUP-00066
PRD-00243,SKU-SYN-61133,Industrial Resins & Plastics Grade-J,Industrial Resins & Plastics,Crude Oil / Polymers,0.7,1164.3,USD,42,250,SUP-00251
PRD-00244,SKU-SYN-44668,Copper Conductors & Wiring Grade-K,Copper Conductors & Wiring,Copper,0.65,2969.14,USD,47,100,SUP-00551
PRD-00245,SKU-SYN-71308,Corrugated Packaging Grade-L,Corrugated Packaging,Packaging,0.2,449.17,USD,58,100,SUP-00165
PRD-00246,SKU-SYN-36839,Corrugated Packaging Grade-M,Corrugated Packaging,Packaging,0.2,$382.98,USD,75,500 units,SUP-00878
PRD-00247,SKU-SYN-30845,Copper Conductors & Wiring Grade-N,Copper Conductors & Wiring,Copper,0.65,2208.11,USD,25,,SUP-00581
PRD-00248,SKU-SYN-49662,Industrial Resins & Plastics Grade-O,,Crude Oil / Polymers,0.7,1812.04,USD,27,500,SUP-00137
PRD-00249,SKU-SYN-94903,Synthetic Lubricants Grade-P,Synthetic Lubricants,Crude Oil / Polymers,0.8,803.54,USD,86,250,SUP-00006
PRD-00250,SKU-SYN-60483,copper conductors & wiring grade-250,Copper Conductors & Wiring,Copper,0.65,-2903.2,USD,75,,SUP-00400
PRD-00251,SKU-SYN-88164,Corrugated Packaging Grade-R,Corrugated Packaging,Packaging,0.2,2980.03,USD,67,500 units,SUP-00599
PRD-00252,sku_252,Corrugated Packaging Grade-S,Corrugated Packaging,Packaging,0.2,$1705.2,USD,-10,100,SUP-00425
PRD-00253,SKU-SYN-80216,Synthetic Lubricants Grade-T,Synthetic Lubricants,Crude Oil / Polymers,0.8,1891.16,USD,31,500,SUP-00621
PRD-00254,SKU-SYN-72341,Printed Circuit Boards Grade-U,Printed Circuit Boards,Copper,0.35,2724.71,USD,81,100,SUP-00077
PRD-00255,SKU-SYN-68460,Copper Conductors & Wiring Grade-V,Copper Conductors & Wiring,Copper,0.65,1173.83,USD,27,100,SUP-00170
PRD-00256,SKU-SYN-36168,Heavy Engine Castings Grade-W,,Steel,0.5,434.91,USD,64,100,SUP-00485
PRD-00257,SKU-SYN-43149,Heavy Engine Castings Grade-X,Heavy Engine Castings,Steel,0.5,115.28,USD,9,250,SUP-00760
PRD-00258,SKU-SYN-88407,Copper Conductors & Wiring Grade-Y,Copper Conductors & Wiring,Copper,0.65,$2082.81,USD,59,100,SUP-00169
PRD-00259,SKU-SYN-63054,Printed Circuit Boards Grade-Z,Printed Circuit Boards,Copper,0.35,3092.39,USD,24,,SUP-00673
PRD-00260,SKU-SYN-31469,corrugated packaging grade-260,Corrugated Packaging,Packaging,0.2,796.62,USD,58,500 units,SUP-99999
PRD-00261,SKU-SYN-78661,Printed Circuit Boards Grade-B,Printed Circuit Boards,Copper,0.35,1699.83,USD,88,250,SUP-00735
PRD-00262,SKU-SYN-24099,Industrial Resins & Plastics Grade-C,Industrial Resins & Plastics,Crude Oil / Polymers,0.7,672.37,USD,21,,SUP-00303
PRD-00263,SKU-SYN-65705,Heavy Engine Castings Grade-D,Heavy Engine Castings,Steel,0.5,1061.84,USD,66,500,SUP-00394
PRD-00264,sku_264,Heavy Engine Castings Grade-E,,Steel,0.5,$2549.28,USD,22,250,SUP-00354
PRD-00265,SKU-SYN-66419,Heavy Engine Castings Grade-F,Heavy Engine Castings,Steel,0.5,537.6,USD,9,500 units,SUP-00187
PRD-00266,SKU-SYN-10189,Heavy Engine Castings Grade-G,Heavy Engine Castings,Steel,0.5,822.83,USD,45,100,SUP-00349
PRD-00267,SKU-SYN-55530,Corrugated Packaging Grade-H,Corrugated Packaging,Packaging,0.2,754.17,USD,86,500 units,SUP-00069
PRD-00268,SKU-SYN-48165,Heavy Engine Castings Grade-I,Heavy Engine Castings,Steel,0.5,1728.97,USD,42,100,SUP-00337
PRD-00269,SKU-SYN-55736,Printed Circuit Boards Grade-J,Printed Circuit Boards,Copper,0.35,2813.0,USD,19,,SUP-00350
PRD-00270,SKU-SYN-34734,synthetic lubricants grade-270,Synthetic Lubricants,Crude Oil / Polymers,0.8,$3193.0,USD,-10,500,SUP-00799
PRD-00271,SKU-SYN-72524,Synthetic Lubricants Grade-L,Synthetic Lubricants,Crude Oil / Polymers,0.8,573.19,USD,21,500,SUP-00798
PRD-00272,SKU-SYN-18397,Synthetic Lubricants Grade-M,,Crude Oil / Polymers,0.8,1808.77,USD,26,500,SUP-00678
PRD-00273,SKU-SYN-85201,Heavy Engine Castings Grade-N,Heavy Engine Castings,Steel,0.5,1231.83,USD,57,500,SUP-00093
PRD-00274,SKU-SYN-42294,Printed Circuit Boards Grade-O,Printed Circuit Boards,Copper,0.35,2286.28,USD,79,500 units,SUP-00675
PRD-00275,SKU-SYN-41839,Synthetic Lubricants Grade-P,Synthetic Lubricants,Crude Oil / Polymers,0.8,-1587.97,USD,49,500 units,SUP-00548
PRD-00276,sku_276,Corrugated Packaging Grade-Q,Corrugated Packaging,Packaging,0.2,$1388.58,USD,81,100,SUP-00811
PRD-00277,SKU-SYN-55804,Corrugated Packaging Grade-R,Corrugated Packaging,Packaging,0.2,2786.1,USD,66,,SUP-00553
PRD-00278,SKU-SYN-46411,Copper Conductors & Wiring Grade-S,Copper Conductors & Wiring,Copper,0.65,2464.39,USD,72,500 units,SUP-00598
PRD-00279,SKU-SYN-11887,Industrial Resins & Plastics Grade-T,Industrial Resins & Plastics,Crude Oil / Polymers,0.7,2650.11,USD,39,500 units,SUP-00170
PRD-00280,SKU-SYN-37518,industrial resins & plastics grade-280,,Crude Oil / Polymers,0.7,1226.45,USD,65,,SUP-99999
PRD-00281,SKU-SYN-98795,Printed Circuit Boards Grade-V,Printed Circuit Boards,Copper,0.35,1990.22,USD,39,,SUP-00451
PRD-00282,SKU-SYN-56546,Copper Conductors & Wiring Grade-W,Copper Conductors & Wiring,Copper,0.65,$1528.18,USD,22,100,SUP-00269
PRD-00283,SKU-SYN-92636,Synthetic Lubricants Grade-X,Synthetic Lubricants,Crude Oil / Polymers,0.8,2881.22,USD,35,100,SUP-00423
PRD-00284,SKU-SYN-78695,Printed Circuit Boards Grade-Y,Printed Circuit Boards,Copper,0.35,2029.0,USD,48,100,SUP-00242
PRD-00285,SKU-SYN-80671,Industrial Resins & Plastics Grade-Z,Industrial Resins & Plastics,Crude Oil / Polymers,0.7,996.77,USD,49,,SUP-00608
PRD-00286,SKU-SYN-92604,Printed Circuit Boards Grade-A,Printed Circuit Boards,Copper,0.35,920.58,USD,86,500 units,SUP-00453
PRD-00287,SKU-SYN-33413,Corrugated Packaging Grade-B,Corrugated Packaging,Packaging,0.2,47.15,USD,83,250,SUP-00715
PRD-00288,sku_288,Corrugated Packaging Grade-C,,Packaging,0.2,$1537.06,USD,-10,500,SUP-00474
PRD-00289,SKU-SYN-73571,Printed Circuit Boards Grade-D,Printed Circuit Boards,Copper,0.35,1887.75,USD,77,500,SUP-00867
PRD-00290,SKU-SYN-35210,heavy engine castings grade-290,Heavy Engine Castings,Steel,0.5,817.56,USD,27,500,SUP-00615
PRD-00291,SKU-SYN-10448,Industrial Resins & Plastics Grade-F,Industrial Resins & Plastics,Crude Oil / Polymers,0.7,3162.51,USD,19,,SUP-00924
PRD-00292,SKU-SYN-86705,Industrial Resins & Plastics Grade-G,Industrial Resins & Plastics,Crude Oil / Polymers,0.7,2904.69,USD,54,500,SUP-00833
PRD-00293,SKU-SYN-69074,Heavy Engine Castings Grade-H,Heavy Engine Castings,Steel,0.5,2579.37,USD,10,250,SUP-00202
PRD-00294,SKU-SYN-58886,Copper Conductors & Wiring Grade-I,Copper Conductors & Wiring,Copper,0.65,$2628.72,USD,30,500 units,SUP-00847
PRD-00295,SKU-SYN-66050,Synthetic Lubricants Grade-J,Synthetic Lubricants,Crude Oil / Polymers,0.8,1744.83,USD,32,250,SUP-00322
PRD-00296,SKU-SYN-68846,Copper Conductors & Wiring Grade-K,,Copper,0.65,1959.51,USD,64,,SUP-00934
PRD-00297,SKU-SYN-57182,Synthetic Lubricants Grade-L,Synthetic Lubricants,Crude Oil / Polymers,0.8,2793.46,USD,77,,SUP-00793
PRD-00298,SKU-SYN-68683,Copper Conductors & Wiring Grade-M,Copper Conductors & Wiring,Copper,0.65,2477.42,USD,86,250,SUP-00293
PRD-00299,SKU-SYN-90519,Industrial Resins & Plastics Grade-N,Industrial Resins & Plastics,Crude Oil / Polymers,0.7,2751.41,USD,65,250,SUP-00578
prd_300,sku_300,copper conductors & wiring grade-300,Copper Conductors & Wiring,Copper,0.65,$2373.16,USD,88,500,SUP-99999
PRD-00301,SKU-SYN-40050,Copper Conductors & Wiring Grade-P,Copper Conductors & Wiring,Copper,0.65,771.19,USD,28,250,SUP-00123
PRD-00302,SKU-SYN-50141,Copper Conductors & Wiring Grade-Q,Copper Conductors & Wiring,Copper,0.65,1489.77,USD,32,100,SUP-00110
PRD-00303,SKU-SYN-58705,Printed Circuit Boards Grade-R,Printed Circuit Boards,Copper,0.35,1246.72,USD,45,100,SUP-00338
PRD-00304,SKU-SYN-51708,Printed Circuit Boards Grade-S,,Copper,0.35,139.23,USD,26,500,SUP-00971
PRD-00305,SKU-SYN-85360,Synthetic Lubricants Grade-T,Synthetic Lubricants,Crude Oil / Polymers,0.8,2647.94,USD,71,250,SUP-00716
PRD-00306,SKU-SYN-65835,Corrugated Packaging Grade-U,Corrugated Packaging,Packaging,0.2,$1737.72,USD,-10,250,SUP-00348
PRD-00307,SKU-SYN-59913,Heavy Engine Castings Grade-V,Heavy Engine Castings,Steel,0.5,2065.72,USD,51,250,SUP-00915
PRD-00308,SKU-SYN-94851,Synthetic Lubricants Grade-W,Synthetic Lubricants,Crude Oil / Polymers,0.8,1847.64,USD,6,250,SUP-00020
PRD-00309,SKU-SYN-84863,Copper Conductors & Wiring Grade-X,Copper Conductors & Wiring,Copper,0.65,118.89,USD,38,100,SUP-00351
PRD-00310,SKU-SYN-24230,corrugated packaging grade-310,Corrugated Packaging,Packaging,0.2,955.39,USD,49,,SUP-00638
PRD-00311,SKU-SYN-20629,Copper Conductors & Wiring Grade-Z,Copper Conductors & Wiring,Copper,0.65,1402.96,USD,89,,SUP-00972
PRD-00312,sku_312,Industrial Resins & Plastics Grade-A,,Crude Oil / Polymers,0.7,$2419.44,USD,8,,SUP-00293
PRD-00313,SKU-SYN-79928,Corrugated Packaging Grade-B,Corrugated Packaging,Packaging,0.2,1344.78,USD,47,100,SUP-00606
PRD-00314,SKU-SYN-38089,Synthetic Lubricants Grade-C,Synthetic Lubricants,Crude Oil / Polymers,0.8,810.39,USD,15,100,SUP-00701
PRD-00315,SKU-SYN-24913,Synthetic Lubricants Grade-D,Synthetic Lubricants,Crude Oil / Polymers,0.8,1880.45,USD,41,,SUP-00468
PRD-00316,SKU-SYN-68007,Corrugated Packaging Grade-E,Corrugated Packaging,Packaging,0.2,2275.68,USD,32,100,SUP-00650
PRD-00317,SKU-SYN-51726,Printed Circuit Boards Grade-F,Printed Circuit Boards,Copper,0.35,1604.25,USD,19,100,SUP-00138
PRD-00318,SKU-SYN-94878,Industrial Resins & Plastics Grade-G,Industrial Resins & Plastics,Crude Oil / Polymers,0.7,$2565.89,USD,20,500,SUP-00714
PRD-00319,SKU-SYN-10078,Industrial Resins & Plastics Grade-H,Industrial Resins & Plastics,Crude Oil / Polymers,0.7,2827.97,USD,23,500,SUP-00321
PRD-00320,SKU-SYN-96959,corrugated packaging grade-320,,Packaging,0.2,2692.04,USD,62,250,SUP-99999
PRD-00321,SKU-SYN-15920,Heavy Engine Castings Grade-J,Heavy Engine Castings,Steel,0.5,2110.04,USD,54,500,SUP-00416
PRD-00322,SKU-SYN-44859,Synthetic Lubricants Grade-K,Synthetic Lubricants,Crude Oil / Polymers,0.8,1307.35,USD,10,100,SUP-00308
PRD-00323,SKU-SYN-20518,Copper Conductors & Wiring Grade-L,Copper Conductors & Wiring,Copper,0.65,695.52,USD,35,250,SUP-00886
PRD-00324,sku_324,Printed Circuit Boards Grade-M,Printed Circuit Boards,Copper,0.35,$2688.27,USD,-10,250,SUP-00073
PRD-00325,SKU-SYN-44098,Printed Circuit Boards Grade-N,Printed Circuit Boards,Copper,0.35,-1580.17,USD,24,100,SUP-00458
PRD-00326,SKU-SYN-96038,Synthetic Lubricants Grade-O,Synthetic Lubricants,Crude Oil / Polymers,0.8,457.08,USD,59,250,SUP-00001
PRD-00327,SKU-SYN-66827,Copper Conductors & Wiring Grade-P,Copper Conductors & Wiring,Copper,0.65,563.21,USD,56,500,SUP-00379
PRD-00328,SKU-SYN-41512,Printed Circuit Boards Grade-Q,,Copper,0.35,64.94,USD,58,100,SUP-00504
PRD-00329,SKU-SYN-61792,Heavy Engine Castings Grade-R,Heavy Engine Castings,Steel,0.5,2135.44,USD,30,100,SUP-00715
PRD-00330,SKU-SYN-29475,synthetic lubricants grade-330,Synthetic Lubricants,Crude Oil / Polymers,0.8,$2308.76,USD,11,500 units,SUP-00290
PRD-00331,SKU-SYN-38594,Heavy Engine Castings Grade-T,Heavy Engine Castings,Steel,0.5,1654.06,USD,58,500 units,SUP-00576
PRD-00332,SKU-SYN-82482,Heavy Engine Castings Grade-U,Heavy Engine Castings,Steel,0.5,979.23,USD,64,250,SUP-00667
PRD-00333,SKU-SYN-33084,Copper Conductors & Wiring Grade-V,Copper Conductors & Wiring,Copper,0.65,3195.44,USD,13,250,SUP-00701
PRD-00334,SKU-SYN-67027,Heavy Engine Castings Grade-W,Heavy Engine Castings,Steel,0.5,1785.11,USD,88,100,SUP-00842
PRD-00335,SKU-SYN-68172,Industrial Resins & Plastics Grade-X,Industrial Resins & Plastics,Crude Oil / Polymers,0.7,589.74,USD,43,500 units,SUP-00030
PRD-00336,sku_336,Copper Conductors & Wiring Grade-Y,,Copper,0.65,$537.91,USD,28,500 units,SUP-00701
PRD-00337,SKU-SYN-78043,Corrugated Packaging Grade-Z,Corrugated Packaging,Packaging,0.2,202.27,USD,52,500,SUP-00752
PRD-00338,SKU-SYN-69568,Corrugated Packaging Grade-A,Corrugated Packaging,Packaging,0.2,1623.62,USD,67,500,SUP-00690
PRD-00339,SKU-SYN-47142,Printed Circuit Boards Grade-B,Printed Circuit Boards,Copper,0.35,1931.71,USD,78,500,SUP-00363
PRD-00340,SKU-SYN-62413,synthetic lubricants grade-340,Synthetic Lubricants,Crude Oil / Polymers,0.8,2678.19,USD,13,,SUP-99999
PRD-00341,SKU-SYN-95570,Copper Conductors & Wiring Grade-D,Copper Conductors & Wiring,Copper,0.65,611.59,USD,69,500,SUP-00894
PRD-00342,SKU-SYN-59991,Heavy Engine Castings Grade-E,Heavy Engine Castings,Steel,0.5,$520.99,USD,-10,100,SUP-00410
PRD-00343,SKU-SYN-46342,Corrugated Packaging Grade-F,Corrugated Packaging,Packaging,0.2,1549.02,USD,22,250,SUP-00268
PRD-00344,SKU-SYN-77048,Copper Conductors & Wiring Grade-G,,Copper,0.65,2205.42,USD,53,100,SUP-00645
PRD-00345,SKU-SYN-93686,Corrugated Packaging Grade-H,Corrugated Packaging,Packaging,0.2,3167.67,USD,42,500,SUP-00429
PRD-00346,SKU-SYN-26274,Copper Conductors & Wiring Grade-I,Copper Conductors & Wiring,Copper,0.65,1837.48,USD,27,250,SUP-00668
PRD-00347,SKU-SYN-31504,Synthetic Lubricants Grade-J,Synthetic Lubricants,Crude Oil / Polymers,0.8,2130.38,USD,57,250,SUP-00523
PRD-00348,sku_348,Copper Conductors & Wiring Grade-K,Copper Conductors & Wiring,Copper,0.65,$2148.66,USD,51,500,SUP-00937
PRD-00349,SKU-SYN-51549,Heavy Engine Castings Grade-L,Heavy Engine Castings,Steel,0.5,152.46,USD,18,500 units,SUP-00602
PRD-00350,SKU-SYN-86857,industrial resins & plastics grade-350,Industrial Resins & Plastics,Crude Oil / Polymers,0.7,-1806.68,USD,35,500 units,SUP-00253
PRD-00351,SKU-SYN-35737,Synthetic Lubricants Grade-N,Synthetic Lubricants,Crude Oil / Polymers,0.8,2699.48,USD,57,,SUP-00778
PRD-00352,SKU-SYN-81357,Heavy Engine Castings Grade-O,,Steel,0.5,296.2,USD,40,500,SUP-00234
PRD-00353,SKU-SYN-75608,Synthetic Lubricants Grade-P,Synthetic Lubricants,Crude Oil / Polymers,0.8,2104.33,USD,82,500 units,SUP-00555
PRD-00354,SKU-SYN-47462,Industrial Resins & Plastics Grade-Q,Industrial Resins & Plastics,Crude Oil / Polymers,0.7,$2996.12,USD,55,,SUP-00622
PRD-00355,SKU-SYN-99205,Corrugated Packaging Grade-R,Corrugated Packaging,Packaging,0.2,641.35,USD,66,500,SUP-00675
PRD-00356,SKU-SYN-98158,Industrial Resins & Plastics Grade-S,Industrial Resins & Plastics,Crude Oil / Polymers,0.7,1371.65,USD,62,100,SUP-00153
PRD-00357,SKU-SYN-82015,Industrial Resins & Plastics Grade-T,Industrial Resins & Plastics,Crude Oil / Polymers,0.7,868.43,USD,84,100,SUP-00167
PRD-00358,SKU-SYN-55253,Heavy Engine Castings Grade-U,Heavy Engine Castings,Steel,0.5,2841.3,USD,45,,SUP-00034
PRD-00359,SKU-SYN-83193,Corrugated Packaging Grade-V,Corrugated Packaging,Packaging,0.2,1782.76,USD,13,,SUP-00500
PRD-00360,sku_360,corrugated packaging grade-360,,Packaging,0.2,$53.36,USD,-10,,SUP-99999
PRD-00361,SKU-SYN-62920,Heavy Engine Castings Grade-X,Heavy Engine Castings,Steel,0.5,2922.39,USD,75,250,SUP-00091
PRD-00362,SKU-SYN-43378,Corrugated Packaging Grade-Y,Corrugated Packaging,Packaging,0.2,1852.56,USD,10,500,SUP-00720
PRD-00363,SKU-SYN-83575,Copper Conductors & Wiring Grade-Z,Copper Conductors & Wiring,Copper,0.65,86.7,USD,40,100,SUP-00931
PRD-00364,SKU-SYN-85214,Synthetic Lubricants Grade-A,Synthetic Lubricants,Crude Oil / Polymers,0.8,2888.49,USD,65,100,SUP-00803
PRD-00365,SKU-SYN-91430,Corrugated Packaging Grade-B,Corrugated Packaging,Packaging,0.2,3057.84,USD,8,500,SUP-00822
PRD-00366,SKU-SYN-48877,Heavy Engine Castings Grade-C,Heavy Engine Castings,Steel,0.5,$2316.46,USD,5,100,SUP-00576
PRD-00367,SKU-SYN-32115,Copper Conductors & Wiring Grade-D,Copper Conductors & Wiring,Copper,0.65,503.55,USD,26,,SUP-00007
PRD-00368,SKU-SYN-21190,Synthetic Lubricants Grade-E,,Crude Oil / Polymers,0.8,598.97,USD,49,500 units,SUP-00999
PRD-00369,SKU-SYN-73531,Heavy Engine Castings Grade-F,Heavy Engine Castings,Steel,0.5,714.79,USD,26,500,SUP-00003
PRD-00370,SKU-SYN-56385,corrugated packaging grade-370,Corrugated Packaging,Packaging,0.2,2508.6,USD,68,500,SUP-00152
PRD-00371,SKU-SYN-67723,Synthetic Lubricants Grade-H,Synthetic Lubricants,Crude Oil / Polymers,0.8,1386.56,USD,51,500 units,SUP-00393
PRD-00372,sku_372,Synthetic Lubricants Grade-I,Synthetic Lubricants,Crude Oil / Polymers,0.8,$1899.9,USD,37,500 units,SUP-00675
PRD-00373,SKU-SYN-99174,Corrugated Packaging Grade-J,Corrugated Packaging,Packaging,0.2,1454.45,USD,34,250,SUP-00123
PRD-00374,SKU-SYN-51623,Synthetic Lubricants Grade-K,Synthetic Lubricants,Crude Oil / Polymers,0.8,2561.94,USD,88,250,SUP-00204
PRD-00375,SKU-SYN-51549,Heavy Engine Castings Grade-L,Heavy Engine Castings,Steel,0.5,-2736.06,USD,27,500 units,SUP-00504
PRD-00376,SKU-SYN-15637,Industrial Resins & Plastics Grade-M,,Crude Oil / Polymers,0.7,1751.14,USD,19,500,SUP-00029
PRD-00377,SKU-SYN-89979,Heavy Engine Castings Grade-N,Heavy Engine Castings,Steel,0.5,2490.38,USD,54,,SUP-00762
PRD-00378,SKU-SYN-15034,Corrugated Packaging Grade-O,Corrugated Packaging,Packaging,0.2,$3067.42,USD,-10,,SUP-00559
PRD-00379,SKU-SYN-72383,Industrial Resins & Plastics Grade-P,Industrial Resins & Plastics,Crude Oil / Polymers,0.7,2506.27,USD,37,100,SUP-00840
PRD-00380,SKU-SYN-16045,copper conductors & wiring grade-380,Copper Conductors & Wiring,Copper,0.65,2717.35,USD,33,250,SUP-99999
PRD-00381,SKU-SYN-61281,Printed Circuit Boards Grade-R,Printed Circuit Boards,Copper,0.35,1114.83,USD,89,250,SUP-00892
PRD-00382,SKU-SYN-26097,Heavy Engine Castings Grade-S,Heavy Engine Castings,Steel,0.5,2776.18,USD,78,,SUP-00082
PRD-00383,SKU-SYN-59302,Printed Circuit Boards Grade-T,Printed Circuit Boards,Copper,0.35,2029.03,USD,58,100,SUP-00101
PRD-00384,sku_384,Heavy Engine Castings Grade-U,,Steel,0.5,$2674.42,USD,51,100,SUP-00396
PRD-00385,SKU-SYN-84229,Copper Conductors & Wiring Grade-V,Copper Conductors & Wiring,Copper,0.65,3071.44,USD,83,500,SUP-00467
PRD-00386,SKU-SYN-10510,Synthetic Lubricants Grade-W,Synthetic Lubricants,Crude Oil / Polymers,0.8,2599.09,USD,6,500,SUP-00512
PRD-00387,SKU-SYN-90183,Corrugated Packaging Grade-X,Corrugated Packaging,Packaging,0.2,1212.81,USD,35,250,SUP-00378
PRD-00388,SKU-SYN-87469,Corrugated Packaging Grade-Y,Corrugated Packaging,Packaging,0.2,371.29,USD,52,250,SUP-00879
PRD-00389,SKU-SYN-62705,Heavy Engine Castings Grade-Z,Heavy Engine Castings,Steel,0.5,63.89,USD,53,500,SUP-00972
PRD-00390,SKU-SYN-67169,printed circuit boards grade-390,Printed Circuit Boards,Copper,0.35,$663.59,USD,13,500,SUP-00967
PRD-00391,SKU-SYN-40498,Synthetic Lubricants Grade-B,Synthetic Lubricants,Crude Oil / Polymers,0.8,1938.29,USD,11,100,SUP-00015
PRD-00392,SKU-SYN-90107,Printed Circuit Boards Grade-C,,Copper,0.35,917.67,USD,65,250,SUP-00457
PRD-00393,SKU-SYN-11527,Industrial Resins & Plastics Grade-D,Industrial Resins & Plastics,Crude Oil / Polymers,0.7,2202.43,USD,63,500 units,SUP-00919
PRD-00394,SKU-SYN-66263,Corrugated Packaging Grade-E,Corrugated Packaging,Packaging,0.2,674.71,USD,53,100,SUP-00808
PRD-00395,SKU-SYN-37732,Corrugated Packaging Grade-F,Corrugated Packaging,Packaging,0.2,1787.93,USD,61,100,SUP-00217
PRD-00396,sku_396,Corrugated Packaging Grade-G,Corrugated Packaging,Packaging,0.2,$3045.25,USD,-10,500 units,SUP-00802
PRD-00397,SKU-SYN-10733,Heavy Engine Castings Grade-H,Heavy Engine Castings,Steel,0.5,1673.65,USD,14,,SUP-00892
PRD-00398,SKU-SYN-21322,Printed Circuit Boards Grade-I,Printed Circuit Boards,Copper,0.35,2661.3,USD,74,,SUP-00068
PRD-00399,SKU-SYN-75642,Copper Conductors & Wiring Grade-J,Copper Conductors & Wiring,Copper,0.65,1473.54,USD,29,500,SUP-00337
PRD-00400,SKU-SYN-54506,copper conductors & wiring grade-400,,Copper,0.65,-849.08,USD,14,,SUP-99999
PRD-00401,SKU-SYN-28115,Printed Circuit Boards Grade-L,Printed Circuit Boards,Copper,0.35,904.53,USD,41,250,SUP-00398
PRD-00402,SKU-SYN-11479,Copper Conductors & Wiring Grade-M,Copper Conductors & Wiring,Copper,0.65,$2512.75,USD,52,,SUP-00779
PRD-00403,SKU-SYN-36785,Synthetic Lubricants Grade-N,Synthetic Lubricants,Crude Oil / Polymers,0.8,1191.37,USD,20,250,SUP-00671
PRD-00404,SKU-SYN-41801,Corrugated Packaging Grade-O,Corrugated Packaging,Packaging,0.2,699.97,USD,40,500,SUP-00075
PRD-00405,SKU-SYN-83848,Printed Circuit Boards Grade-P,Printed Circuit Boards,Copper,0.35,1746.8,USD,16,500,SUP-00640
PRD-00406,SKU-SYN-79533,Heavy Engine Castings Grade-Q,Heavy Engine Castings,Steel,0.5,1634.12,USD,24,500 units,SUP-00472
PRD-00407,SKU-SYN-59604,Heavy Engine Castings Grade-R,Heavy Engine Castings,Steel,0.5,78.82,USD,20,250,SUP-00220
PRD-00408,sku_408,Industrial Resins & Plastics Grade-S,,Crude Oil / Polymers,0.7,$2663.9,USD,86,,SUP-00817
PRD-00409,SKU-SYN-46117,Printed Circuit Boards Grade-T,Printed Circuit Boards,Copper,0.35,1313.73,USD,57,500,SUP-00770
PRD-00410,SKU-SYN-79263,industrial resins & plastics grade-410,Industrial Resins & Plastics,Crude Oil / Polymers,0.7,2736.86,USD,54,100,SUP-00850
PRD-00411,SKU-SYN-31617,Printed Circuit Boards Grade-V,Printed Circuit Boards,Copper,0.35,1496.83,USD,36,,SUP-00800
PRD-00412,SKU-SYN-96405,Printed Circuit Boards Grade-W,Printed Circuit Boards,Copper,0.35,678.86,USD,56,100,SUP-00392
PRD-00413,SKU-SYN-90372,Heavy Engine Castings Grade-X,Heavy Engine Castings,Steel,0.5,3119.19,USD,40,500 units,SUP-00321
PRD-00414,SKU-SYN-74412,Corrugated Packaging Grade-Y,Corrugated Packaging,Packaging,0.2,$348.65,USD,-10,500,SUP-00482
PRD-00415,SKU-SYN-97099,Printed Circuit Boards Grade-Z,Printed Circuit Boards,Copper,0.35,2030.97,USD,90,500,SUP-00791
PRD-00416,SKU-SYN-19418,Synthetic Lubricants Grade-A,,Crude Oil / Polymers,0.8,2127.14,USD,21,500 units,SUP-00372
PRD-00417,SKU-SYN-51512,Synthetic Lubricants Grade-B,Synthetic Lubricants,Crude Oil / Polymers,0.8,1980.2,USD,9,500,SUP-00728
PRD-00418,SKU-SYN-84478,Corrugated Packaging Grade-C,Corrugated Packaging,Packaging,0.2,3090.04,USD,14,500 units,SUP-00923
PRD-00419,SKU-SYN-41250,Industrial Resins & Plastics Grade-D,Industrial Resins & Plastics,Crude Oil / Polymers,0.7,1337.02,USD,10,100,SUP-00097
PRD-00420,sku_420,copper conductors & wiring grade-420,Copper Conductors & Wiring,Copper,0.65,$2726.03,USD,48,250,SUP-99999
PRD-00421,SKU-SYN-21154,Heavy Engine Castings Grade-F,Heavy Engine Castings,Steel,0.5,633.37,USD,72,,SUP-00041
PRD-00422,SKU-SYN-89779,Printed Circuit Boards Grade-G,Printed Circuit Boards,Copper,0.35,1608.06,USD,86,500,SUP-00039
PRD-00423,SKU-SYN-15402,Synthetic Lubricants Grade-H,Synthetic Lubricants,Crude Oil / Polymers,0.8,1961.58,USD,77,500,SUP-00670
PRD-00424,SKU-SYN-60570,Synthetic Lubricants Grade-I,,Crude Oil / Polymers,0.8,821.15,USD,50,,SUP-00978
PRD-00425,SKU-SYN-47755,Corrugated Packaging Grade-J,Corrugated Packaging,Packaging,0.2,-1315.79,USD,61,250,SUP-00529
PRD-00426,SKU-SYN-58337,Heavy Engine Castings Grade-K,Heavy Engine Castings,Steel,0.5,$3178.13,USD,62,500,SUP-00080
PRD-00427,SKU-SYN-99055,Synthetic Lubricants Grade-L,Synthetic Lubricants,Crude Oil / Polymers,0.8,2985.66,USD,88,250,SUP-00450
PRD-00428,SKU-SYN-45574,Printed Circuit Boards Grade-M,Printed Circuit Boards,Copper,0.35,2066.67,USD,19,100,SUP-00842
PRD-00429,SKU-SYN-24352,Copper Conductors & Wiring Grade-N,Copper Conductors & Wiring,Copper,0.65,2744.76,USD,81,250,SUP-00876
PRD-00430,SKU-SYN-50195,industrial resins & plastics grade-430,Industrial Resins & Plastics,Crude Oil / Polymers,0.7,903.19,USD,24,500 units,SUP-00167
PRD-00431,SKU-SYN-45152,Synthetic Lubricants Grade-P,Synthetic Lubricants,Crude Oil / Polymers,0.8,2289.62,USD,36,,SUP-00211
PRD-00432,sku_432,Industrial Resins & Plastics Grade-Q,,Crude Oil / Polymers,0.7,$3102.34,USD,-10,500 units,SUP-00489
PRD-00433,SKU-SYN-36859,Printed Circuit Boards Grade-R,Printed Circuit Boards,Copper,0.35,2845.78,USD,38,100,SUP-00339
PRD-00434,SKU-SYN-23588,Corrugated Packaging Grade-S,Corrugated Packaging,Packaging,0.2,1693.66,USD,12,250,SUP-00617
PRD-00435,SKU-SYN-76963,Corrugated Packaging Grade-T,Corrugated Packaging,Packaging,0.2,2694.73,USD,87,100,SUP-00380
PRD-00436,SKU-SYN-21271,Synthetic Lubricants Grade-U,Synthetic Lubricants,Crude Oil / Polymers,0.8,142.43,USD,5,500,SUP-00145
PRD-00437,SKU-SYN-48904,Industrial Resins & Plastics Grade-V,Industrial Resins & Plastics,Crude Oil / Polymers,0.7,2523.16,USD,43,250,SUP-00041
PRD-00438,SKU-SYN-33275,Heavy Engine Castings Grade-W,Heavy Engine Castings,Steel,0.5,$1208.8,USD,72,100,SUP-00838
PRD-00439,SKU-SYN-52253,Corrugated Packaging Grade-X,Corrugated Packaging,Packaging,0.2,2002.85,USD,18,,SUP-00244
PRD-00440,SKU-SYN-28005,printed circuit boards grade-440,,Copper,0.35,304.03,USD,77,100,SUP-99999
PRD-00441,SKU-SYN-43332,Copper Conductors & Wiring Grade-Z,Copper Conductors & Wiring,Copper,0.65,893.74,USD,7,,SUP-00441
PRD-00442,SKU-SYN-93519,Copper Conductors & Wiring Grade-A,Copper Conductors & Wiring,Copper,0.65,2548.32,USD,74,250,SUP-00795
PRD-00443,SKU-SYN-99976,Heavy Engine Castings Grade-B,Heavy Engine Castings,Steel,0.5,3014.92,USD,67,,SUP-00610
PRD-00444,sku_444,Synthetic Lubricants Grade-C,Synthetic Lubricants,Crude Oil / Polymers,0.8,$3094.42,USD,64,,SUP-00445
PRD-00445,SKU-SYN-67328,Copper Conductors & Wiring Grade-D,Copper Conductors & Wiring,Copper,0.65,412.91,USD,56,500 units,SUP-00731
PRD-00446,SKU-SYN-28258,Industrial Resins & Plastics Grade-E,Industrial Resins & Plastics,Crude Oil / Polymers,0.7,1800.74,USD,61,500,SUP-00105
PRD-00447,SKU-SYN-32278,Corrugated Packaging Grade-F,Corrugated Packaging,Packaging,0.2,2355.86,USD,32,100,SUP-00762
PRD-00448,SKU-SYN-18331,Corrugated Packaging Grade-G,,Packaging,0.2,1567.78,USD,27,500 units,SUP-00060
PRD-00449,SKU-SYN-45114,Copper Conductors & Wiring Grade-H,Copper Conductors & Wiring,Copper,0.65,1511.28,USD,63,500,SUP-00198
PRD-00450,SKU-SYN-36692,synthetic lubricants grade-450,Synthetic Lubricants,Crude Oil / Polymers,0.8,$2875.21,USD,-10,100,SUP-00975
PRD-00451,SKU-SYN-72083,Synthetic Lubricants Grade-J,Synthetic Lubricants,Crude Oil / Polymers,0.8,849.48,USD,23,500,SUP-00390
PRD-00452,SKU-SYN-50374,Copper Conductors & Wiring Grade-K,Copper Conductors & Wiring,Copper,0.65,2132.55,USD,43,250,SUP-00272
PRD-00453,SKU-SYN-86459,Industrial Resins & Plastics Grade-L,Industrial Resins & Plastics,Crude Oil / Polymers,0.7,3019.24,USD,79,500 units,SUP-00955
PRD-00454,SKU-SYN-48543,Synthetic Lubricants Grade-M,Synthetic Lubricants,Crude Oil / Polymers,0.8,824.25,USD,88,,SUP-00128
PRD-00455,SKU-SYN-65001,Corrugated Packaging Grade-N,Corrugated Packaging,Packaging,0.2,3037.95,USD,51,,SUP-00561
PRD-00456,sku_456,Heavy Engine Castings Grade-O,,Steel,0.5,$583.16,USD,12,100,SUP-00759
PRD-00457,SKU-SYN-48712,Synthetic Lubricants Grade-P,Synthetic Lubricants,Crude Oil / Polymers,0.8,421.09,USD,66,500 units,SUP-00962
PRD-00458,SKU-SYN-82590,Synthetic Lubricants Grade-Q,Synthetic Lubricants,Crude Oil / Polymers,0.8,1972.47,USD,54,500 units,SUP-00124
PRD-00459,SKU-SYN-67738,Synthetic Lubricants Grade-R,Synthetic Lubricants,Crude Oil / Polymers,0.8,1797.42,USD,37,500,SUP-00357
PRD-00460,SKU-SYN-62359,corrugated packaging grade-460,Corrugated Packaging,Packaging,0.2,1815.42,USD,13,250,SUP-99999
PRD-00461,SKU-SYN-72191,Heavy Engine Castings Grade-T,Heavy Engine Castings,Steel,0.5,2489.67,USD,16,100,SUP-00521
PRD-00462,SKU-SYN-41296,Heavy Engine Castings Grade-U,Heavy Engine Castings,Steel,0.5,$596.57,USD,64,500 units,SUP-00181
PRD-00463,SKU-SYN-16666,Corrugated Packaging Grade-V,Corrugated Packaging,Packaging,0.2,900.55,USD,79,100,SUP-00376
PRD-00464,SKU-SYN-74416,Copper Conductors & Wiring Grade-W,,Copper,0.65,614.89,USD,74,500 units,SUP-00015
PRD-00465,SKU-SYN-58613,Copper Conductors & Wiring Grade-X,Copper Conductors & Wiring,Copper,0.65,836.95,USD,36,100,SUP-00569
PRD-00466,SKU-SYN-35405,Synthetic Lubricants Grade-Y,Synthetic Lubricants,Crude Oil / Polymers,0.8,2761.78,USD,55,500,SUP-00519
PRD-00467,SKU-SYN-71830,Heavy Engine Castings Grade-Z,Heavy Engine Castings,Steel,0.5,2448.77,USD,6,500,SUP-00040
PRD-00468,sku_468,Synthetic Lubricants Grade-A,Synthetic Lubricants,Crude Oil / Polymers,0.8,$1333.21,USD,-10,500,SUP-00617
PRD-00469,SKU-SYN-66151,Synthetic Lubricants Grade-B,Synthetic Lubricants,Crude Oil / Polymers,0.8,456.96,USD,64,250,SUP-00492
PRD-00470,SKU-SYN-73998,synthetic lubricants grade-470,Synthetic Lubricants,Crude Oil / Polymers,0.8,1165.72,USD,62,500 units,SUP-00039
PRD-00471,SKU-SYN-63892,Printed Circuit Boards Grade-D,Printed Circuit Boards,Copper,0.35,2328.97,USD,62,500 units,SUP-00619
PRD-00472,SKU-SYN-69867,Printed Circuit Boards Grade-E,,Copper,0.35,141.14,USD,35,250,SUP-00531
PRD-00473,SKU-SYN-72499,Synthetic Lubricants Grade-F,Synthetic Lubricants,Crude Oil / Polymers,0.8,2310.62,USD,28,100,SUP-00186
PRD-00474,SKU-SYN-22099,Heavy Engine Castings Grade-G,Heavy Engine Castings,Steel,0.5,$1158.84,USD,72,,SUP-00328
PRD-00475,SKU-SYN-92745,Synthetic Lubricants Grade-H,Synthetic Lubricants,Crude Oil / Polymers,0.8,-2172.7,USD,51,,SUP-00147
PRD-00476,SKU-SYN-28400,Printed Circuit Boards Grade-I,Printed Circuit Boards,Copper,0.35,1865.2,USD,50,500 units,SUP-00789
PRD-00477,SKU-SYN-63388,Synthetic Lubricants Grade-J,Synthetic Lubricants,Crude Oil / Polymers,0.8,1923.47,USD,34,,SUP-00225
PRD-00478,SKU-SYN-36860,Copper Conductors & Wiring Grade-K,Copper Conductors & Wiring,Copper,0.65,3164.45,USD,33,100,SUP-00319
PRD-00479,SKU-SYN-47371,Printed Circuit Boards Grade-L,Printed Circuit Boards,Copper,0.35,157.17,USD,87,250,SUP-00435
PRD-00480,sku_480,copper conductors & wiring grade-480,,Copper,0.65,$809.13,USD,11,,SUP-99999
PRD-00481,SKU-SYN-78476,Industrial Resins & Plastics Grade-N,Industrial Resins & Plastics,Crude Oil / Polymers,0.7,399.71,USD,17,250,SUP-00718
PRD-00482,SKU-SYN-90206,Copper Conductors & Wiring Grade-O,Copper Conductors & Wiring,Copper,0.65,2065.01,USD,28,,SUP-00454
PRD-00483,SKU-SYN-66331,Corrugated Packaging Grade-P,Corrugated Packaging,Packaging,0.2,2273.09,USD,61,250,SUP-00868
PRD-00484,SKU-SYN-58695,Industrial Resins & Plastics Grade-Q,Industrial Resins & Plastics,Crude Oil / Polymers,0.7,3116.07,USD,55,250,SUP-00256
PRD-00485,SKU-SYN-97109,Corrugated Packaging Grade-R,Corrugated Packaging,Packaging,0.2,2715.0,USD,21,500 units,SUP-00881
PRD-00486,SKU-SYN-45665,Copper Conductors & Wiring Grade-S,Copper Conductors & Wiring,Copper,0.65,$476.44,USD,-10,500 units,SUP-00247
PRD-00487,SKU-SYN-37793,Industrial Resins & Plastics Grade-T,Industrial Resins & Plastics,Crude Oil / Polymers,0.7,1764.1,USD,84,500,SUP-00720
PRD-00488,SKU-SYN-61384,Corrugated Packaging Grade-U,,Packaging,0.2,853.94,USD,14,100,SUP-00438
PRD-00489,SKU-SYN-49676,Synthetic Lubricants Grade-V,Synthetic Lubricants,Crude Oil / Polymers,0.8,2058.99,USD,54,100,SUP-00083
PRD-00490,SKU-SYN-34110,industrial resins & plastics grade-490,Industrial Resins & Plastics,Crude Oil / Polymers,0.7,2662.59,USD,30,250,SUP-00869
PRD-00491,SKU-SYN-91396,Industrial Resins & Plastics Grade-X,Industrial Resins & Plastics,Crude Oil / Polymers,0.7,2918.8,USD,13,500 units,SUP-00830
PRD-00492,sku_492,Corrugated Packaging Grade-Y,Corrugated Packaging,Packaging,0.2,$2040.48,USD,31,,SUP-00431
PRD-00493,SKU-SYN-74998,Copper Conductors & Wiring Grade-Z,Copper Conductors & Wiring,Copper,0.65,2144.27,USD,77,500,SUP-00447
PRD-00494,SKU-SYN-79073,Printed Circuit Boards Grade-A,Printed Circuit Boards,Copper,0.35,2290.26,USD,73,500,SUP-00847
PRD-00495,SKU-SYN-37235,Industrial Resins & Plastics Grade-B,Industrial Resins & Plastics,Crude Oil / Polymers,0.7,771.21,USD,23,100,SUP-00953
PRD-00496,SKU-SYN-47402,Industrial Resins & Plastics Grade-C,,Crude Oil / Polymers,0.7,1960.18,USD,18,500 units,SUP-00023
PRD-00497,SKU-SYN-27770,Synthetic Lubricants Grade-D,Synthetic Lubricants,Crude Oil / Polymers,0.8,926.76,USD,89,250,SUP-00917
PRD-00498,SKU-SYN-75703,Corrugated Packaging Grade-E,Corrugated Packaging,Packaging,0.2,$641.32,USD,59,250,SUP-00227
PRD-00499,SKU-SYN-35772,Synthetic Lubricants Grade-F,Synthetic Lubricants,Crude Oil / Polymers,0.8,2794.25,USD,6,500 units,SUP-00854
PRD-00500,SKU-SYN-92186,printed circuit boards grade-500,Printed Circuit Boards,Copper,0.35,-1209.16,USD,70,500 units,SUP-99999
PRD-00501,SKU-SYN-25816,Industrial Resins & Plastics Grade-H,Industrial Resins & Plastics,Crude Oil / Polymers,0.7,1899.8,USD,11,250,SUP-00997
PRD-00502,SKU-SYN-66902,Synthetic Lubricants Grade-I,Synthetic Lubricants,Crude Oil / Polymers,0.8,1289.71,USD,74,500,SUP-00411
PRD-00503,SKU-SYN-41794,Printed Circuit Boards Grade-J,Printed Circuit Boards,Copper,0.35,901.75,USD,89,250,SUP-00242
PRD-00504,sku_504,Copper Conductors & Wiring Grade-K,,Copper,0.65,$2942.15,USD,-10,500,SUP-00922
PRD-00505,SKU-SYN-45968,Heavy Engine Castings Grade-L,Heavy Engine Castings,Steel,0.5,1973.83,USD,23,,SUP-00700
PRD-00506,SKU-SYN-56672,Printed Circuit Boards Grade-M,Printed Circuit Boards,Copper,0.35,1282.02,USD,56,,SUP-00861
PRD-00507,SKU-SYN-14813,Industrial Resins & Plastics Grade-N,Industrial Resins & Plastics,Crude Oil / Polymers,0.7,2513.31,USD,83,500,SUP-00229
PRD-00508,SKU-SYN-43779,Printed Circuit Boards Grade-O,Printed Circuit Boards,Copper,0.35,3092.91,USD,80,100,SUP-00637
PRD-00509,SKU-SYN-68249,Synthetic Lubricants Grade-P,Synthetic Lubricants,Crude Oil / Polymers,0.8,962.79,USD,48,500,SUP-00321
PRD-00510,SKU-SYN-37963,heavy engine castings grade-510,Heavy Engine Castings,Steel,0.5,$179.86,USD,29,100,SUP-00476
PRD-00511,SKU-SYN-46287,Synthetic Lubricants Grade-R,Synthetic Lubricants,Crude Oil / Polymers,0.8,2770.39,USD,54,,SUP-00049
PRD-00512,SKU-SYN-46122,Printed Circuit Boards Grade-S,,Copper,0.35,2005.23,USD,75,500,SUP-00773
PRD-00513,SKU-SYN-97718,Industrial Resins & Plastics Grade-T,Industrial Resins & Plastics,Crude Oil / Polymers,0.7,1604.26,USD,90,500 units,SUP-00474
PRD-00514,SKU-SYN-96943,Industrial Resins & Plastics Grade-U,Industrial Resins & Plastics,Crude Oil / Polymers,0.7,1739.34,USD,88,500,SUP-00969
PRD-00515,SKU-SYN-74575,Industrial Resins & Plastics Grade-V,Industrial Resins & Plastics,Crude Oil / Polymers,0.7,2688.23,USD,11,500,SUP-00280
PRD-00516,sku_516,Printed Circuit Boards Grade-W,Printed Circuit Boards,Copper,0.35,$759.1,USD,28,500,SUP-00689
PRD-00517,SKU-SYN-75330,Printed Circuit Boards Grade-X,Printed Circuit Boards,Copper,0.35,2214.06,USD,62,250,SUP-00697
PRD-00518,SKU-SYN-26101,Synthetic Lubricants Grade-Y,Synthetic Lubricants,Crude Oil / Polymers,0.8,2187.44,USD,58,250,SUP-00912
PRD-00519,SKU-SYN-20462,Heavy Engine Castings Grade-Z,Heavy Engine Castings,Steel,0.5,2011.27,USD,69,500 units,SUP-00235
PRD-00520,SKU-SYN-89218,copper conductors & wiring grade-520,,Copper,0.65,1981.09,USD,87,,SUP-99999
PRD-00521,SKU-SYN-58426,Industrial Resins & Plastics Grade-B,Industrial Resins & Plastics,Crude Oil / Polymers,0.7,1980.46,USD,26,100,SUP-00783
PRD-00522,SKU-SYN-72391,Printed Circuit Boards Grade-C,Printed Circuit Boards,Copper,0.35,$756.91,USD,-10,250,SUP-00983
PRD-00523,SKU-SYN-67999,Corrugated Packaging Grade-D,Corrugated Packaging,Packaging,0.2,882.58,USD,16,500,SUP-00351
PRD-00524,SKU-SYN-25482,Copper Conductors & Wiring Grade-E,Copper Conductors & Wiring,Copper,0.65,427.31,USD,86,250,SUP-00407
PRD-00525,SKU-SYN-19621,Heavy Engine Castings Grade-F,Heavy Engine Castings,Steel,0.5,-1057.67,USD,79,,SUP-00759
PRD-00526,SKU-SYN-65579,Printed Circuit Boards Grade-G,Printed Circuit Boards,Copper,0.35,1034.93,USD,8,250,SUP-00121
PRD-00527,SKU-SYN-89836,Synthetic Lubricants Grade-H,Synthetic Lubricants,Crude Oil / Polymers,0.8,3042.63,USD,9,250,SUP-00767
PRD-00528,sku_528,Copper Conductors & Wiring Grade-I,,Copper,0.65,$884.19,USD,21,250,SUP-00362
PRD-00529,SKU-SYN-65757,Industrial Resins & Plastics Grade-J,Industrial Resins & Plastics,Crude Oil / Polymers,0.7,2676.13,USD,87,250,SUP-00051
PRD-00530,SKU-SYN-61105,synthetic lubricants grade-530,Synthetic Lubricants,Crude Oil / Polymers,0.8,1790.41,USD,71,500,SUP-00445
PRD-00531,SKU-SYN-67282,Printed Circuit Boards Grade-L,Printed Circuit Boards,Copper,0.35,1159.25,USD,61,500,SUP-00844
PRD-00532,SKU-SYN-84593,Industrial Resins & Plastics Grade-M,Industrial Resins & Plastics,Crude Oil / Polymers,0.7,834.66,USD,52,500 units,SUP-00769
PRD-00533,SKU-SYN-78698,Printed Circuit Boards Grade-N,Printed Circuit Boards,Copper,0.35,711.73,USD,18,500 units,SUP-00316
PRD-00534,SKU-SYN-15615,Printed Circuit Boards Grade-O,Printed Circuit Boards,Copper,0.35,$2562.28,USD,24,500 units,SUP-00662
PRD-00535,SKU-SYN-16045,Synthetic Lubricants Grade-P,Synthetic Lubricants,Crude Oil / Polymers,0.8,214.38,USD,8,500 units,SUP-00458
PRD-00536,SKU-SYN-77170,Copper Conductors & Wiring Grade-Q,,Copper,0.65,1918.7,USD,83,250,SUP-00955
PRD-00537,SKU-SYN-95335,Industrial Resins & Plastics Grade-R,Industrial Resins & Plastics,Crude Oil / Polymers,0.7,517.13,USD,38,500 units,SUP-00690
PRD-00538,SKU-SYN-69496,Copper Conductors & Wiring Grade-S,Copper Conductors & Wiring,Copper,0.65,1749.35,USD,53,500 units,SUP-00327
PRD-00539,SKU-SYN-26551,Heavy Engine Castings Grade-T,Heavy Engine Castings,Steel,0.5,1348.45,USD,11,100,SUP-00767
PRD-00540,sku_540,copper conductors & wiring grade-540,Copper Conductors & Wiring,Copper,0.65,$2157.6,USD,-10,100,SUP-99999
PRD-00541,SKU-SYN-90324,Printed Circuit Boards Grade-V,Printed Circuit Boards,Copper,0.35,2611.83,USD,77,250,SUP-00051
PRD-00542,SKU-SYN-47878,Industrial Resins & Plastics Grade-W,Industrial Resins & Plastics,Crude Oil / Polymers,0.7,1667.73,USD,12,100,SUP-00677
PRD-00543,SKU-SYN-98067,Printed Circuit Boards Grade-X,Printed Circuit Boards,Copper,0.35,788.89,USD,64,500,SUP-00630
PRD-00544,SKU-SYN-23126,Printed Circuit Boards Grade-Y,,Copper,0.35,2498.52,USD,62,500 units,SUP-00747
PRD-00545,SKU-SYN-14632,Copper Conductors & Wiring Grade-Z,Copper Conductors & Wiring,Copper,0.65,365.4,USD,28,250,SUP-00229
PRD-00546,SKU-SYN-73481,Copper Conductors & Wiring Grade-A,Copper Conductors & Wiring,Copper,0.65,$1559.62,USD,18,500 units,SUP-00971
PRD-00547,SKU-SYN-59181,Copper Conductors & Wiring Grade-B,Copper Conductors & Wiring,Copper,0.65,1255.5,USD,45,,SUP-00399
PRD-00548,SKU-SYN-60897,Printed Circuit Boards Grade-C,Printed Circuit Boards,Copper,0.35,673.7,USD,17,500,SUP-00894
PRD-00549,SKU-SYN-94833,Printed Circuit Boards Grade-D,Printed Circuit Boards,Copper,0.35,988.04,USD,63,500 units,SUP-00104
PRD-00550,SKU-SYN-33609,industrial resins & plastics grade-550,Industrial Resins & Plastics,Crude Oil / Polymers,0.7,-2381.9,USD,68,100,SUP-00423
PRD-00551,SKU-SYN-18446,Industrial Resins & Plastics Grade-F,Industrial Resins & Plastics,Crude Oil / Polymers,0.7,1046.54,USD,52,250,SUP-00108
PRD-00552,sku_552,Corrugated Packaging Grade-G,,Packaging,0.2,$1633.71,USD,28,500,SUP-00471
PRD-00553,SKU-SYN-41597,Synthetic Lubricants Grade-H,Synthetic Lubricants,Crude Oil / Polymers,0.8,1991.83,USD,86,500 units,SUP-00514
PRD-00554,SKU-SYN-22865,Copper Conductors & Wiring Grade-I,Copper Conductors & Wiring,Copper,0.65,2313.32,USD,12,,SUP-00569
PRD-00555,SKU-SYN-27311,Synthetic Lubricants Grade-J,Synthetic Lubricants,Crude Oil / Polymers,0.8,213.13,USD,87,,SUP-00023
PRD-00556,SKU-SYN-35836,Printed Circuit Boards Grade-K,Printed Circuit Boards,Copper,0.35,1678.44,USD,74,,SUP-00032
PRD-00557,SKU-SYN-57449,Corrugated Packaging Grade-L,Corrugated Packaging,Packaging,0.2,1917.0,USD,20,,SUP-00891
PRD-00558,SKU-SYN-94264,Printed Circuit Boards Grade-M,Printed Circuit Boards,Copper,0.35,$3148.71,USD,-10,500,SUP-00435
PRD-00559,SKU-SYN-74142,Synthetic Lubricants Grade-N,Synthetic Lubricants,Crude Oil / Polymers,0.8,2543.68,USD,37,250,SUP-00510
PRD-00560,SKU-SYN-31303,industrial resins & plastics grade-560,,Crude Oil / Polymers,0.7,590.67,USD,43,500,SUP-99999
PRD-00561,SKU-SYN-13396,Synthetic Lubricants Grade-P,Synthetic Lubricants,Crude Oil / Polymers,0.8,1941.35,USD,55,,SUP-00653
PRD-00562,SKU-SYN-35542,Printed Circuit Boards Grade-Q,Printed Circuit Boards,Copper,0.35,370.21,USD,33,500,SUP-00137
PRD-00563,SKU-SYN-88413,Synthetic Lubricants Grade-R,Synthetic Lubricants,Crude Oil / Polymers,0.8,2526.45,USD,81,250,SUP-00065
PRD-00564,sku_564,Copper Conductors & Wiring Grade-S,Copper Conductors & Wiring,Copper,0.65,$878.34,USD,68,250,SUP-00650
PRD-00565,SKU-SYN-80895,Printed Circuit Boards Grade-T,Printed Circuit Boards,Copper,0.35,3020.97,USD,16,100,SUP-00892
PRD-00566,SKU-SYN-92450,Synthetic Lubricants Grade-U,Synthetic Lubricants,Crude Oil / Polymers,0.8,1566.53,USD,82,500,SUP-00301
PRD-00567,SKU-SYN-74459,Corrugated Packaging Grade-V,Corrugated Packaging,Packaging,0.2,1204.11,USD,25,500 units,SUP-00414
PRD-00568,SKU-SYN-97592,Printed Circuit Boards Grade-W,,Copper,0.35,547.93,USD,66,500 units,SUP-00548
PRD-00569,SKU-SYN-14855,Heavy Engine Castings Grade-X,Heavy Engine Castings,Steel,0.5,1190.19,USD,73,500,SUP-00833
PRD-00570,SKU-SYN-44329,heavy engine castings grade-570,Heavy Engine Castings,Steel,0.5,$2201.34,USD,18,500 units,SUP-00624
PRD-00571,SKU-SYN-23957,Industrial Resins & Plastics Grade-Z,Industrial Resins & Plastics,Crude Oil / Polymers,0.7,1737.15,USD,34,500 units,SUP-00174
PRD-00572,SKU-SYN-88447,Copper Conductors & Wiring Grade-A,Copper Conductors & Wiring,Copper,0.65,2935.14,USD,56,,SUP-00536
PRD-00573,SKU-SYN-89120,Heavy Engine Castings Grade-B,Heavy Engine Castings,Steel,0.5,2976.81,USD,59,250,SUP-00425
PRD-00574,SKU-SYN-63389,Heavy Engine Castings Grade-C,Heavy Engine Castings,Steel,0.5,1896.93,USD,27,500,SUP-00651
PRD-00575,SKU-SYN-89619,Corrugated Packaging Grade-D,Corrugated Packaging,Packaging,0.2,-2651.06,USD,41,500,SUP-00687
PRD-00576,sku_576,Corrugated Packaging Grade-E,,Packaging,0.2,$2268.99,USD,-10,100,SUP-00712
PRD-00577,SKU-SYN-47593,Heavy Engine Castings Grade-F,Heavy Engine Castings,Steel,0.5,2841.65,USD,15,250,SUP-00811
PRD-00578,SKU-SYN-53163,Industrial Resins & Plastics Grade-G,Industrial Resins & Plastics,Crude Oil / Polymers,0.7,1490.12,USD,41,500,SUP-00007
PRD-00579,SKU-SYN-47099,Industrial Resins & Plastics Grade-H,Industrial Resins & Plastics,Crude Oil / Polymers,0.7,539.62,USD,73,500 units,SUP-00411
PRD-00580,SKU-SYN-20086,heavy engine castings grade-580,Heavy Engine Castings,Steel,0.5,2738.18,USD,74,,SUP-99999
PRD-00581,SKU-SYN-79939,Heavy Engine Castings Grade-J,Heavy Engine Castings,Steel,0.5,1110.69,USD,20,250,SUP-00542
PRD-00582,SKU-SYN-22370,Copper Conductors & Wiring Grade-K,Copper Conductors & Wiring,Copper,0.65,$46.3,USD,58,,SUP-00713
PRD-00583,SKU-SYN-31226,Industrial Resins & Plastics Grade-L,Industrial Resins & Plastics,Crude Oil / Polymers,0.7,1129.96,USD,77,250,SUP-00834
PRD-00584,SKU-SYN-95876,Heavy Engine Castings Grade-M,,Steel,0.5,1879.63,USD,20,100,SUP-00554
PRD-00585,SKU-SYN-36361,Synthetic Lubricants Grade-N,Synthetic Lubricants,Crude Oil / Polymers,0.8,3168.78,USD,48,500,SUP-00155
PRD-00586,SKU-SYN-76689,Heavy Engine Castings Grade-O,Heavy Engine Castings,Steel,0.5,494.06,USD,51,100,SUP-00991
PRD-00587,SKU-SYN-49637,Synthetic Lubricants Grade-P,Synthetic Lubricants,Crude Oil / Polymers,0.8,786.61,USD,88,500 units,SUP-00225
PRD-00588,sku_588,Industrial Resins & Plastics Grade-Q,Industrial Resins & Plastics,Crude Oil / Polymers,0.7,$11.57,USD,82,500 units,SUP-00362
PRD-00589,SKU-SYN-51635,Corrugated Packaging Grade-R,Corrugated Packaging,Packaging,0.2,113.3,USD,35,500 units,SUP-00543
PRD-00590,SKU-SYN-24893,printed circuit boards grade-590,Printed Circuit Boards,Copper,0.35,1382.85,USD,58,,SUP-00792
PRD-00591,SKU-SYN-93776,Heavy Engine Castings Grade-T,Heavy Engine Castings,Steel,0.5,2476.76,USD,18,500,SUP-00797
PRD-00592,SKU-SYN-99864,Synthetic Lubricants Grade-U,,Crude Oil / Polymers,0.8,2172.43,USD,33,,SUP-00458
PRD-00593,SKU-SYN-31794,Copper Conductors & Wiring Grade-V,Copper Conductors & Wiring,Copper,0.65,2148.82,USD,59,100,SUP-00616
PRD-00594,SKU-SYN-91014,Printed Circuit Boards Grade-W,Printed Circuit Boards,Copper,0.35,$2854.16,USD,-10,500 units,SUP-00290
PRD-00595,SKU-SYN-38887,Synthetic Lubricants Grade-X,Synthetic Lubricants,Crude Oil / Polymers,0.8,2808.46,USD,77,250,SUP-00045
PRD-00596,SKU-SYN-42852,Corrugated Packaging Grade-Y,Corrugated Packaging,Packaging,0.2,2473.71,USD,44,250,SUP-00856
PRD-00597,SKU-SYN-32439,Industrial Resins & Plastics Grade-Z,Industrial Resins & Plastics,Crude Oil / Polymers,0.7,480.79,USD,49,,SUP-00771
PRD-00598,SKU-SYN-31342,Copper Conductors & Wiring Grade-A,Copper Conductors & Wiring,Copper,0.65,3056.84,USD,47,,SUP-00976
PRD-00599,SKU-SYN-37054,Corrugated Packaging Grade-B,Corrugated Packaging,Packaging,0.2,931.51,USD,9,100,SUP-00217
prd_600,sku_600,printed circuit boards grade-600,,Copper,0.35,$2925.77,USD,68,500,SUP-99999
PRD-00601,SKU-SYN-35496,Copper Conductors & Wiring Grade-D,Copper Conductors & Wiring,Copper,0.65,111.9,USD,22,,SUP-00313
PRD-00602,SKU-SYN-60331,Heavy Engine Castings Grade-E,Heavy Engine Castings,Steel,0.5,1230.25,USD,47,100,SUP-00919
PRD-00603,SKU-SYN-68404,Corrugated Packaging Grade-F,Corrugated Packaging,Packaging,0.2,2252.31,USD,27,500 units,SUP-00053
PRD-00604,SKU-SYN-21738,Heavy Engine Castings Grade-G,Heavy Engine Castings,Steel,0.5,1585.88,USD,29,500 units,SUP-00796
PRD-00605,SKU-SYN-66005,Heavy Engine Castings Grade-H,Heavy Engine Castings,Steel,0.5,488.47,USD,87,,SUP-00930
PRD-00606,SKU-SYN-53638,Printed Circuit Boards Grade-I,Printed Circuit Boards,Copper,0.35,$204.31,USD,65,500 units,SUP-00178
PRD-00607,SKU-SYN-19970,Copper Conductors & Wiring Grade-J,Copper Conductors & Wiring,Copper,0.65,3056.33,USD,16,,SUP-00595
PRD-00608,SKU-SYN-85219,Printed Circuit Boards Grade-K,,Copper,0.35,2043.91,USD,33,500,SUP-00837
PRD-00609,SKU-SYN-46867,Corrugated Packaging Grade-L,Corrugated Packaging,Packaging,0.2,2980.36,USD,20,250,SUP-00614
PRD-00610,SKU-SYN-70414,heavy engine castings grade-610,Heavy Engine Castings,Steel,0.5,864.1,USD,48,,SUP-00278
PRD-00611,SKU-SYN-46715,Printed Circuit Boards Grade-N,Printed Circuit Boards,Copper,0.35,1046.98,USD,62,500 units,SUP-00613
PRD-00612,sku_612,Corrugated Packaging Grade-O,Corrugated Packaging,Packaging,0.2,$70.79,USD,-10,100,SUP-00625
PRD-00613,SKU-SYN-43946,Copper Conductors & Wiring Grade-P,Copper Conductors & Wiring,Copper,0.65,1619.64,USD,86,250,SUP-00623
PRD-00614,SKU-SYN-35320,Copper Conductors & Wiring Grade-Q,Copper Conductors & Wiring,Copper,0.65,2282.27,USD,64,,SUP-00231
PRD-00615,SKU-SYN-55023,Industrial Resins & Plastics Grade-R,Industrial Resins & Plastics,Crude Oil / Polymers,0.7,2977.7,USD,81,500,SUP-00001
PRD-00616,SKU-SYN-54114,Printed Circuit Boards Grade-S,,Copper,0.35,2581.23,USD,85,250,SUP-00653
PRD-00617,SKU-SYN-32157,Printed Circuit Boards Grade-T,Printed Circuit Boards,Copper,0.35,726.81,USD,82,500,SUP-00837
PRD-00618,SKU-SYN-99080,Printed Circuit Boards Grade-U,Printed Circuit Boards,Copper,0.35,$2857.39,USD,84,100,SUP-00343
PRD-00619,SKU-SYN-82666,Synthetic Lubricants Grade-V,Synthetic Lubricants,Crude Oil / Polymers,0.8,410.64,USD,57,500,SUP-00935
PRD-00620,SKU-SYN-13387,printed circuit boards grade-620,Printed Circuit Boards,Copper,0.35,2021.32,USD,71,500 units,SUP-99999
PRD-00621,SKU-SYN-54100,Printed Circuit Boards Grade-X,Printed Circuit Boards,Copper,0.35,2170.8,USD,61,250,SUP-00012
PRD-00622,SKU-SYN-80591,Corrugated Packaging Grade-Y,Corrugated Packaging,Packaging,0.2,1505.02,USD,57,,SUP-00826
PRD-00623,SKU-SYN-61981,Printed Circuit Boards Grade-Z,Printed Circuit Boards,Copper,0.35,142.31,USD,73,250,SUP-00999
PRD-00624,sku_624,Synthetic Lubricants Grade-A,,Crude Oil / Polymers,0.8,$2146.68,USD,9,500 units,SUP-00567
PRD-00625,SKU-SYN-62824,Industrial Resins & Plastics Grade-B,Industrial Resins & Plastics,Crude Oil / Polymers,0.7,-3011.8,USD,9,100,SUP-00816
PRD-00626,SKU-SYN-35937,Printed Circuit Boards Grade-C,Printed Circuit Boards,Copper,0.35,698.25,USD,50,500,SUP-00780
PRD-00627,SKU-SYN-48544,Printed Circuit Boards Grade-D,Printed Circuit Boards,Copper,0.35,1366.01,USD,67,250,SUP-00781
PRD-00628,SKU-SYN-63662,Corrugated Packaging Grade-E,Corrugated Packaging,Packaging,0.2,2462.57,USD,86,,SUP-00662
PRD-00629,SKU-SYN-20265,Synthetic Lubricants Grade-F,Synthetic Lubricants,Crude Oil / Polymers,0.8,189.06,USD,60,500 units,SUP-00765
PRD-00630,SKU-SYN-21372,industrial resins & plastics grade-630,Industrial Resins & Plastics,Crude Oil / Polymers,0.7,$2483.55,USD,-10,,SUP-00976
PRD-00631,SKU-SYN-98537,Industrial Resins & Plastics Grade-H,Industrial Resins & Plastics,Crude Oil / Polymers,0.7,1875.96,USD,19,100,SUP-00398
PRD-00632,SKU-SYN-42890,Industrial Resins & Plastics Grade-I,,Crude Oil / Polymers,0.7,298.1,USD,27,,SUP-00193
PRD-00633,SKU-SYN-81458,Synthetic Lubricants Grade-J,Synthetic Lubricants,Crude Oil / Polymers,0.8,102.37,USD,89,,SUP-00193
PRD-00634,SKU-SYN-90113,Heavy Engine Castings Grade-K,Heavy Engine Castings,Steel,0.5,1582.08,USD,79,250,SUP-00864
PRD-00635,SKU-SYN-71520,Printed Circuit Boards Grade-L,Printed Circuit Boards,Copper,0.35,1908.93,USD,59,500,SUP-00116
PRD-00636,sku_636,Heavy Engine Castings Grade-M,Heavy Engine Castings,Steel,0.5,$2863.62,USD,50,,SUP-00238
PRD-00637,SKU-SYN-20523,Corrugated Packaging Grade-N,Corrugated Packaging,Packaging,0.2,3118.98,USD,59,500,SUP-00310
PRD-00638,SKU-SYN-33493,Printed Circuit Boards Grade-O,Printed Circuit Boards,Copper,0.35,163.56,USD,60,250,SUP-00871
PRD-00639,SKU-SYN-67728,Printed Circuit Boards Grade-P,Printed Circuit Boards,Copper,0.35,1704.93,USD,15,,SUP-00237
PRD-00640,SKU-SYN-20298,copper conductors & wiring grade-640,,Copper,0.65,2988.31,USD,37,500 units,SUP-99999
PRD-00641,SKU-SYN-67518,Heavy Engine Castings Grade-R,Heavy Engine Castings,Steel,0.5,2589.71,USD,16,100,SUP-00581
PRD-00642,SKU-SYN-40039,Printed Circuit Boards Grade-S,Printed Circuit Boards,Copper,0.35,$1434.1,USD,73,100,SUP-00018
PRD-00643,SKU-SYN-26191,Synthetic Lubricants Grade-T,Synthetic Lubricants,Crude Oil / Polymers,0.8,2156.59,USD,6,100,SUP-00795
PRD-00644,SKU-SYN-94583,Corrugated Packaging Grade-U,Corrugated Packaging,Packaging,0.2,800.28,USD,29,100,SUP-00331
PRD-00645,SKU-SYN-67048,Industrial Resins & Plastics Grade-V,Industrial Resins & Plastics,Crude Oil / Polymers,0.7,622.76,USD,24,500,SUP-00009
PRD-00646,SKU-SYN-15140,Copper Conductors & Wiring Grade-W,Copper Conductors & Wiring,Copper,0.65,40.2,USD,5,,SUP-00148
PRD-00647,SKU-SYN-22127,Heavy Engine Castings Grade-X,Heavy Engine Castings,Steel,0.5,782.69,USD,41,,SUP-00793
PRD-00648,sku_648,Copper Conductors & Wiring Grade-Y,,Copper,0.65,$886.0,USD,-10,250,SUP-00285
PRD-00649,SKU-SYN-92081,Copper Conductors & Wiring Grade-Z,Copper Conductors & Wiring,Copper,0.65,2245.21,USD,75,250,SUP-00835
PRD-00650,SKU-SYN-15154,printed circuit boards grade-650,Printed Circuit Boards,Copper,0.35,-162.85,USD,59,500,SUP-00192
PRD-00651,SKU-SYN-85230,Heavy Engine Castings Grade-B,Heavy Engine Castings,Steel,0.5,656.8,USD,73,500 units,SUP-00929
PRD-00652,SKU-SYN-45942,Copper Conductors & Wiring Grade-C,Copper Conductors & Wiring,Copper,0.65,786.54,USD,68,500 units,SUP-00943
PRD-00653,SKU-SYN-72834,Heavy Engine Castings Grade-D,Heavy Engine Castings,Steel,0.5,1207.17,USD,16,250,SUP-00949
PRD-00654,SKU-SYN-73801,Corrugated Packaging Grade-E,Corrugated Packaging,Packaging,0.2,$1851.94,USD,75,100,SUP-00136
PRD-00655,SKU-SYN-84466,Synthetic Lubricants Grade-F,Synthetic Lubricants,Crude Oil / Polymers,0.8,2585.14,USD,65,500 units,SUP-00069
PRD-00656,SKU-SYN-21991,Corrugated Packaging Grade-G,,Packaging,0.2,99.98,USD,31,500,SUP-00728
PRD-00657,SKU-SYN-83392,Heavy Engine Castings Grade-H,Heavy Engine Castings,Steel,0.5,34.38,USD,66,100,SUP-00718
PRD-00658,SKU-SYN-50300,Synthetic Lubricants Grade-I,Synthetic Lubricants,Crude Oil / Polymers,0.8,611.66,USD,18,,SUP-00055
PRD-00659,SKU-SYN-44179,Printed Circuit Boards Grade-J,Printed Circuit Boards,Copper,0.35,2349.73,USD,22,500,SUP-00859
PRD-00660,sku_660,corrugated packaging grade-660,Corrugated Packaging,Packaging,0.2,$2228.69,USD,71,250,SUP-99999
PRD-00661,SKU-SYN-23963,Synthetic Lubricants Grade-L,Synthetic Lubricants,Crude Oil / Polymers,0.8,962.18,USD,19,500,SUP-00001
PRD-00662,SKU-SYN-26048,Copper Conductors & Wiring Grade-M,Copper Conductors & Wiring,Copper,0.65,1102.05,USD,43,,SUP-00287
PRD-00663,SKU-SYN-90928,Heavy Engine Castings Grade-N,Heavy Engine Castings,Steel,0.5,2290.54,USD,64,500 units,SUP-00690
PRD-00664,SKU-SYN-43008,Synthetic Lubricants Grade-O,,Crude Oil / Polymers,0.8,1636.36,USD,19,500,SUP-00685
PRD-00665,SKU-SYN-31592,Corrugated Packaging Grade-P,Corrugated Packaging,Packaging,0.2,916.13,USD,76,500 units,SUP-00307
PRD-00666,SKU-SYN-64460,Printed Circuit Boards Grade-Q,Printed Circuit Boards,Copper,0.35,$1969.28,USD,-10,,SUP-00082
PRD-00667,SKU-SYN-95937,Printed Circuit Boards Grade-R,Printed Circuit Boards,Copper,0.35,2811.6,USD,7,,SUP-00901
PRD-00668,SKU-SYN-86779,Printed Circuit Boards Grade-S,Printed Circuit Boards,Copper,0.35,2287.3,USD,89,500 units,SUP-00578
PRD-00669,SKU-SYN-43046,Synthetic Lubricants Grade-T,Synthetic Lubricants,Crude Oil / Polymers,0.8,2283.64,USD,68,250,SUP-00283
PRD-00670,SKU-SYN-30025,corrugated packaging grade-670,Corrugated Packaging,Packaging,0.2,2499.17,USD,78,500 units,SUP-00519
PRD-00671,SKU-SYN-33030,Printed Circuit Boards Grade-V,Printed Circuit Boards,Copper,0.35,281.9,USD,66,100,SUP-00147
PRD-00672,sku_672,Synthetic Lubricants Grade-W,,Crude Oil / Polymers,0.8,$798.62,USD,75,100,SUP-00408
PRD-00673,SKU-SYN-63289,Heavy Engine Castings Grade-X,Heavy Engine Castings,Steel,0.5,2791.88,USD,66,,SUP-00636
PRD-00674,SKU-SYN-17147,Copper Conductors & Wiring Grade-Y,Copper Conductors & Wiring,Copper,0.65,370.0,USD,38,500,SUP-00298
PRD-00675,SKU-SYN-82012,Heavy Engine Castings Grade-Z,Heavy Engine Castings,Steel,0.5,-2192.91,USD,27,,SUP-00090
PRD-00676,SKU-SYN-38763,Synthetic Lubricants Grade-A,Synthetic Lubricants,Crude Oil / Polymers,0.8,2326.11,USD,66,500,SUP-00984
PRD-00677,SKU-SYN-73272,Copper Conductors & Wiring Grade-B,Copper Conductors & Wiring,Copper,0.65,1081.53,USD,23,,SUP-00134
PRD-00678,SKU-SYN-17666,Synthetic Lubricants Grade-C,Synthetic Lubricants,Crude Oil / Polymers,0.8,$974.53,USD,40,250,SUP-00156
PRD-00679,SKU-SYN-27925,Printed Circuit Boards Grade-D,Printed Circuit Boards,Copper,0.35,1950.44,USD,27,100,SUP-00549
PRD-00680,SKU-SYN-94358,corrugated packaging grade-680,,Packaging,0.2,594.03,USD,81,,SUP-99999
PRD-00681,SKU-SYN-48644,Synthetic Lubricants Grade-F,Synthetic Lubricants,Crude Oil / Polymers,0.8,338.39,USD,64,,SUP-00652
PRD-00682,SKU-SYN-43094,Printed Circuit Boards Grade-G,Printed Circuit Boards,Copper,0.35,339.35,USD,82,500 units,SUP-00337
PRD-00683,SKU-SYN-79376,Heavy Engine Castings Grade-H,Heavy Engine Castings,Steel,0.5,2305.26,USD,67,100,SUP-00216
PRD-00684,sku_684,Synthetic Lubricants Grade-I,Synthetic Lubricants,Crude Oil / Polymers,0.8,$228.07,USD,-10,500,SUP-00138
PRD-00685,SKU-SYN-33652,Industrial Resins & Plastics Grade-J,Industrial Resins & Plastics,Crude Oil / Polymers,0.7,2544.86,USD,31,,SUP-00951
PRD-00686,SKU-SYN-53658,Printed Circuit Boards Grade-K,Printed Circuit Boards,Copper,0.35,228.31,USD,14,500 units,SUP-00965
PRD-00687,SKU-SYN-41764,Heavy Engine Castings Grade-L,Heavy Engine Castings,Steel,0.5,1869.65,USD,62,250,SUP-00660
PRD-00688,SKU-SYN-93509,Copper Conductors & Wiring Grade-M,,Copper,0.65,1317.1,USD,31,250,SUP-00430
PRD-00689,SKU-SYN-89278,Copper Conductors & Wiring Grade-N,Copper Conductors & Wiring,Copper,0.65,2278.99,USD,20,500 units,SUP-00152
PRD-00690,SKU-SYN-36350,printed circuit boards grade-690,Printed Circuit Boards,Copper,0.35,$1118.21,USD,20,500,SUP-00249
PRD-00691,SKU-SYN-75746,Synthetic Lubricants Grade-P,Synthetic Lubricants,Crude Oil / Polymers,0.8,1232.08,USD,33,250,SUP-00396
PRD-00692,SKU-SYN-41694,Industrial Resins & Plastics Grade-Q,Industrial Resins & Plastics,Crude Oil / Polymers,0.7,2167.48,USD,37,500 units,SUP-00939
PRD-00693,SKU-SYN-23566,Heavy Engine Castings Grade-R,Heavy Engine Castings,Steel,0.5,3050.2,USD,27,500,SUP-00367
PRD-00694,SKU-SYN-30545,Copper Conductors & Wiring Grade-S,Copper Conductors & Wiring,Copper,0.65,2866.34,USD,68,500 units,SUP-00455
PRD-00695,SKU-SYN-62541,Industrial Resins & Plastics Grade-T,Industrial Resins & Plastics,Crude Oil / Polymers,0.7,2019.35,USD,78,250,SUP-00402
PRD-00696,sku_696,Industrial Resins & Plastics Grade-U,,Crude Oil / Polymers,0.7,$1132.86,USD,8,500,SUP-00624
PRD-00697,SKU-SYN-74449,Industrial Resins & Plastics Grade-V,Industrial Resins & Plastics,Crude Oil / Polymers,0.7,1781.06,USD,19,250,SUP-00226
PRD-00698,SKU-SYN-79406,Printed Circuit Boards Grade-W,Printed Circuit Boards,Copper,0.35,942.72,USD,21,500 units,SUP-00565
PRD-00699,SKU-SYN-53375,Heavy Engine Castings Grade-X,Heavy Engine Castings,Steel,0.5,3110.31,USD,49,250,SUP-00725
PRD-00700,SKU-SYN-71564,synthetic lubricants grade-700,Synthetic Lubricants,Crude Oil / Polymers,0.8,-584.03,USD,49,500 units,SUP-99999
PRD-00701,SKU-SYN-19554,Synthetic Lubricants Grade-Z,Synthetic Lubricants,Crude Oil / Polymers,0.8,2504.04,USD,43,500,SUP-00546
PRD-00702,SKU-SYN-81881,Copper Conductors & Wiring Grade-A,Copper Conductors & Wiring,Copper,0.65,$2308.25,USD,-10,100,SUP-00380
PRD-00703,SKU-SYN-50519,Printed Circuit Boards Grade-B,Printed Circuit Boards,Copper,0.35,2165.13,USD,43,100,SUP-00178
PRD-00704,SKU-SYN-13149,Copper Conductors & Wiring Grade-C,,Copper,0.65,466.28,USD,71,100,SUP-00078
PRD-00705,SKU-SYN-77583,Printed Circuit Boards Grade-D,Printed Circuit Boards,Copper,0.35,658.0,USD,87,,SUP-00175
PRD-00706,SKU-SYN-55295,Heavy Engine Castings Grade-E,Heavy Engine Castings,Steel,0.5,2282.14,USD,23,250,SUP-00601
PRD-00707,SKU-SYN-72487,Printed Circuit Boards Grade-F,Printed Circuit Boards,Copper,0.35,3039.82,USD,76,100,SUP-00989
PRD-00708,sku_708,Industrial Resins & Plastics Grade-G,Industrial Resins & Plastics,Crude Oil / Polymers,0.7,$649.72,USD,57,100,SUP-00085
PRD-00709,SKU-SYN-42395,Printed Circuit Boards Grade-H,Printed Circuit Boards,Copper,0.35,2679.46,USD,24,250,SUP-00066
PRD-00710,SKU-SYN-83246,synthetic lubricants grade-710,Synthetic Lubricants,Crude Oil / Polymers,0.8,2769.04,USD,47,250,SUP-00440
PRD-00711,SKU-SYN-29095,Industrial Resins & Plastics Grade-J,Industrial Resins & Plastics,Crude Oil / Polymers,0.7,773.43,USD,66,500,SUP-00158
PRD-00712,SKU-SYN-51454,Industrial Resins & Plastics Grade-K,,Crude Oil / Polymers,0.7,3187.05,USD,69,100,SUP-00161
PRD-00713,SKU-SYN-91594,Copper Conductors & Wiring Grade-L,Copper Conductors & Wiring,Copper,0.65,768.15,USD,73,100,SUP-00825
PRD-00714,SKU-SYN-71019,Printed Circuit Boards Grade-M,Printed Circuit Boards,Copper,0.35,$135.46,USD,35,,SUP-00822
PRD-00715,SKU-SYN-97331,Printed Circuit Boards Grade-N,Printed Circuit Boards,Copper,0.35,100.95,USD,63,500 units,SUP-00049
PRD-00716,SKU-SYN-61488,Synthetic Lubricants Grade-O,Synthetic Lubricants,Crude Oil / Polymers,0.8,2470.21,USD,77,500,SUP-00114
PRD-00717,SKU-SYN-28489,Printed Circuit Boards Grade-P,Printed Circuit Boards,Copper,0.35,569.31,USD,52,500 units,SUP-00190
PRD-00718,SKU-SYN-66870,Industrial Resins & Plastics Grade-Q,Industrial Resins & Plastics,Crude Oil / Polymers,0.7,3167.62,USD,74,250,SUP-00681
PRD-00719,SKU-SYN-43088,Industrial Resins & Plastics Grade-R,Industrial Resins & Plastics,Crude Oil / Polymers,0.7,650.16,USD,11,500 units,SUP-00652
PRD-00720,sku_720,heavy engine castings grade-720,,Steel,0.5,$1590.03,USD,-10,500 units,SUP-99999
PRD-00721,SKU-SYN-95261,Industrial Resins & Plastics Grade-T,Industrial Resins & Plastics,Crude Oil / Polymers,0.7,1145.8,USD,80,100,SUP-00259
PRD-00722,SKU-SYN-30916,Synthetic Lubricants Grade-U,Synthetic Lubricants,Crude Oil / Polymers,0.8,2373.03,USD,49,500 units,SUP-00428
PRD-00723,SKU-SYN-36818,Heavy Engine Castings Grade-V,Heavy Engine Castings,Steel,0.5,1245.77,USD,61,250,SUP-00924
PRD-00724,SKU-SYN-92848,Corrugated Packaging Grade-W,Corrugated Packaging,Packaging,0.2,2728.62,USD,88,,SUP-00572
PRD-00725,SKU-SYN-42697,Copper Conductors & Wiring Grade-X,Copper Conductors & Wiring,Copper,0.65,-857.14,USD,32,,SUP-00154
PRD-00726,SKU-SYN-36113,Copper Conductors & Wiring Grade-Y,Copper Conductors & Wiring,Copper,0.65,$739.52,USD,68,500 units,SUP-00345
PRD-00727,SKU-SYN-31197,Printed Circuit Boards Grade-Z,Printed Circuit Boards,Copper,0.35,1354.45,USD,24,100,SUP-00295
PRD-00728,SKU-SYN-58944,Copper Conductors & Wiring Grade-A,,Copper,0.65,276.27,USD,51,250,SUP-00868
PRD-00729,SKU-SYN-10103,Industrial Resins & Plastics Grade-B,Industrial Resins & Plastics,Crude Oil / Polymers,0.7,2407.47,USD,53,100,SUP-00890
PRD-00730,SKU-SYN-65902,synthetic lubricants grade-730,Synthetic Lubricants,Crude Oil / Polymers,0.8,277.44,USD,12,500 units,SUP-00824
PRD-00731,SKU-SYN-82325,Corrugated Packaging Grade-D,Corrugated Packaging,Packaging,0.2,669.11,USD,55,500 units,SUP-00566
PRD-00732,sku_732,Corrugated Packaging Grade-E,Corrugated Packaging,Packaging,0.2,$81.13,USD,12,500,SUP-00356
PRD-00733,SKU-SYN-53974,Copper Conductors & Wiring Grade-F,Copper Conductors & Wiring,Copper,0.65,679.43,USD,24,100,SUP-00681
PRD-00734,SKU-SYN-36070,Corrugated Packaging Grade-G,Corrugated Packaging,Packaging,0.2,3133.04,USD,45,100,SUP-00741
PRD-00735,SKU-SYN-50345,Industrial Resins & Plastics Grade-H,Industrial Resins & Plastics,Crude Oil / Polymers,0.7,352.06,USD,80,500 units,SUP-00383
PRD-00736,SKU-SYN-73660,Copper Conductors & Wiring Grade-I,,Copper,0.65,916.14,USD,66,250,SUP-00707
PRD-00737,SKU-SYN-88929,Synthetic Lubricants Grade-J,Synthetic Lubricants,Crude Oil / Polymers,0.8,287.05,USD,35,,SUP-00503
PRD-00738,SKU-SYN-89068,Heavy Engine Castings Grade-K,Heavy Engine Castings,Steel,0.5,$1313.94,USD,-10,500,SUP-00108
PRD-00739,SKU-SYN-58303,Printed Circuit Boards Grade-L,Printed Circuit Boards,Copper,0.35,2896.31,USD,18,100,SUP-00007
PRD-00740,SKU-SYN-24146,printed circuit boards grade-740,Printed Circuit Boards,Copper,0.35,970.1,USD,24,,SUP-99999
PRD-00741,SKU-SYN-20129,Synthetic Lubricants Grade-N,Synthetic Lubricants,Crude Oil / Polymers,0.8,943.58,USD,34,500,SUP-00072
PRD-00742,SKU-SYN-44271,Copper Conductors & Wiring Grade-O,Copper Conductors & Wiring,Copper,0.65,2346.26,USD,56,,SUP-00781
PRD-00743,SKU-SYN-54765,Printed Circuit Boards Grade-P,Printed Circuit Boards,Copper,0.35,717.64,USD,11,500 units,SUP-00318
PRD-00744,sku_744,Industrial Resins & Plastics Grade-Q,,Crude Oil / Polymers,0.7,$2505.49,USD,87,500 units,SUP-00674
PRD-00745,SKU-SYN-13916,Industrial Resins & Plastics Grade-R,Industrial Resins & Plastics,Crude Oil / Polymers,0.7,902.11,USD,57,100,SUP-00697
PRD-00746,SKU-SYN-98880,Copper Conductors & Wiring Grade-S,Copper Conductors & Wiring,Copper,0.65,568.12,USD,80,500 units,SUP-00040
PRD-00747,SKU-SYN-19715,Printed Circuit Boards Grade-T,Printed Circuit Boards,Copper,0.35,67.74,USD,79,100,SUP-00204
PRD-00748,SKU-SYN-15539,Industrial Resins & Plastics Grade-U,Industrial Resins & Plastics,Crude Oil / Polymers,0.7,2101.45,USD,7,500,SUP-00080
PRD-00749,SKU-SYN-52821,Heavy Engine Castings Grade-V,Heavy Engine Castings,Steel,0.5,2113.01,USD,51,250,SUP-00292
PRD-00750,SKU-SYN-39558,industrial resins & plastics grade-750,Industrial Resins & Plastics,Crude Oil / Polymers,0.7,$2290.58,USD,59,100,SUP-00633
PRD-00751,SKU-SYN-65446,Heavy Engine Castings Grade-X,Heavy Engine Castings,Steel,0.5,767.19,USD,14,500,SUP-00599
PRD-00752,SKU-SYN-61175,Copper Conductors & Wiring Grade-Y,,Copper,0.65,369.62,USD,36,100,SUP-00535
PRD-00753,SKU-SYN-49869,Heavy Engine Castings Grade-Z,Heavy Engine Castings,Steel,0.5,2053.29,USD,22,,SUP-00879
PRD-00754,SKU-SYN-20995,Printed Circuit Boards Grade-A,Printed Circuit Boards,Copper,0.35,2615.25,USD,38,250,SUP-00219
PRD-00755,SKU-SYN-65445,Copper Conductors & Wiring Grade-B,Copper Conductors & Wiring,Copper,0.65,79.22,USD,18,250,SUP-00804
PRD-00756,sku_756,Copper Conductors & Wiring Grade-C,Copper Conductors & Wiring,Copper,0.65,$2801.44,USD,-10,,SUP-00375
PRD-00757,SKU-SYN-65686,Corrugated Packaging Grade-D,Corrugated Packaging,Packaging,0.2,817.72,USD,29,250,SUP-00602
PRD-00758,SKU-SYN-95062,Corrugated Packaging Grade-E,Corrugated Packaging,Packaging,0.2,550.97,USD,33,500,SUP-00159
PRD-00759,SKU-SYN-40538,Heavy Engine Castings Grade-F,Heavy Engine Castings,Steel,0.5,2960.29,USD,74,,SUP-00786
PRD-00760,SKU-SYN-71393,synthetic lubricants grade-760,,Crude Oil / Polymers,0.8,1035.9,USD,78,500 units,SUP-99999
PRD-00761,SKU-SYN-13538,Printed Circuit Boards Grade-H,Printed Circuit Boards,Copper,0.35,1528.48,USD,9,100,SUP-00412
PRD-00762,SKU-SYN-59863,Printed Circuit Boards Grade-I,Printed Circuit Boards,Copper,0.35,$3174.38,USD,69,100,SUP-00584
PRD-00763,SKU-SYN-42123,Corrugated Packaging Grade-J,Corrugated Packaging,Packaging,0.2,2874.25,USD,65,500,SUP-00813
PRD-00764,SKU-SYN-64661,Synthetic Lubricants Grade-K,Synthetic Lubricants,Crude Oil / Polymers,0.8,2663.36,USD,62,100,SUP-00416
PRD-00765,SKU-SYN-21083,Industrial Resins & Plastics Grade-L,Industrial Resins & Plastics,Crude Oil / Polymers,0.7,150.84,USD,84,500 units,SUP-00045
PRD-00766,SKU-SYN-69962,Synthetic Lubricants Grade-M,Synthetic Lubricants,Crude Oil / Polymers,0.8,1988.54,USD,29,100,SUP-00944
PRD-00767,SKU-SYN-55842,Copper Conductors & Wiring Grade-N,Copper Conductors & Wiring,Copper,0.65,2973.53,USD,49,500,SUP-00163
PRD-00768,sku_768,Copper Conductors & Wiring Grade-O,,Copper,0.65,$2850.61,USD,30,250,SUP-00443
PRD-00769,SKU-SYN-90493,Corrugated Packaging Grade-P,Corrugated Packaging,Packaging,0.2,358.41,USD,20,500 units,SUP-00359
PRD-00770,SKU-SYN-45241,heavy engine castings grade-770,Heavy Engine Castings,Steel,0.5,2614.3,USD,23,100,SUP-00242
PRD-00771,SKU-SYN-93352,Synthetic Lubricants Grade-R,Synthetic Lubricants,Crude Oil / Polymers,0.8,2805.75,USD,73,250,SUP-00151
PRD-00772,SKU-SYN-45034,Printed Circuit Boards Grade-S,Printed Circuit Boards,Copper,0.35,2249.84,USD,64,500,SUP-00966
PRD-00773,SKU-SYN-76800,Printed Circuit Boards Grade-T,Printed Circuit Boards,Copper,0.35,1072.11,USD,26,500 units,SUP-00038
PRD-00774,SKU-SYN-78833,Corrugated Packaging Grade-U,Corrugated Packaging,Packaging,0.2,$1470.83,USD,-10,,SUP-00345
PRD-00775,SKU-SYN-22044,Printed Circuit Boards Grade-V,Printed Circuit Boards,Copper,0.35,-2137.35,USD,76,250,SUP-00468
PRD-00776,SKU-SYN-65838,Industrial Resins & Plastics Grade-W,,Crude Oil / Polymers,0.7,126.0,USD,64,500,SUP-00836
PRD-00777,SKU-SYN-39481,Corrugated Packaging Grade-X,Corrugated Packaging,Packaging,0.2,2637.93,USD,11,500,SUP-00691
PRD-00778,SKU-SYN-28280,Industrial Resins & Plastics Grade-Y,Industrial Resins & Plastics,Crude Oil / Polymers,0.7,1736.49,USD,17,500 units,SUP-00013
PRD-00779,SKU-SYN-15464,Printed Circuit Boards Grade-Z,Printed Circuit Boards,Copper,0.35,2060.72,USD,25,,SUP-00694
PRD-00780,sku_780,copper conductors & wiring grade-780,Copper Conductors & Wiring,Copper,0.65,$1819.08,USD,70,100,SUP-99999
PRD-00781,SKU-SYN-13723,Corrugated Packaging Grade-B,Corrugated Packaging,Packaging,0.2,2539.6,USD,32,100,SUP-00459
PRD-00782,SKU-SYN-93464,Synthetic Lubricants Grade-C,Synthetic Lubricants,Crude Oil / Polymers,0.8,2001.92,USD,56,250,SUP-00251
PRD-00783,SKU-SYN-25409,Copper Conductors & Wiring Grade-D,Copper Conductors & Wiring,Copper,0.65,1057.3,USD,27,100,SUP-00958
PRD-00784,SKU-SYN-72394,Synthetic Lubricants Grade-E,,Crude Oil / Polymers,0.8,200.11,USD,88,500,SUP-00402
PRD-00785,SKU-SYN-79385,Synthetic Lubricants Grade-F,Synthetic Lubricants,Crude Oil / Polymers,0.8,3122.25,USD,39,,SUP-00470
PRD-00786,SKU-SYN-11835,Copper Conductors & Wiring Grade-G,Copper Conductors & Wiring,Copper,0.65,$3106.9,USD,43,,SUP-00400
PRD-00787,SKU-SYN-30864,Printed Circuit Boards Grade-H,Printed Circuit Boards,Copper,0.35,2492.67,USD,21,100,SUP-00809
PRD-00788,SKU-SYN-69595,Printed Circuit Boards Grade-I,Printed Circuit Boards,Copper,0.35,371.86,USD,44,,SUP-00024
PRD-00789,SKU-SYN-42162,Industrial Resins & Plastics Grade-J,Industrial Resins & Plastics,Crude Oil / Polymers,0.7,672.25,USD,51,500,SUP-00458
PRD-00790,SKU-SYN-39150,heavy engine castings grade-790,Heavy Engine Castings,Steel,0.5,2231.92,USD,56,500 units,SUP-00670
PRD-00791,SKU-SYN-81638,Heavy Engine Castings Grade-L,Heavy Engine Castings,Steel,0.5,2130.29,USD,78,,SUP-00856
PRD-00792,sku_792,Corrugated Packaging Grade-M,,Packaging,0.2,$403.92,USD,-10,500,SUP-00216
PRD-00793,SKU-SYN-21176,Industrial Resins & Plastics Grade-N,Industrial Resins & Plastics,Crude Oil / Polymers,0.7,1092.22,USD,41,,SUP-00484
PRD-00794,SKU-SYN-39786,Heavy Engine Castings Grade-O,Heavy Engine Castings,Steel,0.5,1622.08,USD,62,500,SUP-00817
PRD-00795,SKU-SYN-29237,Synthetic Lubricants Grade-P,Synthetic Lubricants,Crude Oil / Polymers,0.8,2296.95,USD,45,250,SUP-00389
PRD-00796,SKU-SYN-65420,Corrugated Packaging Grade-Q,Corrugated Packaging,Packaging,0.2,3018.03,USD,58,250,SUP-00784
PRD-00797,SKU-SYN-21202,Industrial Resins & Plastics Grade-R,Industrial Resins & Plastics,Crude Oil / Polymers,0.7,1678.18,USD,9,250,SUP-00912
PRD-00798,SKU-SYN-28147,Copper Conductors & Wiring Grade-S,Copper Conductors & Wiring,Copper,0.65,$1655.85,USD,74,,SUP-00043
PRD-00799,SKU-SYN-91561,Industrial Resins & Plastics Grade-T,Industrial Resins & Plastics,Crude Oil / Polymers,0.7,2264.78,USD,49,500,SUP-00683
PRD-00800,SKU-SYN-79456,synthetic lubricants grade-800,,Crude Oil / Polymers,0.8,-1874.52,USD,63,500,SUP-99999
PRD-00801,SKU-SYN-25660,Heavy Engine Castings Grade-V,Heavy Engine Castings,Steel,0.5,1150.63,USD,56,,SUP-00895
PRD-00802,SKU-SYN-46466,Heavy Engine Castings Grade-W,Heavy Engine Castings,Steel,0.5,1509.57,USD,81,250,SUP-00527
PRD-00803,SKU-SYN-95538,Copper Conductors & Wiring Grade-X,Copper Conductors & Wiring,Copper,0.65,583.19,USD,28,,SUP-00282
PRD-00804,sku_804,Printed Circuit Boards Grade-Y,Printed Circuit Boards,Copper,0.35,$693.86,USD,24,500,SUP-00688
PRD-00805,SKU-SYN-78999,Printed Circuit Boards Grade-Z,Printed Circuit Boards,Copper,0.35,1811.96,USD,78,100,SUP-00562
PRD-00806,SKU-SYN-32928,Copper Conductors & Wiring Grade-A,Copper Conductors & Wiring,Copper,0.65,1635.19,USD,22,500,SUP-00675
PRD-00807,SKU-SYN-21880,Industrial Resins & Plastics Grade-B,Industrial Resins & Plastics,Crude Oil / Polymers,0.7,2402.75,USD,58,500 units,SUP-00929
PRD-00808,SKU-SYN-52581,Heavy Engine Castings Grade-C,,Steel,0.5,2037.23,USD,47,100,SUP-00259
PRD-00809,SKU-SYN-56371,Copper Conductors & Wiring Grade-D,Copper Conductors & Wiring,Copper,0.65,1049.25,USD,17,250,SUP-00373
PRD-00810,SKU-SYN-78656,heavy engine castings grade-810,Heavy Engine Castings,Steel,0.5,$748.81,USD,-10,100,SUP-00650
PRD-00811,SKU-SYN-82255,Printed Circuit Boards Grade-F,Printed Circuit Boards,Copper,0.35,2220.8,USD,76,500,SUP-00713
PRD-00812,SKU-SYN-18240,Printed Circuit Boards Grade-G,Printed Circuit Boards,Copper,0.35,2633.82,USD,64,100,SUP-00975
PRD-00813,SKU-SYN-73596,Synthetic Lubricants Grade-H,Synthetic Lubricants,Crude Oil / Polymers,0.8,1782.95,USD,90,500,SUP-00009
PRD-00814,SKU-SYN-32501,Copper Conductors & Wiring Grade-I,Copper Conductors & Wiring,Copper,0.65,625.51,USD,17,500,SUP-00220
PRD-00815,SKU-SYN-57234,Heavy Engine Castings Grade-J,Heavy Engine Castings,Steel,0.5,3027.61,USD,83,100,SUP-00427
PRD-00816,sku_816,Industrial Resins & Plastics Grade-K,,Crude Oil / Polymers,0.7,$913.8,USD,34,250,SUP-00055
PRD-00817,SKU-SYN-65267,Industrial Resins & Plastics Grade-L,Industrial Resins & Plastics,Crude Oil / Polymers,0.7,1263.28,USD,80,,SUP-00630
PRD-00818,SKU-SYN-53506,Synthetic Lubricants Grade-M,Synthetic Lubricants,Crude Oil / Polymers,0.8,2730.27,USD,81,100,SUP-00467
PRD-00819,SKU-SYN-78969,Corrugated Packaging Grade-N,Corrugated Packaging,Packaging,0.2,1327.07,USD,81,,SUP-00564
PRD-00820,SKU-SYN-76308,industrial resins & plastics grade-820,Industrial Resins & Plastics,Crude Oil / Polymers,0.7,3098.56,USD,64,500 units,SUP-99999
PRD-00821,SKU-SYN-62173,Industrial Resins & Plastics Grade-P,Industrial Resins & Plastics,Crude Oil / Polymers,0.7,2937.87,USD,74,250,SUP-00268
PRD-00822,SKU-SYN-77126,Copper Conductors & Wiring Grade-Q,Copper Conductors & Wiring,Copper,0.65,$2164.62,USD,70,,SUP-00259
PRD-00823,SKU-SYN-37771,Industrial Resins & Plastics Grade-R,Industrial Resins & Plastics,Crude Oil / Polymers,0.7,1729.74,USD,37,250,SUP-00989
PRD-00824,SKU-SYN-16977,Industrial Resins & Plastics Grade-S,,Crude Oil / Polymers,0.7,1403.66,USD,87,500 units,SUP-00348
PRD-00825,SKU-SYN-83571,Industrial Resins & Plastics Grade-T,Industrial Resins & Plastics,Crude Oil / Polymers,0.7,-1026.73,USD,77,250,SUP-00059
PRD-00826,SKU-SYN-84682,Printed Circuit Boards Grade-U,Printed Circuit Boards,Copper,0.35,2317.76,USD,70,100,SUP-00026
PRD-00827,SKU-SYN-13789,Industrial Resins & Plastics Grade-V,Industrial Resins & Plastics,Crude Oil / Polymers,0.7,2205.01,USD,69,500,SUP-00002
PRD-00828,sku_828,Corrugated Packaging Grade-W,Corrugated Packaging,Packaging,0.2,$1652.34,USD,-10,,SUP-00263
PRD-00829,SKU-SYN-44283,Heavy Engine Castings Grade-X,Heavy Engine Castings,Steel,0.5,162.19,USD,33,,SUP-00984
PRD-00830,SKU-SYN-67841,copper conductors & wiring grade-830,Copper Conductors & Wiring,Copper,0.65,2957.02,USD,30,500,SUP-00522
PRD-00831,SKU-SYN-17910,Printed Circuit Boards Grade-Z,Printed Circuit Boards,Copper,0.35,1835.44,USD,78,500 units,SUP-00008
PRD-00832,SKU-SYN-32870,Heavy Engine Castings Grade-A,,Steel,0.5,450.11,USD,51,,SUP-00432
PRD-00833,SKU-SYN-77165,Heavy Engine Castings Grade-B,Heavy Engine Castings,Steel,0.5,781.57,USD,55,,SUP-00679
PRD-00834,SKU-SYN-25587,Heavy Engine Castings Grade-C,Heavy Engine Castings,Steel,0.5,$2723.32,USD,75,500,SUP-00390
PRD-00835,SKU-SYN-34055,Printed Circuit Boards Grade-D,Printed Circuit Boards,Copper,0.35,1235.56,USD,43,,SUP-00249
PRD-00836,SKU-SYN-68676,Industrial Resins & Plastics Grade-E,Industrial Resins & Plastics,Crude Oil / Polymers,0.7,2946.89,USD,42,250,SUP-00858
PRD-00837,SKU-SYN-55030,Heavy Engine Castings Grade-F,Heavy Engine Castings,Steel,0.5,1350.54,USD,7,100,SUP-00155
PRD-00838,SKU-SYN-76603,Industrial Resins & Plastics Grade-G,Industrial Resins & Plastics,Crude Oil / Polymers,0.7,1501.59,USD,69,500 units,SUP-00118
PRD-00839,SKU-SYN-91473,Printed Circuit Boards Grade-H,Printed Circuit Boards,Copper,0.35,72.0,USD,57,,SUP-00678
PRD-00840,sku_840,corrugated packaging grade-840,,Packaging,0.2,$1713.21,USD,59,500 units,SUP-99999
PRD-00841,SKU-SYN-22000,Synthetic Lubricants Grade-J,Synthetic Lubricants,Crude Oil / Polymers,0.8,2850.9,USD,44,250,SUP-00265
PRD-00842,SKU-SYN-90352,Copper Conductors & Wiring Grade-K,Copper Conductors & Wiring,Copper,0.65,2683.76,USD,31,,SUP-00042
PRD-00843,SKU-SYN-95171,Heavy Engine Castings Grade-L,Heavy Engine Castings,Steel,0.5,3134.35,USD,18,,SUP-00802
PRD-00844,SKU-SYN-83492,Corrugated Packaging Grade-M,Corrugated Packaging,Packaging,0.2,1929.34,USD,32,500,SUP-00378
PRD-00845,SKU-SYN-40225,Copper Conductors & Wiring Grade-N,Copper Conductors & Wiring,Copper,0.65,2404.76,USD,37,500 units,SUP-00285
PRD-00846,SKU-SYN-91324,Copper Conductors & Wiring Grade-O,Copper Conductors & Wiring,Copper,0.65,$2524.87,USD,-10,500,SUP-00235
PRD-00847,SKU-SYN-29057,Printed Circuit Boards Grade-P,Printed Circuit Boards,Copper,0.35,659.16,USD,9,250,SUP-00214
PRD-00848,SKU-SYN-17845,Copper Conductors & Wiring Grade-Q,,Copper,0.65,1794.12,USD,27,100,SUP-00512
PRD-00849,SKU-SYN-91146,Industrial Resins & Plastics Grade-R,Industrial Resins & Plastics,Crude Oil / Polymers,0.7,665.82,USD,19,500 units,SUP-00179
PRD-00850,SKU-SYN-72999,heavy engine castings grade-850,Heavy Engine Castings,Steel,0.5,-1683.09,USD,42,500 units,SUP-00362
PRD-00851,SKU-SYN-23897,Heavy Engine Castings Grade-T,Heavy Engine Castings,Steel,0.5,2574.84,USD,83,100,SUP-00703
PRD-00852,sku_852,Corrugated Packaging Grade-U,Corrugated Packaging,Packaging,0.2,$2548.34,USD,88,500,SUP-00588
PRD-00853,SKU-SYN-38724,Printed Circuit Boards Grade-V,Printed Circuit Boards,Copper,0.35,1394.51,USD,69,250,SUP-00730
PRD-00854,SKU-SYN-36041,Copper Conductors & Wiring Grade-W,Copper Conductors & Wiring,Copper,0.65,875.86,USD,24,,SUP-00564
PRD-00855,SKU-SYN-59726,Synthetic Lubricants Grade-X,Synthetic Lubricants,Crude Oil / Polymers,0.8,2036.67,USD,69,250,SUP-00693
PRD-00856,SKU-SYN-53575,Copper Conductors & Wiring Grade-Y,,Copper,0.65,2451.02,USD,34,250,SUP-00400
PRD-00857,SKU-SYN-31750,Copper Conductors & Wiring Grade-Z,Copper Conductors & Wiring,Copper,0.65,1329.61,USD,22,,SUP-00848
PRD-00858,SKU-SYN-71535,Synthetic Lubricants Grade-A,Synthetic Lubricants,Crude Oil / Polymers,0.8,$2423.79,USD,67,500 units,SUP-00363
PRD-00859,SKU-SYN-87398,Synthetic Lubricants Grade-B,Synthetic Lubricants,Crude Oil / Polymers,0.8,1703.74,USD,44,500,SUP-00995
PRD-00860,SKU-SYN-76756,copper conductors & wiring grade-860,Copper Conductors & Wiring,Copper,0.65,2358.03,USD,73,500,SUP-99999
PRD-00861,SKU-SYN-59043,Synthetic Lubricants Grade-D,Synthetic Lubricants,Crude Oil / Polymers,0.8,2412.44,USD,73,500,SUP-00214
PRD-00862,SKU-SYN-27531,Corrugated Packaging Grade-E,Corrugated Packaging,Packaging,0.2,1631.36,USD,15,500 units,SUP-00993
PRD-00863,SKU-SYN-37462,Heavy Engine Castings Grade-F,Heavy Engine Castings,Steel,0.5,370.59,USD,38,100,SUP-00652
PRD-00864,sku_864,Printed Circuit Boards Grade-G,,Copper,0.35,$1058.54,USD,-10,500,SUP-00461
PRD-00865,SKU-SYN-84815,Copper Conductors & Wiring Grade-H,Copper Conductors & Wiring,Copper,0.65,631.81,USD,52,500 units,SUP-00285
PRD-00866,SKU-SYN-72833,Corrugated Packaging Grade-I,Corrugated Packaging,Packaging,0.2,1602.41,USD,63,500,SUP-00648
PRD-00867,SKU-SYN-81175,Copper Conductors & Wiring Grade-J,Copper Conductors & Wiring,Copper,0.65,182.0,USD,84,500 units,SUP-00158
PRD-00868,SKU-SYN-26692,Industrial Resins & Plastics Grade-K,Industrial Resins & Plastics,Crude Oil / Polymers,0.7,230.79,USD,36,500,SUP-00407
PRD-00869,SKU-SYN-23686,Printed Circuit Boards Grade-L,Printed Circuit Boards,Copper,0.35,542.5,USD,40,250,SUP-00665
PRD-00870,SKU-SYN-79753,industrial resins & plastics grade-870,Industrial Resins & Plastics,Crude Oil / Polymers,0.7,$675.33,USD,14,100,SUP-00976
PRD-00871,SKU-SYN-87538,Industrial Resins & Plastics Grade-N,Industrial Resins & Plastics,Crude Oil / Polymers,0.7,172.93,USD,27,100,SUP-00980
PRD-00872,SKU-SYN-21046,Industrial Resins & Plastics Grade-O,,Crude Oil / Polymers,0.7,3140.8,USD,35,100,SUP-00305
PRD-00873,SKU-SYN-60998,Synthetic Lubricants Grade-P,Synthetic Lubricants,Crude Oil / Polymers,0.8,2771.97,USD,10,500,SUP-00788
PRD-00874,SKU-SYN-96990,Corrugated Packaging Grade-Q,Corrugated Packaging,Packaging,0.2,1693.35,USD,5,100,SUP-00948
PRD-00875,SKU-SYN-64258,Industrial Resins & Plastics Grade-R,Industrial Resins & Plastics,Crude Oil / Polymers,0.7,-2537.86,USD,14,250,SUP-00499
PRD-00876,sku_876,Heavy Engine Castings Grade-S,Heavy Engine Castings,Steel,0.5,$3059.98,USD,84,,SUP-00188
PRD-00877,SKU-SYN-56027,Synthetic Lubricants Grade-T,Synthetic Lubricants,Crude Oil / Polymers,0.8,2145.21,USD,51,,SUP-00861
PRD-00878,SKU-SYN-79149,Printed Circuit Boards Grade-U,Printed Circuit Boards,Copper,0.35,2571.78,USD,7,250,SUP-00594
PRD-00879,SKU-SYN-24109,Industrial Resins & Plastics Grade-V,Industrial Resins & Plastics,Crude Oil / Polymers,0.7,2436.18,USD,61,100,SUP-00340
PRD-00880,SKU-SYN-13335,corrugated packaging grade-880,,Packaging,0.2,2396.8,USD,45,500 units,SUP-99999
PRD-00881,SKU-SYN-37761,Industrial Resins & Plastics Grade-X,Industrial Resins & Plastics,Crude Oil / Polymers,0.7,1964.81,USD,30,250,SUP-00764
PRD-00882,SKU-SYN-50763,Heavy Engine Castings Grade-Y,Heavy Engine Castings,Steel,0.5,$1799.52,USD,-10,,SUP-00071
PRD-00883,SKU-SYN-82651,Industrial Resins & Plastics Grade-Z,Industrial Resins & Plastics,Crude Oil / Polymers,0.7,3191.35,USD,5,500 units,SUP-00794
PRD-00884,SKU-SYN-80894,Printed Circuit Boards Grade-A,Printed Circuit Boards,Copper,0.35,2949.27,USD,45,,SUP-00944
PRD-00885,SKU-SYN-19548,Printed Circuit Boards Grade-B,Printed Circuit Boards,Copper,0.35,2267.54,USD,73,500,SUP-00442
PRD-00886,SKU-SYN-72300,Heavy Engine Castings Grade-C,Heavy Engine Castings,Steel,0.5,3102.18,USD,14,500,SUP-00125
PRD-00887,SKU-SYN-62018,Corrugated Packaging Grade-D,Corrugated Packaging,Packaging,0.2,2488.51,USD,79,500,SUP-00092
PRD-00888,sku_888,Corrugated Packaging Grade-E,,Packaging,0.2,$2134.33,USD,65,500 units,SUP-00349
PRD-00889,SKU-SYN-38006,Copper Conductors & Wiring Grade-F,Copper Conductors & Wiring,Copper,0.65,1280.82,USD,32,500,SUP-00445
PRD-00890,SKU-SYN-77106,industrial resins & plastics grade-890,Industrial Resins & Plastics,Crude Oil / Polymers,0.7,2334.55,USD,38,,SUP-00401
PRD-00891,SKU-SYN-88132,Corrugated Packaging Grade-H,Corrugated Packaging,Packaging,0.2,2769.83,USD,32,100,SUP-00061
PRD-00892,SKU-SYN-55221,Industrial Resins & Plastics Grade-I,Industrial Resins & Plastics,Crude Oil / Polymers,0.7,1339.04,USD,29,100,SUP-00466
PRD-00893,SKU-SYN-33766,Heavy Engine Castings Grade-J,Heavy Engine Castings,Steel,0.5,1601.38,USD,82,250,SUP-00068
PRD-00894,SKU-SYN-84641,Corrugated Packaging Grade-K,Corrugated Packaging,Packaging,0.2,$1521.11,USD,90,,SUP-00410
PRD-00895,SKU-SYN-58081,Synthetic Lubricants Grade-L,Synthetic Lubricants,Crude Oil / Polymers,0.8,1734.94,USD,86,500 units,SUP-00418
PRD-00896,SKU-SYN-66539,Heavy Engine Castings Grade-M,,Steel,0.5,2709.78,USD,28,500,SUP-00092
PRD-00897,SKU-SYN-49346,Industrial Resins & Plastics Grade-N,Industrial Resins & Plastics,Crude Oil / Polymers,0.7,1052.21,USD,39,250,SUP-00975
PRD-00898,SKU-SYN-33502,Copper Conductors & Wiring Grade-O,Copper Conductors & Wiring,Copper,0.65,1291.17,USD,14,500 units,SUP-00052
PRD-00899,SKU-SYN-17150,Synthetic Lubricants Grade-P,Synthetic Lubricants,Crude Oil / Polymers,0.8,3071.71,USD,10,500 units,SUP-00696
prd_900,sku_900,industrial resins & plastics grade-900,Industrial Resins & Plastics,Crude Oil / Polymers,0.7,$1809.44,USD,-10,,SUP-99999
PRD-00901,SKU-SYN-63623,Synthetic Lubricants Grade-R,Synthetic Lubricants,Crude Oil / Polymers,0.8,2287.56,USD,65,,SUP-00353
PRD-00902,SKU-SYN-12272,Industrial Resins & Plastics Grade-S,Industrial Resins & Plastics,Crude Oil / Polymers,0.7,1669.46,USD,58,250,SUP-00693
PRD-00903,SKU-SYN-10894,Corrugated Packaging Grade-T,Corrugated Packaging,Packaging,0.2,3186.39,USD,10,100,SUP-00816
PRD-00904,SKU-SYN-96816,Synthetic Lubricants Grade-U,,Crude Oil / Polymers,0.8,188.13,USD,74,250,SUP-00746
PRD-00905,SKU-SYN-19814,Heavy Engine Castings Grade-V,Heavy Engine Castings,Steel,0.5,612.7,USD,39,250,SUP-00194
PRD-00906,SKU-SYN-89501,Printed Circuit Boards Grade-W,Printed Circuit Boards,Copper,0.35,$71.57,USD,31,500,SUP-00256
PRD-00907,SKU-SYN-73115,Heavy Engine Castings Grade-X,Heavy Engine Castings,Steel,0.5,2791.87,USD,68,,SUP-00731
PRD-00908,SKU-SYN-81659,Corrugated Packaging Grade-Y,Corrugated Packaging,Packaging,0.2,394.05,USD,76,250,SUP-00785
PRD-00909,SKU-SYN-13515,Heavy Engine Castings Grade-Z,Heavy Engine Castings,Steel,0.5,1482.37,USD,36,500,SUP-00896
PRD-00910,SKU-SYN-50333,synthetic lubricants grade-910,Synthetic Lubricants,Crude Oil / Polymers,0.8,740.43,USD,77,500,SUP-00264
PRD-00911,SKU-SYN-13926,Copper Conductors & Wiring Grade-B,Copper Conductors & Wiring,Copper,0.65,1610.99,USD,7,500 units,SUP-00151
PRD-00912,sku_912,Corrugated Packaging Grade-C,,Packaging,0.2,$552.63,USD,18,,SUP-00956
PRD-00913,SKU-SYN-71736,Industrial Resins & Plastics Grade-D,Industrial Resins & Plastics,Crude Oil / Polymers,0.7,1086.63,USD,36,,SUP-00706
PRD-00914,SKU-SYN-11094,Copper Conductors & Wiring Grade-E,Copper Conductors & Wiring,Copper,0.65,664.13,USD,29,250,SUP-00173
PRD-00915,SKU-SYN-73064,Printed Circuit Boards Grade-F,Printed Circuit Boards,Copper,0.35,475.95,USD,76,250,SUP-00349
PRD-00916,SKU-SYN-59236,Printed Circuit Boards Grade-G,Printed Circuit Boards,Copper,0.35,2751.25,USD,5,500 units,SUP-00069
PRD-00917,SKU-SYN-78576,Corrugated Packaging Grade-H,Corrugated Packaging,Packaging,0.2,2160.49,USD,6,100,SUP-00400
PRD-00918,SKU-SYN-14450,Heavy Engine Castings Grade-I,Heavy Engine Castings,Steel,0.5,$1931.85,USD,-10,500 units,SUP-00019
PRD-00919,SKU-SYN-32859,Industrial Resins & Plastics Grade-J,Industrial Resins & Plastics,Crude Oil / Polymers,0.7,8.99,USD,58,250,SUP-00628
PRD-00920,SKU-SYN-32887,copper conductors & wiring grade-920,,Copper,0.65,3073.4,USD,85,250,SUP-99999
PRD-00921,SKU-SYN-98766,Synthetic Lubricants Grade-L,Synthetic Lubricants,Crude Oil / Polymers,0.8,2427.79,USD,85,250,SUP-00029
PRD-00922,SKU-SYN-12362,Copper Conductors & Wiring Grade-M,Copper Conductors & Wiring,Copper,0.65,659.03,USD,65,500,SUP-00125
PRD-00923,SKU-SYN-64279,Heavy Engine Castings Grade-N,Heavy Engine Castings,Steel,0.5,1567.92,USD,20,500 units,SUP-00154
PRD-00924,sku_924,Printed Circuit Boards Grade-O,Printed Circuit Boards,Copper,0.35,$2757.69,USD,65,500,SUP-00654
PRD-00925,SKU-SYN-72558,Copper Conductors & Wiring Grade-P,Copper Conductors & Wiring,Copper,0.65,-1465.81,USD,19,100,SUP-00346
PRD-00926,SKU-SYN-73899,Corrugated Packaging Grade-Q,Corrugated Packaging,Packaging,0.2,2324.02,USD,19,500 units,SUP-00602
PRD-00927,SKU-SYN-30641,Heavy Engine Castings Grade-R,Heavy Engine Castings,Steel,0.5,2825.82,USD,60,,SUP-00732
PRD-00928,SKU-SYN-50866,Copper Conductors & Wiring Grade-S,,Copper,0.65,489.86,USD,24,250,SUP-00248
PRD-00929,SKU-SYN-16845,Copper Conductors & Wiring Grade-T,Copper Conductors & Wiring,Copper,0.65,117.53,USD,36,500 units,SUP-00103
PRD-00930,SKU-SYN-73912,industrial resins & plastics grade-930,Industrial Resins & Plastics,Crude Oil / Polymers,0.7,$2676.52,USD,31,500,SUP-00149
PRD-00931,SKU-SYN-71824,Copper Conductors & Wiring Grade-V,Copper Conductors & Wiring,Copper,0.65,65.23,USD,49,500 units,SUP-00539
PRD-00932,SKU-SYN-58465,Copper Conductors & Wiring Grade-W,Copper Conductors & Wiring,Copper,0.65,271.49,USD,50,500 units,SUP-00123
PRD-00933,SKU-SYN-42952,Copper Conductors & Wiring Grade-X,Copper Conductors & Wiring,Copper,0.65,200.55,USD,18,,SUP-00256
PRD-00934,SKU-SYN-93043,Synthetic Lubricants Grade-Y,Synthetic Lubricants,Crude Oil / Polymers,0.8,2841.57,USD,35,500,SUP-00256
PRD-00935,SKU-SYN-54912,Corrugated Packaging Grade-Z,Corrugated Packaging,Packaging,0.2,2897.14,USD,23,250,SUP-00155
PRD-00936,sku_936,Heavy Engine Castings Grade-A,,Steel,0.5,$517.77,USD,-10,100,SUP-00662
PRD-00937,SKU-SYN-69771,Corrugated Packaging Grade-B,Corrugated Packaging,Packaging,0.2,2701.09,USD,33,250,SUP-00991
PRD-00938,SKU-SYN-36780,Corrugated Packaging Grade-C,Corrugated Packaging,Packaging,0.2,2802.57,USD,11,500 units,SUP-00914
PRD-00939,SKU-SYN-97258,Synthetic Lubricants Grade-D,Synthetic Lubricants,Crude Oil / Polymers,0.8,1724.85,USD,46,500,SUP-00174
PRD-00940,SKU-SYN-94560,industrial resins & plastics grade-940,Industrial Resins & Plastics,Crude Oil / Polymers,0.7,2078.65,USD,68,250,SUP-99999
PRD-00941,SKU-SYN-58094,Heavy Engine Castings Grade-F,Heavy Engine Castings,Steel,0.5,959.6,USD,68,500,SUP-00306
PRD-00942,SKU-SYN-66662,Heavy Engine Castings Grade-G,Heavy Engine Castings,Steel,0.5,$2356.58,USD,56,250,SUP-00583
PRD-00943,SKU-SYN-61088,Synthetic Lubricants Grade-H,Synthetic Lubricants,Crude Oil / Polymers,0.8,1147.29,USD,38,500 units,SUP-00133
PRD-00944,SKU-SYN-21762,Heavy Engine Castings Grade-I,,Steel,0.5,89.6,USD,26,100,SUP-00607
PRD-00945,SKU-SYN-11989,Printed Circuit Boards Grade-J,Printed Circuit Boards,Copper,0.35,1591.68,USD,36,,SUP-00198
PRD-00946,SKU-SYN-68685,Industrial Resins & Plastics Grade-K,Industrial Resins & Plastics,Crude Oil / Polymers,0.7,2828.79,USD,54,,SUP-00461
PRD-00947,SKU-SYN-90524,Heavy Engine Castings Grade-L,Heavy Engine Castings,Steel,0.5,1104.16,USD,55,100,SUP-00850
PRD-00948,sku_948,Heavy Engine Castings Grade-M,Heavy Engine Castings,Steel,0.5,$1214.25,USD,74,,SUP-00121
PRD-00949,SKU-SYN-90053,Corrugated Packaging Grade-N,Corrugated Packaging,Packaging,0.2,3123.71,USD,12,,SUP-00403
PRD-00950,SKU-SYN-77215,heavy engine castings grade-950,Heavy Engine Castings,Steel,0.5,-2158.95,USD,45,250,SUP-00834
PRD-00951,SKU-SYN-26083,Copper Conductors & Wiring Grade-P,Copper Conductors & Wiring,Copper,0.65,1268.33,USD,46,100,SUP-00795
PRD-00952,SKU-SYN-21961,Copper Conductors & Wiring Grade-Q,,Copper,0.65,668.25,USD,64,100,SUP-00881
PRD-00953,SKU-SYN-51040,Heavy Engine Castings Grade-R,Heavy Engine Castings,Steel,0.5,3121.98,USD,46,500,SUP-00495
PRD-00954,SKU-SYN-89466,Synthetic Lubricants Grade-S,Synthetic Lubricants,Crude Oil / Polymers,0.8,$3120.88,USD,-10,500 units,SUP-00766
PRD-00955,SKU-SYN-79561,Industrial Resins & Plastics Grade-T,Industrial Resins & Plastics,Crude Oil / Polymers,0.7,786.94,USD,72,100,SUP-00652
PRD-00956,SKU-SYN-64009,Copper Conductors & Wiring Grade-U,Copper Conductors & Wiring,Copper,0.65,1660.86,USD,81,,SUP-00738
PRD-00957,SKU-SYN-56903,Industrial Resins & Plastics Grade-V,Industrial Resins & Plastics,Crude Oil / Polymers,0.7,1912.77,USD,32,250,SUP-00641
PRD-00958,SKU-SYN-97820,Printed Circuit Boards Grade-W,Printed Circuit Boards,Copper,0.35,1096.69,USD,26,250,SUP-00511
PRD-00959,SKU-SYN-75947,Industrial Resins & Plastics Grade-X,Industrial Resins & Plastics,Crude Oil / Polymers,0.7,2797.14,USD,41,250,SUP-00859
PRD-00960,sku_960,corrugated packaging grade-960,,Packaging,0.2,$1516.05,USD,50,,SUP-99999
PRD-00961,SKU-SYN-42076,Printed Circuit Boards Grade-Z,Printed Circuit Boards,Copper,0.35,3049.18,USD,83,500,SUP-00311
PRD-00962,SKU-SYN-88788,Corrugated Packaging Grade-A,Corrugated Packaging,Packaging,0.2,3064.95,USD,86,500,SUP-00140
PRD-00963,SKU-SYN-65359,Synthetic Lubricants Grade-B,Synthetic Lubricants,Crude Oil / Polymers,0.8,2351.27,USD,49,,SUP-00121
PRD-00964,SKU-SYN-71802,Synthetic Lubricants Grade-C,Synthetic Lubricants,Crude Oil / Polymers,0.8,1099.81,USD,71,,SUP-00969
PRD-00965,SKU-SYN-28965,Industrial Resins & Plastics Grade-D,Industrial Resins & Plastics,Crude Oil / Polymers,0.7,1202.96,USD,44,,SUP-00945
PRD-00966,SKU-SYN-90599,Heavy Engine Castings Grade-E,Heavy Engine Castings,Steel,0.5,$996.54,USD,20,100,SUP-00313
PRD-00967,SKU-SYN-95411,Industrial Resins & Plastics Grade-F,Industrial Resins & Plastics,Crude Oil / Polymers,0.7,2634.71,USD,55,,SUP-00499
PRD-00968,SKU-SYN-39258,Synthetic Lubricants Grade-G,,Crude Oil / Polymers,0.8,1025.26,USD,34,250,SUP-00518
PRD-00969,SKU-SYN-86635,Industrial Resins & Plastics Grade-H,Industrial Resins & Plastics,Crude Oil / Polymers,0.7,1370.21,USD,23,500 units,SUP-00444
PRD-00970,SKU-SYN-10286,copper conductors & wiring grade-970,Copper Conductors & Wiring,Copper,0.65,714.69,USD,57,250,SUP-00090
PRD-00971,SKU-SYN-94467,Copper Conductors & Wiring Grade-J,Copper Conductors & Wiring,Copper,0.65,2003.78,USD,51,500 units,SUP-00156
PRD-00972,sku_972,Industrial Resins & Plastics Grade-K,Industrial Resins & Plastics,Crude Oil / Polymers,0.7,$649.7,USD,-10,,SUP-00416
PRD-00973,SKU-SYN-45670,Copper Conductors & Wiring Grade-L,Copper Conductors & Wiring,Copper,0.65,721.93,USD,9,250,SUP-00708
PRD-00974,SKU-SYN-19748,Copper Conductors & Wiring Grade-M,Copper Conductors & Wiring,Copper,0.65,2317.74,USD,87,100,SUP-00313
PRD-00975,SKU-SYN-63657,Heavy Engine Castings Grade-N,Heavy Engine Castings,Steel,0.5,-1820.51,USD,30,100,SUP-00074
PRD-00976,SKU-SYN-88844,Heavy Engine Castings Grade-O,,Steel,0.5,2157.91,USD,24,250,SUP-00763
PRD-00977,SKU-SYN-62452,Heavy Engine Castings Grade-P,Heavy Engine Castings,Steel,0.5,1214.95,USD,18,500 units,SUP-00934
PRD-00978,SKU-SYN-41048,Printed Circuit Boards Grade-Q,Printed Circuit Boards,Copper,0.35,$2442.3,USD,46,500 units,SUP-00011
PRD-00979,SKU-SYN-89987,Industrial Resins & Plastics Grade-R,Industrial Resins & Plastics,Crude Oil / Polymers,0.7,2891.76,USD,31,,SUP-00389
PRD-00980,SKU-SYN-69589,corrugated packaging grade-980,Corrugated Packaging,Packaging,0.2,839.74,USD,35,100,SUP-99999
PRD-00981,SKU-SYN-35423,Printed Circuit Boards Grade-T,Printed Circuit Boards,Copper,0.35,501.43,USD,22,250,SUP-00624
PRD-00982,SKU-SYN-32607,Industrial Resins & Plastics Grade-U,Industrial Resins & Plastics,Crude Oil / Polymers,0.7,2605.57,USD,76,100,SUP-00631
PRD-00983,SKU-SYN-36786,Corrugated Packaging Grade-V,Corrugated Packaging,Packaging,0.2,1575.18,USD,17,100,SUP-00210
PRD-00984,sku_984,Synthetic Lubricants Grade-W,,Crude Oil / Polymers,0.8,$2962.55,USD,69,,SUP-00684
PRD-00985,SKU-SYN-78656,Synthetic Lubricants Grade-X,Synthetic Lubricants,Crude Oil / Polymers,0.8,244.12,USD,68,500,SUP-00966
PRD-00986,SKU-SYN-56160,Corrugated Packaging Grade-Y,Corrugated Packaging,Packaging,0.2,2328.94,USD,88,100,SUP-00599
PRD-00987,SKU-SYN-20612,Heavy Engine Castings Grade-Z,Heavy Engine Castings,Steel,0.5,79.0,USD,22,500 units,SUP-00069
PRD-00988,SKU-SYN-39530,Industrial Resins & Plastics Grade-A,Industrial Resins & Plastics,Crude Oil / Polymers,0.7,1808.85,USD,20,250,SUP-00690
PRD-00989,SKU-SYN-51255,Printed Circuit Boards Grade-B,Printed Circuit Boards,Copper,0.35,731.85,USD,66,250,SUP-00523
PRD-00990,SKU-SYN-56162,copper conductors & wiring grade-990,Copper Conductors & Wiring,Copper,0.65,$113.51,USD,-10,,SUP-00030
PRD-00991,SKU-SYN-54522,Corrugated Packaging Grade-D,Corrugated Packaging,Packaging,0.2,2195.12,USD,22,500 units,SUP-00646
PRD-00992,SKU-SYN-48874,Industrial Resins & Plastics Grade-E,,Crude Oil / Polymers,0.7,1461.43,USD,49,500 units,SUP-00194
PRD-00993,SKU-SYN-65677,Corrugated Packaging Grade-F,Corrugated Packaging,Packaging,0.2,1916.79,USD,80,,SUP-00828
PRD-00994,SKU-SYN-79628,Corrugated Packaging Grade-G,Corrugated Packaging,Packaging,0.2,1759.74,USD,80,500,SUP-00570
PRD-00995,SKU-SYN-64696,Synthetic Lubricants Grade-H,Synthetic Lubricants,Crude Oil / Polymers,0.8,973.67,USD,84,,SUP-00676
PRD-00996,sku_996,Heavy Engine Castings Grade-I,Heavy Engine Castings,Steel,0.5,$2222.22,USD,84,250,SUP-00641
PRD-00997,SKU-SYN-58536,Synthetic Lubricants Grade-J,Synthetic Lubricants,Crude Oil / Polymers,0.8,1253.59,USD,45,500 units,SUP-00646
PRD-00998,SKU-SYN-14137,Corrugated Packaging Grade-K,Corrugated Packaging,Packaging,0.2,229.65,USD,40,500,SUP-00829
PRD-00999,SKU-SYN-13659,Synthetic Lubricants Grade-L,Synthetic Lubricants,Crude Oil / Polymers,0.8,1479.61,USD,8,250,SUP-00978
PRD-01000,SKU-SYN-92234,printed circuit boards grade-1000,,Copper,0.35,-658.35,USD,80,500 units,SUP-99999
PRD-01001,SKU-SYN-75883,Printed Circuit Boards Grade-N,Printed Circuit Boards,Copper,0.35,2319.66,USD,15,500 units,SUP-00510
PRD-01002,SKU-SYN-99740,Synthetic Lubricants Grade-O,Synthetic Lubricants,Crude Oil / Polymers,0.8,$2970.97,USD,67,100,SUP-00878
PRD-01003,SKU-SYN-80043,Heavy Engine Castings Grade-P,Heavy Engine Castings,Steel,0.5,2670.27,USD,75,500 units,SUP-00063
PRD-01004,SKU-SYN-10056,Corrugated Packaging Grade-Q,Corrugated Packaging,Packaging,0.2,2252.46,USD,67,500,SUP-00942
PRD-01005,SKU-SYN-36723,Industrial Resins & Plastics Grade-R,Industrial Resins & Plastics,Crude Oil / Polymers,0.7,1340.16,USD,70,100,SUP-00962
PRD-01006,SKU-SYN-82267,Copper Conductors & Wiring Grade-S,Copper Conductors & Wiring,Copper,0.65,1978.75,USD,12,250,SUP-00140
PRD-01007,SKU-SYN-52012,Heavy Engine Castings Grade-T,Heavy Engine Castings,Steel,0.5,676.05,USD,70,100,SUP-00827
PRD-01008,sku_1008,Heavy Engine Castings Grade-U,,Steel,0.5,$571.42,USD,-10,100,SUP-00455
PRD-01009,SKU-SYN-55095,Printed Circuit Boards Grade-V,Printed Circuit Boards,Copper,0.35,2512.76,USD,35,100,SUP-00272
PRD-01010,SKU-SYN-62683,heavy engine castings grade-1010,Heavy Engine Castings,Steel,0.5,1594.79,USD,10,250,SUP-00971
PRD-01011,SKU-SYN-64306,Corrugated Packaging Grade-X,Corrugated Packaging,Packaging,0.2,3182.12,USD,43,,SUP-00882
PRD-01012,SKU-SYN-80557,Printed Circuit Boards Grade-Y,Printed Circuit Boards,Copper,0.35,1820.33,USD,83,500 units,SUP-00393
PRD-01013,SKU-SYN-70319,Synthetic Lubricants Grade-Z,Synthetic Lubricants,Crude Oil / Polymers,0.8,2605.16,USD,43,250,SUP-00151
PRD-01014,SKU-SYN-75117,Industrial Resins & Plastics Grade-A,Industrial Resins & Plastics,Crude Oil / Polymers,0.7,$1889.82,USD,67,500 units,SUP-00335
PRD-01015,SKU-SYN-21150,Printed Circuit Boards Grade-B,Printed Circuit Boards,Copper,0.35,2652.75,USD,78,500 units,SUP-00595
PRD-01016,SKU-SYN-70776,Copper Conductors & Wiring Grade-C,,Copper,0.65,1783.69,USD,21,500,SUP-00889
PRD-01017,SKU-SYN-87912,Printed Circuit Boards Grade-D,Printed Circuit Boards,Copper,0.35,1508.25,USD,46,500,SUP-00631
PRD-01018,SKU-SYN-17743,Corrugated Packaging Grade-E,Corrugated Packaging,Packaging,0.2,1281.36,USD,18,250,SUP-00631
PRD-01019,SKU-SYN-92639,Synthetic Lubricants Grade-F,Synthetic Lubricants,Crude Oil / Polymers,0.8,1175.92,USD,85,100,SUP-00095
PRD-01020,sku_1020,industrial resins & plastics grade-1020,Industrial Resins & Plastics,Crude Oil / Polymers,0.7,$1399.13,USD,57,250,SUP-99999
PRD-01021,SKU-SYN-58727,Corrugated Packaging Grade-H,Corrugated Packaging,Packaging,0.2,1882.96,USD,5,100,SUP-00339
PRD-01022,SKU-SYN-73005,Printed Circuit Boards Grade-I,Printed Circuit Boards,Copper,0.35,2877.42,USD,60,500,SUP-00130
PRD-01023,SKU-SYN-88804,Printed Circuit Boards Grade-J,Printed Circuit Boards,Copper,0.35,2516.46,USD,68,250,SUP-00728
PRD-01024,SKU-SYN-44560,Industrial Resins & Plastics Grade-K,,Crude Oil / Polymers,0.7,1279.71,USD,23,500,SUP-00696
PRD-01025,SKU-SYN-40341,Synthetic Lubricants Grade-L,Synthetic Lubricants,Crude Oil / Polymers,0.8,-400.11,USD,86,100,SUP-00048
PRD-01026,SKU-SYN-58138,Industrial Resins & Plastics Grade-M,Industrial Resins & Plastics,Crude Oil / Polymers,0.7,$1346.21,USD,-10,500 units,SUP-00141
PRD-01027,SKU-SYN-82877,Printed Circuit Boards Grade-N,Printed Circuit Boards,Copper,0.35,1404.52,USD,77,500 units,SUP-00765
PRD-01028,SKU-SYN-39326,Industrial Resins & Plastics Grade-O,Industrial Resins & Plastics,Crude Oil / Polymers,0.7,277.11,USD,57,,SUP-00885
PRD-01029,SKU-SYN-35519,Corrugated Packaging Grade-P,Corrugated Packaging,Packaging,0.2,999.46,USD,43,250,SUP-00837
PRD-01030,SKU-SYN-56494,corrugated packaging grade-1030,Corrugated Packaging,Packaging,0.2,2312.91,USD,80,100,SUP-00571
PRD-01031,SKU-SYN-44808,Printed Circuit Boards Grade-R,Printed Circuit Boards,Copper,0.35,23.37,USD,39,100,SUP-00162
PRD-01032,sku_1032,Synthetic Lubricants Grade-S,,Crude Oil / Polymers,0.8,$1751.84,USD,23,500,SUP-00579
PRD-01033,SKU-SYN-75621,Printed Circuit Boards Grade-T,Printed Circuit Boards,Copper,0.35,1107.55,USD,79,500 units,SUP-00796
PRD-01034,SKU-SYN-24178,Industrial Resins & Plastics Grade-U,Industrial Resins & Plastics,Crude Oil / Polymers,0.7,1489.54,USD,39,500 units,SUP-00428
PRD-01035,SKU-SYN-41707,Industrial Resins & Plastics Grade-V,Industrial Resins & Plastics,Crude Oil / Polymers,0.7,2768.01,USD,20,500 units,SUP-00173
PRD-01036,SKU-SYN-63348,Industrial Resins & Plastics Grade-W,Industrial Resins & Plastics,Crude Oil / Polymers,0.7,2873.96,USD,85,500 units,SUP-00687
PRD-01037,SKU-SYN-69602,Corrugated Packaging Grade-X,Corrugated Packaging,Packaging,0.2,1661.16,USD,46,250,SUP-00309
PRD-01038,SKU-SYN-63912,Heavy Engine Castings Grade-Y,Heavy Engine Castings,Steel,0.5,$2267.22,USD,61,500,SUP-00200
PRD-01039,SKU-SYN-37220,Printed Circuit Boards Grade-Z,Printed Circuit Boards,Copper,0.35,2229.4,USD,59,500 units,SUP-00676
PRD-01040,SKU-SYN-84892,corrugated packaging grade-1040,,Packaging,0.2,3055.01,USD,13,500,SUP-99999
PRD-01041,SKU-SYN-64737,Industrial Resins & Plastics Grade-B,Industrial Resins & Plastics,Crude Oil / Polymers,0.7,1304.73,USD,65,,SUP-00034
PRD-01042,SKU-SYN-14500,Corrugated Packaging Grade-C,Corrugated Packaging,Packaging,0.2,1996.62,USD,36,,SUP-00355
PRD-01043,SKU-SYN-93565,Heavy Engine Castings Grade-D,Heavy Engine Castings,Steel,0.5,2701.25,USD,19,500 units,SUP-00730
PRD-01044,sku_1044,Printed Circuit Boards Grade-E,Printed Circuit Boards,Copper,0.35,$1945.67,USD,-10,250,SUP-00446
PRD-01045,SKU-SYN-51099,Corrugated Packaging Grade-F,Corrugated Packaging,Packaging,0.2,2018.22,USD,86,500,SUP-00869
PRD-01046,SKU-SYN-41200,Heavy Engine Castings Grade-G,Heavy Engine Castings,Steel,0.5,2928.33,USD,65,250,SUP-00837
PRD-01047,SKU-SYN-12216,Corrugated Packaging Grade-H,Corrugated Packaging,Packaging,0.2,3188.64,USD,22,100,SUP-00512
PRD-01048,SKU-SYN-40470,Corrugated Packaging Grade-I,,Packaging,0.2,1515.96,USD,64,250,SUP-00739
PRD-01049,SKU-SYN-90573,Corrugated Packaging Grade-J,Corrugated Packaging,Packaging,0.2,2113.34,USD,55,,SUP-00267
PRD-01050,SKU-SYN-66362,copper conductors & wiring grade-1050,Copper Conductors & Wiring,Copper,0.65,$35.48,USD,73,250,SUP-00775
PRD-01051,SKU-SYN-89512,Corrugated Packaging Grade-L,Corrugated Packaging,Packaging,0.2,1641.26,USD,19,250,SUP-00159
PRD-01052,SKU-SYN-26052,Synthetic Lubricants Grade-M,Synthetic Lubricants,Crude Oil / Polymers,0.8,608.77,USD,55,,SUP-00041
PRD-01053,SKU-SYN-13541,Corrugated Packaging Grade-N,Corrugated Packaging,Packaging,0.2,2152.87,USD,15,500 units,SUP-00562
PRD-01054,SKU-SYN-21134,Heavy Engine Castings Grade-O,Heavy Engine Castings,Steel,0.5,876.27,USD,42,500,SUP-00697
PRD-01055,SKU-SYN-57532,Printed Circuit Boards Grade-P,Printed Circuit Boards,Copper,0.35,339.09,USD,73,100,SUP-00843
PRD-01056,sku_1056,Corrugated Packaging Grade-Q,,Packaging,0.2,$693.31,USD,43,250,SUP-00525
PRD-01057,SKU-SYN-49581,Heavy Engine Castings Grade-R,Heavy Engine Castings,Steel,0.5,1982.7,USD,66,100,SUP-00580
PRD-01058,SKU-SYN-39249,Copper Conductors & Wiring Grade-S,Copper Conductors & Wiring,Copper,0.65,3075.09,USD,41,100,SUP-00926
PRD-01059,SKU-SYN-76650,Copper Conductors & Wiring Grade-T,Copper Conductors & Wiring,Copper,0.65,1626.97,USD,55,,SUP-00096
PRD-01060,SKU-SYN-73087,printed circuit boards grade-1060,Printed Circuit Boards,Copper,0.35,164.39,USD,32,500,SUP-99999
PRD-01061,SKU-SYN-98873,Synthetic Lubricants Grade-V,Synthetic Lubricants,Crude Oil / Polymers,0.8,2591.26,USD,36,500,SUP-00126
PRD-01062,SKU-SYN-37175,Synthetic Lubricants Grade-W,Synthetic Lubricants,Crude Oil / Polymers,0.8,$1672.41,USD,-10,,SUP-00485
PRD-01063,SKU-SYN-94162,Synthetic Lubricants Grade-X,Synthetic Lubricants,Crude Oil / Polymers,0.8,2901.23,USD,42,250,SUP-00272
PRD-01064,SKU-SYN-31583,Synthetic Lubricants Grade-Y,,Crude Oil / Polymers,0.8,517.07,USD,39,,SUP-00294
PRD-01065,SKU-SYN-72488,Synthetic Lubricants Grade-Z,Synthetic Lubricants,Crude Oil / Polymers,0.8,658.84,USD,10,250,SUP-00154
PRD-01066,SKU-SYN-36537,Printed Circuit Boards Grade-A,Printed Circuit Boards,Copper,0.35,1114.79,USD,74,500,SUP-00537
PRD-01067,SKU-SYN-70345,Synthetic Lubricants Grade-B,Synthetic Lubricants,Crude Oil / Polymers,0.8,2101.11,USD,23,500,SUP-00745
PRD-01068,sku_1068,Synthetic Lubricants Grade-C,Synthetic Lubricants,Crude Oil / Polymers,0.8,$555.67,USD,22,100,SUP-00517
PRD-01069,SKU-SYN-53556,Printed Circuit Boards Grade-D,Printed Circuit Boards,Copper,0.35,2069.23,USD,6,500 units,SUP-00276
PRD-01070,SKU-SYN-90825,printed circuit boards grade-1070,Printed Circuit Boards,Copper,0.35,639.37,USD,37,250,SUP-00621
PRD-01071,SKU-SYN-11875,Corrugated Packaging Grade-F,Corrugated Packaging,Packaging,0.2,393.68,USD,33,,SUP-00879
PRD-01072,SKU-SYN-49206,Synthetic Lubricants Grade-G,,Crude Oil / Polymers,0.8,2830.36,USD,57,500 units,SUP-00063
PRD-01073,SKU-SYN-15542,Synthetic Lubricants Grade-H,Synthetic Lubricants,Crude Oil / Polymers,0.8,646.87,USD,87,250,SUP-00274
PRD-01074,SKU-SYN-51391,Industrial Resins & Plastics Grade-I,Industrial Resins & Plastics,Crude Oil / Polymers,0.7,$1602.4,USD,42,500 units,SUP-00525
PRD-01075,SKU-SYN-76711,Heavy Engine Castings Grade-J,Heavy Engine Castings,Steel,0.5,-3127.5,USD,15,500 units,SUP-00044
PRD-01076,SKU-SYN-50239,Corrugated Packaging Grade-K,Corrugated Packaging,Packaging,0.2,391.66,USD,63,,SUP-00104
PRD-01077,SKU-SYN-17198,Industrial Resins & Plastics Grade-L,Industrial Resins & Plastics,Crude Oil / Polymers,0.7,2881.5,USD,30,,SUP-00374
PRD-01078,SKU-SYN-20770,Synthetic Lubricants Grade-M,Synthetic Lubricants,Crude Oil / Polymers,0.8,272.09,USD,15,250,SUP-00456
PRD-01079,SKU-SYN-12495,Heavy Engine Castings Grade-N,Heavy Engine Castings,Steel,0.5,2592.09,USD,81,,SUP-00393
PRD-01080,sku_1080,industrial resins & plastics grade-1080,,Crude Oil / Polymers,0.7,$2611.99,USD,-10,500 units,SUP-99999
PRD-01081,SKU-SYN-52221,Printed Circuit Boards Grade-P,Printed Circuit Boards,Copper,0.35,2249.39,USD,57,100,SUP-00848
PRD-01082,SKU-SYN-49351,Heavy Engine Castings Grade-Q,Heavy Engine Castings,Steel,0.5,141.86,USD,22,100,SUP-00906
PRD-01083,SKU-SYN-18659,Printed Circuit Boards Grade-R,Printed Circuit Boards,Copper,0.35,2185.46,USD,31,250,SUP-00833
PRD-01084,SKU-SYN-82470,Corrugated Packaging Grade-S,Corrugated Packaging,Packaging,0.2,2061.18,USD,37,250,SUP-00724
PRD-01085,SKU-SYN-97348,Industrial Resins & Plastics Grade-T,Industrial Resins & Plastics,Crude Oil / Polymers,0.7,293.75,USD,49,,SUP-00198
PRD-01086,SKU-SYN-83861,Industrial Resins & Plastics Grade-U,Industrial Resins & Plastics,Crude Oil / Polymers,0.7,$1044.59,USD,13,500,SUP-00400
PRD-01087,SKU-SYN-25879,Industrial Resins & Plastics Grade-V,Industrial Resins & Plastics,Crude Oil / Polymers,0.7,95.26,USD,6,100,SUP-00189
PRD-01088,SKU-SYN-44661,Printed Circuit Boards Grade-W,,Copper,0.35,2169.57,USD,65,500,SUP-00843
PRD-01089,SKU-SYN-29139,Copper Conductors & Wiring Grade-X,Copper Conductors & Wiring,Copper,0.65,2762.15,USD,57,100,SUP-00962
PRD-01090,SKU-SYN-81940,synthetic lubricants grade-1090,Synthetic Lubricants,Crude Oil / Polymers,0.8,2924.65,USD,34,500,SUP-00694
PRD-01091,SKU-SYN-49360,Corrugated Packaging Grade-Z,Corrugated Packaging,Packaging,0.2,1638.56,USD,48,500,SUP-00972
PRD-01092,sku_1092,Corrugated Packaging Grade-A,Corrugated Packaging,Packaging,0.2,$26.27,USD,75,,SUP-00778
PRD-01093,SKU-SYN-78906,Industrial Resins & Plastics Grade-B,Industrial Resins & Plastics,Crude Oil / Polymers,0.7,96.63,USD,36,100,SUP-00952
PRD-01094,SKU-SYN-88709,Heavy Engine Castings Grade-C,Heavy Engine Castings,Steel,0.5,1021.72,USD,76,250,SUP-00875
PRD-01095,SKU-SYN-28435,Corrugated Packaging Grade-D,Corrugated Packaging,Packaging,0.2,2806.17,USD,38,,SUP-00527
PRD-01096,SKU-SYN-67806,Copper Conductors & Wiring Grade-E,,Copper,0.65,30.59,USD,46,100,SUP-00947
PRD-01097,SKU-SYN-32331,Heavy Engine Castings Grade-F,Heavy Engine Castings,Steel,0.5,2014.38,USD,81,500 units,SUP-00058
PRD-01098,SKU-SYN-82199,Corrugated Packaging Grade-G,Corrugated Packaging,Packaging,0.2,$555.49,USD,-10,100,SUP-00907
PRD-01099,SKU-SYN-67969,Corrugated Packaging Grade-H,Corrugated Packaging,Packaging,0.2,1233.9,USD,80,,SUP-00866
PRD-01100,SKU-SYN-34416,corrugated packaging grade-1100,Corrugated Packaging,Packaging,0.2,-2845.82,USD,10,250,SUP-99999
PRD-01101,SKU-SYN-70260,Printed Circuit Boards Grade-J,Printed Circuit Boards,Copper,0.35,495.03,USD,63,100,SUP-00240
PRD-01102,SKU-SYN-86089,Synthetic Lubricants Grade-K,Synthetic Lubricants,Crude Oil / Polymers,0.8,826.67,USD,22,100,SUP-00132
PRD-01103,SKU-SYN-85097,Printed Circuit Boards Grade-L,Printed Circuit Boards,Copper,0.35,559.87,USD,34,500 units,SUP-00666
PRD-01104,sku_1104,Industrial Resins & Plastics Grade-M,,Crude Oil / Polymers,0.7,$706.92,USD,79,500,SUP-00904
PRD-01105,SKU-SYN-10088,Corrugated Packaging Grade-N,Corrugated Packaging,Packaging,0.2,1637.97,USD,52,250,SUP-00974
PRD-01106,SKU-SYN-16158,Copper Conductors & Wiring Grade-O,Copper Conductors & Wiring,Copper,0.65,3078.17,USD,34,500 units,SUP-00717
PRD-01107,SKU-SYN-57295,Industrial Resins & Plastics Grade-P,Industrial Resins & Plastics,Crude Oil / Polymers,0.7,2270.91,USD,20,500,SUP-00690
PRD-01108,SKU-SYN-33559,Synthetic Lubricants Grade-Q,Synthetic Lubricants,Crude Oil / Polymers,0.8,803.12,USD,78,,SUP-00300
PRD-01109,SKU-SYN-27939,Corrugated Packaging Grade-R,Corrugated Packaging,Packaging,0.2,2446.3,USD,62,,SUP-00621
PRD-01110,SKU-SYN-87881,heavy engine castings grade-1110,Heavy Engine Castings,Steel,0.5,$1987.27,USD,85,250,SUP-00776
PRD-01111,SKU-SYN-43609,Synthetic Lubricants Grade-T,Synthetic Lubricants,Crude Oil / Polymers,0.8,145.24,USD,82,500,SUP-00259
PRD-01112,SKU-SYN-96180,Synthetic Lubricants Grade-U,,Crude Oil / Polymers,0.8,287.03,USD,65,,SUP-00071
PRD-01113,SKU-SYN-84348,Printed Circuit Boards Grade-V,Printed Circuit Boards,Copper,0.35,2075.2,USD,51,500,SUP-00271
PRD-01114,SKU-SYN-80657,Synthetic Lubricants Grade-W,Synthetic Lubricants,Crude Oil / Polymers,0.8,3093.44,USD,65,250,SUP-00210
PRD-01115,SKU-SYN-68779,Heavy Engine Castings Grade-X,Heavy Engine Castings,Steel,0.5,1333.97,USD,17,,SUP-00688
PRD-01116,sku_1116,Corrugated Packaging Grade-Y,Corrugated Packaging,Packaging,0.2,$899.99,USD,-10,250,SUP-00702
PRD-01117,SKU-SYN-49001,Printed Circuit Boards Grade-Z,Printed Circuit Boards,Copper,0.35,2866.19,USD,45,500 units,SUP-00390
PRD-01118,SKU-SYN-58388,Corrugated Packaging Grade-A,Corrugated Packaging,Packaging,0.2,2330.5,USD,45,500,SUP-00177
PRD-01119,SKU-SYN-55347,Synthetic Lubricants Grade-B,Synthetic Lubricants,Crude Oil / Polymers,0.8,798.35,USD,36,,SUP-00599
PRD-01120,SKU-SYN-80224,copper conductors & wiring grade-1120,,Copper,0.65,2009.4,USD,48,500,SUP-99999
PRD-01121,SKU-SYN-71728,Heavy Engine Castings Grade-D,Heavy Engine Castings,Steel,0.5,1673.59,USD,56,250,SUP-00361
PRD-01122,SKU-SYN-61324,Printed Circuit Boards Grade-E,Printed Circuit Boards,Copper,0.35,$1482.89,USD,65,500 units,SUP-00261
PRD-01123,SKU-SYN-53347,Copper Conductors & Wiring Grade-F,Copper Conductors & Wiring,Copper,0.65,646.17,USD,74,250,SUP-00202
PRD-01124,SKU-SYN-59638,Corrugated Packaging Grade-G,Corrugated Packaging,Packaging,0.2,1378.41,USD,70,250,SUP-00445
PRD-01125,SKU-SYN-96230,Heavy Engine Castings Grade-H,Heavy Engine Castings,Steel,0.5,-1332.35,USD,68,500,SUP-00076
PRD-01126,SKU-SYN-54768,Printed Circuit Boards Grade-I,Printed Circuit Boards,Copper,0.35,2335.26,USD,33,500,SUP-00847
PRD-01127,SKU-SYN-60566,Printed Circuit Boards Grade-J,Printed Circuit Boards,Copper,0.35,528.21,USD,48,500,SUP-00442
PRD-01128,sku_1128,Heavy Engine Castings Grade-K,,Steel,0.5,$985.92,USD,84,500,SUP-00512
PRD-01129,SKU-SYN-87632,Corrugated Packaging Grade-L,Corrugated Packaging,Packaging,0.2,1444.35,USD,13,,SUP-00191
PRD-01130,SKU-SYN-88500,corrugated packaging grade-1130,Corrugated Packaging,Packaging,0.2,108.25,USD,76,500 units,SUP-00071
PRD-01131,SKU-SYN-22539,Printed Circuit Boards Grade-N,Printed Circuit Boards,Copper,0.35,2452.35,USD,82,250,SUP-00774
PRD-01132,SKU-SYN-53424,Copper Conductors & Wiring Grade-O,Copper Conductors & Wiring,Copper,0.65,806.12,USD,52,100,SUP-00164
PRD-01133,SKU-SYN-66907,Copper Conductors & Wiring Grade-P,Copper Conductors & Wiring,Copper,0.65,942.06,USD,39,250,SUP-00057
PRD-01134,SKU-SYN-20073,Industrial Resins & Plastics Grade-Q,Industrial Resins & Plastics,Crude Oil / Polymers,0.7,$2664.3,USD,-10,100,SUP-00700
PRD-01135,SKU-SYN-40516,Industrial Resins & Plastics Grade-R,Industrial Resins & Plastics,Crude Oil / Polymers,0.7,844.77,USD,87,100,SUP-00440
PRD-01136,SKU-SYN-49070,Copper Conductors & Wiring Grade-S,,Copper,0.65,2108.92,USD,10,,SUP-00334
PRD-01137,SKU-SYN-42567,Synthetic Lubricants Grade-T,Synthetic Lubricants,Crude Oil / Polymers,0.8,1920.4,USD,49,,SUP-00261
PRD-01138,SKU-SYN-73455,Corrugated Packaging Grade-U,Corrugated Packaging,Packaging,0.2,1680.2,USD,52,500,SUP-00515
PRD-01139,SKU-SYN-94355,Printed Circuit Boards Grade-V,Printed Circuit Boards,Copper,0.35,2384.87,USD,44,250,SUP-00721
PRD-01140,sku_1140,heavy engine castings grade-1140,Heavy Engine Castings,Steel,0.5,$2184.56,USD,38,250,SUP-99999
PRD-01141,SKU-SYN-69281,Copper Conductors & Wiring Grade-X,Copper Conductors & Wiring,Copper,0.65,1156.64,USD,60,,SUP-00916
PRD-01142,SKU-SYN-51560,Industrial Resins & Plastics Grade-Y,Industrial Resins & Plastics,Crude Oil / Polymers,0.7,2303.95,USD,17,,SUP-00421
PRD-01143,SKU-SYN-10923,Corrugated Packaging Grade-Z,Corrugated Packaging,Packaging,0.2,721.33,USD,85,100,SUP-00313
PRD-01144,SKU-SYN-17603,Heavy Engine Castings Grade-A,,Steel,0.5,1213.26,USD,29,100,SUP-00206
PRD-01145,SKU-SYN-78232,Synthetic Lubricants Grade-B,Synthetic Lubricants,Crude Oil / Polymers,0.8,1922.87,USD,86,250,SUP-00861
PRD-01146,SKU-SYN-79778,Industrial Resins & Plastics Grade-C,Industrial Resins & Plastics,Crude Oil / Polymers,0.7,$957.41,USD,70,,SUP-00635
PRD-01147,SKU-SYN-21037,Industrial Resins & Plastics Grade-D,Industrial Resins & Plastics,Crude Oil / Polymers,0.7,750.12,USD,51,100,SUP-00228
PRD-01148,SKU-SYN-63048,Industrial Resins & Plastics Grade-E,Industrial Resins & Plastics,Crude Oil / Polymers,0.7,2345.46,USD,17,250,SUP-00689
PRD-01149,SKU-SYN-24207,Synthetic Lubricants Grade-F,Synthetic Lubricants,Crude Oil / Polymers,0.8,2818.13,USD,16,500 units,SUP-00156
PRD-01150,SKU-SYN-42741,corrugated packaging grade-1150,Corrugated Packaging,Packaging,0.2,-1320.77,USD,38,500 units,SUP-00050
PRD-01151,SKU-SYN-40119,Heavy Engine Castings Grade-H,Heavy Engine Castings,Steel,0.5,1367.38,USD,37,500,SUP-00216
PRD-01152,sku_1152,Industrial Resins & Plastics Grade-I,,Crude Oil / Polymers,0.7,$2121.18,USD,-10,500 units,SUP-00448
PRD-01153,SKU-SYN-50477,Synthetic Lubricants Grade-J,Synthetic Lubricants,Crude Oil / Polymers,0.8,1124.39,USD,47,250,SUP-00154
PRD-01154,SKU-SYN-28748,Synthetic Lubricants Grade-K,Synthetic Lubricants,Crude Oil / Polymers,0.8,677.31,USD,73,500,SUP-00872
PRD-01155,SKU-SYN-68576,Synthetic Lubricants Grade-L,Synthetic Lubricants,Crude Oil / Polymers,0.8,2244.94,USD,24,100,SUP-00913
PRD-01156,SKU-SYN-54203,Copper Conductors & Wiring Grade-M,Copper Conductors & Wiring,Copper,0.65,379.19,USD,90,,SUP-00412
PRD-01157,SKU-SYN-78073,Industrial Resins & Plastics Grade-N,Industrial Resins & Plastics,Crude Oil / Polymers,0.7,2674.42,USD,29,250,SUP-00958
PRD-01158,SKU-SYN-46094,Synthetic Lubricants Grade-O,Synthetic Lubricants,Crude Oil / Polymers,0.8,$1934.96,USD,79,500,SUP-00504
PRD-01159,SKU-SYN-93855,Printed Circuit Boards Grade-P,Printed Circuit Boards,Copper,0.35,27.23,USD,83,100,SUP-00273
PRD-01160,SKU-SYN-71736,copper conductors & wiring grade-1160,,Copper,0.65,852.24,USD,35,500,SUP-99999
PRD-01161,SKU-SYN-48721,Printed Circuit Boards Grade-R,Printed Circuit Boards,Copper,0.35,823.96,USD,68,500,SUP-00446
PRD-01162,SKU-SYN-87053,Synthetic Lubricants Grade-S,Synthetic Lubricants,Crude Oil / Polymers,0.8,1151.53,USD,74,500,SUP-00267
PRD-01163,SKU-SYN-42339,Printed Circuit Boards Grade-T,Printed Circuit Boards,Copper,0.35,139.27,USD,85,500 units,SUP-00808
PRD-01164,sku_1164,Copper Conductors & Wiring Grade-U,Copper Conductors & Wiring,Copper,0.65,$2457.57,USD,57,500 units,SUP-00282
PRD-01165,SKU-SYN-24856,Corrugated Packaging Grade-V,Corrugated Packaging,Packaging,0.2,2174.69,USD,68,500,SUP-00705
PRD-01166,SKU-SYN-62865,Corrugated Packaging Grade-W,Corrugated Packaging,Packaging,0.2,1328.16,USD,15,250,SUP-00358
PRD-01167,SKU-SYN-17311,Heavy Engine Castings Grade-X,Heavy Engine Castings,Steel,0.5,1652.8,USD,30,500 units,SUP-00667
PRD-01168,SKU-SYN-26750,Industrial Resins & Plastics Grade-Y,,Crude Oil / Polymers,0.7,95.67,USD,25,500,SUP-00265
PRD-01169,SKU-SYN-36611,Industrial Resins & Plastics Grade-Z,Industrial Resins & Plastics,Crude Oil / Polymers,0.7,878.27,USD,56,500 units,SUP-00012
PRD-01170,SKU-SYN-32424,industrial resins & plastics grade-1170,Industrial Resins & Plastics,Crude Oil / Polymers,0.7,$30.33,USD,-10,250,SUP-00483
PRD-01171,SKU-SYN-20033,Copper Conductors & Wiring Grade-B,Copper Conductors & Wiring,Copper,0.65,2787.5,USD,12,500 units,SUP-00631
PRD-01172,SKU-SYN-57681,Synthetic Lubricants Grade-C,Synthetic Lubricants,Crude Oil / Polymers,0.8,1009.36,USD,48,500,SUP-00142
PRD-01173,SKU-SYN-61281,Printed Circuit Boards Grade-D,Printed Circuit Boards,Copper,0.35,2473.72,USD,46,500,SUP-00487
PRD-01174,SKU-SYN-96935,Printed Circuit Boards Grade-E,Printed Circuit Boards,Copper,0.35,1067.32,USD,44,500 units,SUP-00500
PRD-01175,SKU-SYN-33122,Heavy Engine Castings Grade-F,Heavy Engine Castings,Steel,0.5,-640.25,USD,37,250,SUP-00862
PRD-01176,sku_1176,Industrial Resins & Plastics Grade-G,,Crude Oil / Polymers,0.7,$2445.24,USD,87,100,SUP-00572
PRD-01177,SKU-SYN-45302,Industrial Resins & Plastics Grade-H,Industrial Resins & Plastics,Crude Oil / Polymers,0.7,2773.08,USD,20,500 units,SUP-00083
PRD-01178,SKU-SYN-56146,Industrial Resins & Plastics Grade-I,Industrial Resins & Plastics,Crude Oil / Polymers,0.7,1087.32,USD,86,500,SUP-00613
PRD-01179,SKU-SYN-97831,Heavy Engine Castings Grade-J,Heavy Engine Castings,Steel,0.5,1609.62,USD,16,500,SUP-00783
PRD-01180,SKU-SYN-80458,heavy engine castings grade-1180,Heavy Engine Castings,Steel,0.5,840.69,USD,29,250,SUP-99999
PRD-01181,SKU-SYN-94302,Synthetic Lubricants Grade-L,Synthetic Lubricants,Crude Oil / Polymers,0.8,244.39,USD,41,500,SUP-00808
PRD-01182,SKU-SYN-57794,Copper Conductors & Wiring Grade-M,Copper Conductors & Wiring,Copper,0.65,$2047.85,USD,28,,SUP-00433
PRD-01183,SKU-SYN-40753,Heavy Engine Castings Grade-N,Heavy Engine Castings,Steel,0.5,2822.8,USD,23,500,SUP-00609
PRD-01184,SKU-SYN-78099,Synthetic Lubricants Grade-O,,Crude Oil / Polymers,0.8,778.1,USD,35,,SUP-00083
PRD-01185,SKU-SYN-60668,Industrial Resins & Plastics Grade-P,Industrial Resins & Plastics,Crude Oil / Polymers,0.7,2441.23,USD,88,,SUP-00940
PRD-01186,SKU-SYN-98459,Heavy Engine Castings Grade-Q,Heavy Engine Castings,Steel,0.5,969.51,USD,33,250,SUP-00222
PRD-01187,SKU-SYN-42524,Printed Circuit Boards Grade-R,Printed Circuit Boards,Copper,0.35,1413.29,USD,15,250,SUP-00315
PRD-01188,sku_1188,Corrugated Packaging Grade-S,Corrugated Packaging,Packaging,0.2,$1938.23,USD,-10,,SUP-00187
PRD-01189,SKU-SYN-23440,Heavy Engine Castings Grade-T,Heavy Engine Castings,Steel,0.5,398.52,USD,75,500 units,SUP-00451
PRD-01190,SKU-SYN-85500,corrugated packaging grade-1190,Corrugated Packaging,Packaging,0.2,2233.81,USD,13,250,SUP-00430
PRD-01191,SKU-SYN-76254,Heavy Engine Castings Grade-V,Heavy Engine Castings,Steel,0.5,2176.87,USD,89,,SUP-00709
PRD-01192,SKU-SYN-54476,Copper Conductors & Wiring Grade-W,,Copper,0.65,336.09,USD,56,100,SUP-00651
PRD-01193,SKU-SYN-70585,Corrugated Packaging Grade-X,Corrugated Packaging,Packaging,0.2,2297.56,USD,31,100,SUP-00890
PRD-01194,SKU-SYN-50826,Synthetic Lubricants Grade-Y,Synthetic Lubricants,Crude Oil / Polymers,0.8,$1656.68,USD,16,100,SUP-00707
PRD-01195,SKU-SYN-76981,Heavy Engine Castings Grade-Z,Heavy Engine Castings,Steel,0.5,706.25,USD,6,500,SUP-00303
PRD-01196,SKU-SYN-27500,Synthetic Lubricants Grade-A,Synthetic Lubricants,Crude Oil / Polymers,0.8,2884.52,USD,39,500,SUP-00255
PRD-01197,SKU-SYN-96621,Industrial Resins & Plastics Grade-B,Industrial Resins & Plastics,Crude Oil / Polymers,0.7,1418.03,USD,79,500,SUP-00313
PRD-01198,SKU-SYN-11284,Synthetic Lubricants Grade-C,Synthetic Lubricants,Crude Oil / Polymers,0.8,263.96,USD,89,250,SUP-00079
PRD-01199,SKU-SYN-87742,Printed Circuit Boards Grade-D,Printed Circuit Boards,Copper,0.35,2624.33,USD,75,500,SUP-00649
prd_1200,sku_1200,corrugated packaging grade-1200,,Packaging,0.2,$3041.01,USD,46,500 units,SUP-99999
PRD-01201,SKU-SYN-36652,Corrugated Packaging Grade-F,Corrugated Packaging,Packaging,0.2,1374.32,USD,51,,SUP-00181
PRD-01202,SKU-SYN-63944,Corrugated Packaging Grade-G,Corrugated Packaging,Packaging,0.2,2642.13,USD,72,500,SUP-00436
PRD-01203,SKU-SYN-50560,Copper Conductors & Wiring Grade-H,Copper Conductors & Wiring,Copper,0.65,2125.5,USD,12,500 units,SUP-00724
PRD-01204,SKU-SYN-62385,Corrugated Packaging Grade-I,Corrugated Packaging,Packaging,0.2,2540.84,USD,66,500 units,SUP-00588
PRD-01205,SKU-SYN-65259,Synthetic Lubricants Grade-J,Synthetic Lubricants,Crude Oil / Polymers,0.8,1287.84,USD,36,250,SUP-00095
PRD-01206,SKU-SYN-23425,Printed Circuit Boards Grade-K,Printed Circuit Boards,Copper,0.35,$1051.39,USD,-10,500 units,SUP-00536
PRD-01207,SKU-SYN-31211,Corrugated Packaging Grade-L,Corrugated Packaging,Packaging,0.2,6.76,USD,83,250,SUP-00745
PRD-01208,SKU-SYN-29420,Printed Circuit Boards Grade-M,,Copper,0.35,1776.4,USD,70,500,SUP-00601
PRD-01209,SKU-SYN-20919,Industrial Resins & Plastics Grade-N,Industrial Resins & Plastics,Crude Oil / Polymers,0.7,2377.88,USD,19,100,SUP-00598
PRD-01210,SKU-SYN-63070,corrugated packaging grade-1210,Corrugated Packaging,Packaging,0.2,343.41,USD,24,500 units,SUP-00055
PRD-01211,SKU-SYN-51371,Synthetic Lubricants Grade-P,Synthetic Lubricants,Crude Oil / Polymers,0.8,872.43,USD,48,,SUP-00652
PRD-01212,sku_1212,Printed Circuit Boards Grade-Q,Printed Circuit Boards,Copper,0.35,$248.23,USD,88,250,SUP-00299
PRD-01213,SKU-SYN-68834,Heavy Engine Castings Grade-R,Heavy Engine Castings,Steel,0.5,1289.21,USD,67,,SUP-00883
PRD-01214,SKU-SYN-44289,Synthetic Lubricants Grade-S,Synthetic Lubricants,Crude Oil / Polymers,0.8,2036.41,USD,23,100,SUP-00345
PRD-01215,SKU-SYN-83989,Printed Circuit Boards Grade-T,Printed Circuit Boards,Copper,0.35,749.7,USD,47,500 units,SUP-00165
PRD-01216,SKU-SYN-49619,Copper Conductors & Wiring Grade-U,,Copper,0.65,117.04,USD,9,100,SUP-00459
PRD-01217,SKU-SYN-76638,Synthetic Lubricants Grade-V,Synthetic Lubricants,Crude Oil / Polymers,0.8,2556.36,USD,53,250,SUP-00539
PRD-01218,SKU-SYN-31736,Printed Circuit Boards Grade-W,Printed Circuit Boards,Copper,0.35,$1496.1,USD,68,500 units,SUP-00738
PRD-01219,SKU-SYN-10495,Synthetic Lubricants Grade-X,Synthetic Lubricants,Crude Oil / Polymers,0.8,1380.46,USD,7,250,SUP-00418
PRD-01220,SKU-SYN-24452,industrial resins & plastics grade-1220,Industrial Resins & Plastics,Crude Oil / Polymers,0.7,1832.32,USD,79,500 units,SUP-99999
PRD-01221,SKU-SYN-57649,Copper Conductors & Wiring Grade-Z,Copper Conductors & Wiring,Copper,0.65,530.41,USD,84,250,SUP-00724
PRD-01222,SKU-SYN-26279,Synthetic Lubricants Grade-A,Synthetic Lubricants,Crude Oil / Polymers,0.8,2427.29,USD,37,250,SUP-00622
PRD-01223,SKU-SYN-73314,Heavy Engine Castings Grade-B,Heavy Engine Castings,Steel,0.5,3147.94,USD,37,,SUP-00318
PRD-01224,sku_1224,Industrial Resins & Plastics Grade-C,,Crude Oil / Polymers,0.7,$1994.28,USD,-10,500 units,SUP-00901
PRD-01225,SKU-SYN-63266,Copper Conductors & Wiring Grade-D,Copper Conductors & Wiring,Copper,0.65,-767.01,USD,49,250,SUP-00016
PRD-01226,SKU-SYN-90790,Synthetic Lubricants Grade-E,Synthetic Lubricants,Crude Oil / Polymers,0.8,3186.34,USD,90,250,SUP-00965
PRD-01227,SKU-SYN-57241,Copper Conductors & Wiring Grade-F,Copper Conductors & Wiring,Copper,0.65,2054.4,USD,74,250,SUP-00610
PRD-01228,SKU-SYN-38634,Heavy Engine Castings Grade-G,Heavy Engine Castings,Steel,0.5,1430.28,USD,77,500,SUP-00328
PRD-01229,SKU-SYN-85965,Printed Circuit Boards Grade-H,Printed Circuit Boards,Copper,0.35,1567.49,USD,14,500 units,SUP-00579
PRD-01230,SKU-SYN-15240,heavy engine castings grade-1230,Heavy Engine Castings,Steel,0.5,$1490.27,USD,73,100,SUP-00216
PRD-01231,SKU-SYN-86591,Printed Circuit Boards Grade-J,Printed Circuit Boards,Copper,0.35,3194.42,USD,49,100,SUP-00265
PRD-01232,SKU-SYN-73243,Copper Conductors & Wiring Grade-K,,Copper,0.65,492.78,USD,27,500,SUP-00233
PRD-01233,SKU-SYN-72366,Synthetic Lubricants Grade-L,Synthetic Lubricants,Crude Oil / Polymers,0.8,1436.19,USD,70,500 units,SUP-00123
PRD-01234,SKU-SYN-96975,Printed Circuit Boards Grade-M,Printed Circuit Boards,Copper,0.35,1119.15,USD,8,500,SUP-00622
PRD-01235,SKU-SYN-57161,Copper Conductors & Wiring Grade-N,Copper Conductors & Wiring,Copper,0.65,2568.23,USD,47,,SUP-00108
PRD-01236,sku_1236,Synthetic Lubricants Grade-O,Synthetic Lubricants,Crude Oil / Polymers,0.8,$1875.16,USD,19,,SUP-00313
PRD-01237,SKU-SYN-18015,Printed Circuit Boards Grade-P,Printed Circuit Boards,Copper,0.35,747.12,USD,61,100,SUP-00513
PRD-01238,SKU-SYN-51509,Corrugated Packaging Grade-Q,Corrugated Packaging,Packaging,0.2,836.32,USD,88,,SUP-00380
PRD-01239,SKU-SYN-35823,Printed Circuit Boards Grade-R,Printed Circuit Boards,Copper,0.35,2689.18,USD,79,100,SUP-00108
PRD-01240,SKU-SYN-19236,industrial resins & plastics grade-1240,,Crude Oil / Polymers,0.7,363.03,USD,31,500,SUP-99999
PRD-01241,SKU-SYN-85795,Synthetic Lubricants Grade-T,Synthetic Lubricants,Crude Oil / Polymers,0.8,249.84,USD,31,,SUP-00315
PRD-01242,SKU-SYN-64413,Corrugated Packaging Grade-U,Corrugated Packaging,Packaging,0.2,$2800.46,USD,-10,500 units,SUP-00550
PRD-01243,SKU-SYN-57433,Copper Conductors & Wiring Grade-V,Copper Conductors & Wiring,Copper,0.65,1580.36,USD,65,100,SUP-00686
PRD-01244,SKU-SYN-54169,Heavy Engine Castings Grade-W,Heavy Engine Castings,Steel,0.5,2002.25,USD,6,250,SUP-00141
PRD-01245,SKU-SYN-93086,Copper Conductors & Wiring Grade-X,Copper Conductors & Wiring,Copper,0.65,3076.0,USD,55,250,SUP-00064
PRD-01246,SKU-SYN-40822,Industrial Resins & Plastics Grade-Y,Industrial Resins & Plastics,Crude Oil / Polymers,0.7,2229.0,USD,36,500,SUP-00896
PRD-01247,SKU-SYN-51566,Industrial Resins & Plastics Grade-Z,Industrial Resins & Plastics,Crude Oil / Polymers,0.7,2002.59,USD,49,100,SUP-00131
PRD-01248,sku_1248,Heavy Engine Castings Grade-A,,Steel,0.5,$530.7,USD,12,500 units,SUP-00422
PRD-01249,SKU-SYN-25413,Heavy Engine Castings Grade-B,Heavy Engine Castings,Steel,0.5,963.41,USD,29,500 units,SUP-00343
PRD-01250,SKU-SYN-12103,synthetic lubricants grade-1250,Synthetic Lubricants,Crude Oil / Polymers,0.8,-1177.99,USD,38,250,SUP-00113
PRD-01251,SKU-SYN-48947,Industrial Resins & Plastics Grade-D,Industrial Resins & Plastics,Crude Oil / Polymers,0.7,1416.41,USD,22,100,SUP-00420
PRD-01252,SKU-SYN-97533,Synthetic Lubricants Grade-E,Synthetic Lubricants,Crude Oil / Polymers,0.8,2109.44,USD,90,500,SUP-00622
PRD-01253,SKU-SYN-52807,Corrugated Packaging Grade-F,Corrugated Packaging,Packaging,0.2,2282.75,USD,54,500 units,SUP-00805
PRD-01254,SKU-SYN-48356,Copper Conductors & Wiring Grade-G,Copper Conductors & Wiring,Copper,0.65,$383.34,USD,85,100,SUP-00307
PRD-01255,SKU-SYN-56919,Heavy Engine Castings Grade-H,Heavy Engine Castings,Steel,0.5,2985.88,USD,85,100,SUP-00824
PRD-01256,SKU-SYN-90991,Corrugated Packaging Grade-I,,Packaging,0.2,2912.01,USD,80,500 units,SUP-00353
PRD-01257,SKU-SYN-90072,Synthetic Lubricants Grade-J,Synthetic Lubricants,Crude Oil / Polymers,0.8,3085.9,USD,83,,SUP-00584
PRD-01258,SKU-SYN-79699,Copper Conductors & Wiring Grade-K,Copper Conductors & Wiring,Copper,0.65,2032.57,USD,86,250,SUP-00162
PRD-01259,SKU-SYN-58250,Heavy Engine Castings Grade-L,Heavy Engine Castings,Steel,0.5,591.47,USD,15,500,SUP-00152
PRD-01260,sku_1260,printed circuit boards grade-1260,Printed Circuit Boards,Copper,0.35,$1927.75,USD,-10,,SUP-99999
PRD-01261,SKU-SYN-87922,Printed Circuit Boards Grade-N,Printed Circuit Boards,Copper,0.35,559.28,USD,10,500,SUP-00204
PRD-01262,SKU-SYN-40581,Copper Conductors & Wiring Grade-O,Copper Conductors & Wiring,Copper,0.65,2357.38,USD,20,,SUP-00946
PRD-01263,SKU-SYN-43889,Industrial Resins & Plastics Grade-P,Industrial Resins & Plastics,Crude Oil / Polymers,0.7,1943.97,USD,10,100,SUP-00197
PRD-01264,SKU-SYN-55099,Industrial Resins & Plastics Grade-Q,,Crude Oil / Polymers,0.7,2975.14,USD,46,500,SUP-00913
PRD-01265,SKU-SYN-28301,Heavy Engine Castings Grade-R,Heavy Engine Castings,Steel,0.5,450.41,USD,44,100,SUP-00890
PRD-01266,SKU-SYN-27442,Heavy Engine Castings Grade-S,Heavy Engine Castings,Steel,0.5,$2524.04,USD,89,500,SUP-00935
PRD-01267,SKU-SYN-87704,Heavy Engine Castings Grade-T,Heavy Engine Castings,Steel,0.5,2095.9,USD,27,250,SUP-00487
PRD-01268,SKU-SYN-54590,Corrugated Packaging Grade-U,Corrugated Packaging,Packaging,0.2,62.06,USD,86,500 units,SUP-00875
PRD-01269,SKU-SYN-77716,Corrugated Packaging Grade-V,Corrugated Packaging,Packaging,0.2,1237.19,USD,61,500,SUP-00800
PRD-01270,SKU-SYN-23535,synthetic lubricants grade-1270,Synthetic Lubricants,Crude Oil / Polymers,0.8,1479.2,USD,61,,SUP-00219
PRD-01271,SKU-SYN-50033,Heavy Engine Castings Grade-X,Heavy Engine Castings,Steel,0.5,2318.17,USD,27,250,SUP-00775
PRD-01272,sku_1272,Copper Conductors & Wiring Grade-Y,,Copper,0.65,$2993.41,USD,82,100,SUP-00338
PRD-01273,SKU-SYN-14014,Industrial Resins & Plastics Grade-Z,Industrial Resins & Plastics,Crude Oil / Polymers,0.7,3139.03,USD,56,100,SUP-00157
PRD-01274,SKU-SYN-68876,Industrial Resins & Plastics Grade-A,Industrial Resins & Plastics,Crude Oil / Polymers,0.7,1350.21,USD,74,,SUP-00881
PRD-01275,SKU-SYN-21984,Synthetic Lubricants Grade-B,Synthetic Lubricants,Crude Oil / Polymers,0.8,-3052.31,USD,90,100,SUP-00830
PRD-01276,SKU-SYN-70443,Industrial Resins & Plastics Grade-C,Industrial Resins & Plastics,Crude Oil / Polymers,0.7,1910.62,USD,41,500 units,SUP-00062
PRD-01277,SKU-SYN-79243,Copper Conductors & Wiring Grade-D,Copper Conductors & Wiring,Copper,0.65,2750.85,USD,25,100,SUP-00304
PRD-01278,SKU-SYN-40379,Printed Circuit Boards Grade-E,Printed Circuit Boards,Copper,0.35,$109.84,USD,-10,250,SUP-00505
PRD-01279,SKU-SYN-86267,Heavy Engine Castings Grade-F,Heavy Engine Castings,Steel,0.5,2009.34,USD,41,500,SUP-00302
PRD-01280,SKU-SYN-68025,printed circuit boards grade-1280,,Copper,0.35,1076.85,USD,50,250,SUP-99999
PRD-01281,SKU-SYN-95590,Printed Circuit Boards Grade-H,Printed Circuit Boards,Copper,0.35,1357.46,USD,80,500,SUP-00707
PRD-01282,SKU-SYN-58707,Printed Circuit Boards Grade-I,Printed Circuit Boards,Copper,0.35,3127.12,USD,86,250,SUP-00011
PRD-01283,SKU-SYN-81657,Industrial Resins & Plastics Grade-J,Industrial Resins & Plastics,Crude Oil / Polymers,0.7,1739.74,USD,68,500,SUP-00607
PRD-01284,sku_1284,Copper Conductors & Wiring Grade-K,Copper Conductors & Wiring,Copper,0.65,$52.18,USD,75,500 units,SUP-00159
PRD-01285,SKU-SYN-67137,Industrial Resins & Plastics Grade-L,Industrial Resins & Plastics,Crude Oil / Polymers,0.7,2235.41,USD,56,500,SUP-00821
PRD-01286,SKU-SYN-87859,Synthetic Lubricants Grade-M,Synthetic Lubricants,Crude Oil / Polymers,0.8,2328.14,USD,80,500 units,SUP-00603
PRD-01287,SKU-SYN-89831,Printed Circuit Boards Grade-N,Printed Circuit Boards,Copper,0.35,2221.78,USD,5,500,SUP-00966
PRD-01288,SKU-SYN-97155,Copper Conductors & Wiring Grade-O,,Copper,0.65,2931.56,USD,21,500 units,SUP-00825
PRD-01289,SKU-SYN-97684,Printed Circuit Boards Grade-P,Printed Circuit Boards,Copper,0.35,542.13,USD,25,250,SUP-00044
PRD-01290,SKU-SYN-66208,synthetic lubricants grade-1290,Synthetic Lubricants,Crude Oil / Polymers,0.8,$2551.77,USD,11,500 units,SUP-00366
PRD-01291,SKU-SYN-61572,Copper Conductors & Wiring Grade-R,Copper Conductors & Wiring,Copper,0.65,1494.02,USD,58,250,SUP-00606
PRD-01292,SKU-SYN-98915,Copper Conductors & Wiring Grade-S,Copper Conductors & Wiring,Copper,0.65,1025.26,USD,19,100,SUP-00556
PRD-01293,SKU-SYN-19851,Synthetic Lubricants Grade-T,Synthetic Lubricants,Crude Oil / Polymers,0.8,1768.74,USD,23,250,SUP-00049
PRD-01294,SKU-SYN-60751,Heavy Engine Castings Grade-U,Heavy Engine Castings,Steel,0.5,1928.18,USD,33,250,SUP-00255
PRD-01295,SKU-SYN-81577,Synthetic Lubricants Grade-V,Synthetic Lubricants,Crude Oil / Polymers,0.8,1574.67,USD,56,500 units,SUP-00325
PRD-01296,sku_1296,Corrugated Packaging Grade-W,,Packaging,0.2,$1701.47,USD,-10,100,SUP-00962
PRD-01297,SKU-SYN-18831,Printed Circuit Boards Grade-X,Printed Circuit Boards,Copper,0.35,1774.78,USD,55,250,SUP-00350
PRD-01298,SKU-SYN-68993,Synthetic Lubricants Grade-Y,Synthetic Lubricants,Crude Oil / Polymers,0.8,1878.43,USD,78,500 units,SUP-00603
PRD-01299,SKU-SYN-22968,Corrugated Packaging Grade-Z,Corrugated Packaging,Packaging,0.2,2693.4,USD,57,500,SUP-00732
PRD-01300,SKU-SYN-53256,industrial resins & plastics grade-1300,Industrial Resins & Plastics,Crude Oil / Polymers,0.7,-1191.83,USD,25,,SUP-99999
PRD-01301,SKU-SYN-68072,Heavy Engine Castings Grade-B,Heavy Engine Castings,Steel,0.5,2702.17,USD,30,,SUP-00975
PRD-01302,SKU-SYN-20645,Synthetic Lubricants Grade-C,Synthetic Lubricants,Crude Oil / Polymers,0.8,$2620.58,USD,57,500,SUP-00413
PRD-01303,SKU-SYN-89856,Copper Conductors & Wiring Grade-D,Copper Conductors & Wiring,Copper,0.65,2294.47,USD,31,,SUP-00231
PRD-01304,SKU-SYN-59598,Heavy Engine Castings Grade-E,,Steel,0.5,2913.41,USD,36,,SUP-00857
PRD-01305,SKU-SYN-12233,Industrial Resins & Plastics Grade-F,Industrial Resins & Plastics,Crude Oil / Polymers,0.7,1170.09,USD,13,500,SUP-00834
PRD-01306,SKU-SYN-31214,Copper Conductors & Wiring Grade-G,Copper Conductors & Wiring,Copper,0.65,1253.01,USD,37,250,SUP-00598
PRD-01307,SKU-SYN-13766,Industrial Resins & Plastics Grade-H,Industrial Resins & Plastics,Crude Oil / Polymers,0.7,2232.45,USD,56,500 units,SUP-00206
PRD-01308,sku_1308,Industrial Resins & Plastics Grade-I,Industrial Resins & Plastics,Crude Oil / Polymers,0.7,$1508.39,USD,75,,SUP-00241
PRD-01309,SKU-SYN-32538,Industrial Resins & Plastics Grade-J,Industrial Resins & Plastics,Crude Oil / Polymers,0.7,1864.21,USD,64,500 units,SUP-00468
PRD-01310,SKU-SYN-84203,industrial resins & plastics grade-1310,Industrial Resins & Plastics,Crude Oil / Polymers,0.7,1103.56,USD,76,100,SUP-00942
PRD-01311,SKU-SYN-41687,Industrial Resins & Plastics Grade-L,Industrial Resins & Plastics,Crude Oil / Polymers,0.7,1718.23,USD,83,100,SUP-00916
PRD-01312,SKU-SYN-22520,Synthetic Lubricants Grade-M,,Crude Oil / Polymers,0.8,3140.49,USD,43,250,SUP-00132
PRD-01313,SKU-SYN-55172,Corrugated Packaging Grade-N,Corrugated Packaging,Packaging,0.2,120.81,USD,72,,SUP-00505
PRD-01314,SKU-SYN-67639,Industrial Resins & Plastics Grade-O,Industrial Resins & Plastics,Crude Oil / Polymers,0.7,$1484.39,USD,-10,100,SUP-00298
PRD-01315,SKU-SYN-11345,Heavy Engine Castings Grade-P,Heavy Engine Castings,Steel,0.5,2611.95,USD,6,,SUP-00440
PRD-01316,SKU-SYN-45150,Printed Circuit Boards Grade-Q,Printed Circuit Boards,Copper,0.35,1607.78,USD,10,500 units,SUP-00281
PRD-01317,SKU-SYN-90064,Synthetic Lubricants Grade-R,Synthetic Lubricants,Crude Oil / Polymers,0.8,474.45,USD,88,500 units,SUP-00658
PRD-01318,SKU-SYN-89870,Industrial Resins & Plastics Grade-S,Industrial Resins & Plastics,Crude Oil / Polymers,0.7,1877.12,USD,30,500,SUP-00553
PRD-01319,SKU-SYN-50222,Corrugated Packaging Grade-T,Corrugated Packaging,Packaging,0.2,1432.69,USD,52,250,SUP-00203
PRD-01320,sku_1320,corrugated packaging grade-1320,,Packaging,0.2,$2460.75,USD,18,500,SUP-99999
PRD-01321,SKU-SYN-97958,Corrugated Packaging Grade-V,Corrugated Packaging,Packaging,0.2,2800.59,USD,59,100,SUP-00454
PRD-01322,SKU-SYN-72506,Synthetic Lubricants Grade-W,Synthetic Lubricants,Crude Oil / Polymers,0.8,816.84,USD,33,250,SUP-00144
PRD-01323,SKU-SYN-33517,Synthetic Lubricants Grade-X,Synthetic Lubricants,Crude Oil / Polymers,0.8,630.92,USD,82,500 units,SUP-00866
PRD-01324,SKU-SYN-23278,Corrugated Packaging Grade-Y,Corrugated Packaging,Packaging,0.2,1277.54,USD,40,250,SUP-00288
PRD-01325,SKU-SYN-75016,Printed Circuit Boards Grade-Z,Printed Circuit Boards,Copper,0.35,-943.43,USD,27,250,SUP-00208
PRD-01326,SKU-SYN-65019,Corrugated Packaging Grade-A,Corrugated Packaging,Packaging,0.2,$1720.45,USD,59,500 units,SUP-00015
PRD-01327,SKU-SYN-67881,Heavy Engine Castings Grade-B,Heavy Engine Castings,Steel,0.5,2891.42,USD,55,500 units,SUP-00208
PRD-01328,SKU-SYN-73253,Heavy Engine Castings Grade-C,,Steel,0.5,2064.07,USD,21,,SUP-00539
PRD-01329,SKU-SYN-44948,Synthetic Lubricants Grade-D,Synthetic Lubricants,Crude Oil / Polymers,0.8,2702.19,USD,69,500,SUP-00669
PRD-01330,SKU-SYN-56004,printed circuit boards grade-1330,Printed Circuit Boards,Copper,0.35,2974.34,USD,67,,SUP-00182
PRD-01331,SKU-SYN-80161,Printed Circuit Boards Grade-F,Printed Circuit Boards,Copper,0.35,1461.99,USD,81,500,SUP-00946
PRD-01332,sku_1332,Printed Circuit Boards Grade-G,Printed Circuit Boards,Copper,0.35,$2210.46,USD,-10,100,SUP-00935
PRD-01333,SKU-SYN-66345,Heavy Engine Castings Grade-H,Heavy Engine Castings,Steel,0.5,269.51,USD,43,500 units,SUP-00869
PRD-01334,SKU-SYN-20923,Industrial Resins & Plastics Grade-I,Industrial Resins & Plastics,Crude Oil / Polymers,0.7,3166.86,USD,83,500,SUP-00333
PRD-01335,SKU-SYN-55991,Copper Conductors & Wiring Grade-J,Copper Conductors & Wiring,Copper,0.65,1759.21,USD,29,,SUP-00308
PRD-01336,SKU-SYN-59375,Heavy Engine Castings Grade-K,,Steel,0.5,601.7,USD,61,,SUP-00779
PRD-01337,SKU-SYN-18099,Printed Circuit Boards Grade-L,Printed Circuit Boards,Copper,0.35,1551.15,USD,58,250,SUP-00501
PRD-01338,SKU-SYN-14460,Heavy Engine Castings Grade-M,Heavy Engine Castings,Steel,0.5,$2672.06,USD,12,250,SUP-00188
PRD-01339,SKU-SYN-78073,Heavy Engine Castings Grade-N,Heavy Engine Castings,Steel,0.5,1618.72,USD,68,500,SUP-00032
PRD-01340,SKU-SYN-59554,synthetic lubricants grade-1340,Synthetic Lubricants,Crude Oil / Polymers,0.8,492.83,USD,55,500 units,SUP-99999
PRD-01341,SKU-SYN-33635,Industrial Resins & Plastics Grade-P,Industrial Resins & Plastics,Crude Oil / Polymers,0.7,542.45,USD,77,250,SUP-00797
PRD-01342,SKU-SYN-51497,Corrugated Packaging Grade-Q,Corrugated Packaging,Packaging,0.2,2291.82,USD,7,500 units,SUP-00976
PRD-01343,SKU-SYN-11197,Corrugated Packaging Grade-R,Corrugated Packaging,Packaging,0.2,2274.11,USD,42,250,SUP-00564
PRD-01344,sku_1344,Printed Circuit Boards Grade-S,,Copper,0.35,$482.32,USD,50,250,SUP-00829
PRD-01345,SKU-SYN-87434,Heavy Engine Castings Grade-T,Heavy Engine Castings,Steel,0.5,184.36,USD,72,,SUP-00662
PRD-01346,SKU-SYN-72887,Heavy Engine Castings Grade-U,Heavy Engine Castings,Steel,0.5,2235.93,USD,75,500 units,SUP-00135
PRD-01347,SKU-SYN-63450,Industrial Resins & Plastics Grade-V,Industrial Resins & Plastics,Crude Oil / Polymers,0.7,899.69,USD,20,500 units,SUP-00066
PRD-01348,SKU-SYN-58086,Corrugated Packaging Grade-W,Corrugated Packaging,Packaging,0.2,351.95,USD,54,100,SUP-00645
PRD-01349,SKU-SYN-89810,Heavy Engine Castings Grade-X,Heavy Engine Castings,Steel,0.5,1711.26,USD,89,100,SUP-00555
PRD-01350,SKU-SYN-20352,corrugated packaging grade-1350,Corrugated Packaging,Packaging,0.2,$646.93,USD,-10,,SUP-00049
PRD-01351,SKU-SYN-45233,Synthetic Lubricants Grade-Z,Synthetic Lubricants,Crude Oil / Polymers,0.8,749.61,USD,45,100,SUP-00073
PRD-01352,SKU-SYN-46302,Heavy Engine Castings Grade-A,,Steel,0.5,1281.44,USD,61,100,SUP-00434
PRD-01353,SKU-SYN-67811,Synthetic Lubricants Grade-B,Synthetic Lubricants,Crude Oil / Polymers,0.8,2746.8,USD,58,100,SUP-00894
PRD-01354,SKU-SYN-41415,Corrugated Packaging Grade-C,Corrugated Packaging,Packaging,0.2,1294.92,USD,24,500 units,SUP-00976
PRD-01355,SKU-SYN-91880,Copper Conductors & Wiring Grade-D,Copper Conductors & Wiring,Copper,0.65,328.0,USD,36,100,SUP-00172
PRD-01356,sku_1356,Synthetic Lubricants Grade-E,Synthetic Lubricants,Crude Oil / Polymers,0.8,$1255.85,USD,86,,SUP-00029
PRD-01357,SKU-SYN-64419,Copper Conductors & Wiring Grade-F,Copper Conductors & Wiring,Copper,0.65,1811.02,USD,11,100,SUP-00667
PRD-01358,SKU-SYN-77913,Synthetic Lubricants Grade-G,Synthetic Lubricants,Crude Oil / Polymers,0.8,1075.51,USD,48,500,SUP-00280
PRD-01359,SKU-SYN-76563,Copper Conductors & Wiring Grade-H,Copper Conductors & Wiring,Copper,0.65,1281.27,USD,58,500,SUP-00357
PRD-01360,SKU-SYN-33307,copper conductors & wiring grade-1360,,Copper,0.65,1018.36,USD,39,,SUP-99999
PRD-01361,SKU-SYN-41487,Industrial Resins & Plastics Grade-J,Industrial Resins & Plastics,Crude Oil / Polymers,0.7,964.6,USD,65,250,SUP-00836
PRD-01362,SKU-SYN-67650,Heavy Engine Castings Grade-K,Heavy Engine Castings,Steel,0.5,$3107.46,USD,19,500 units,SUP-00102
PRD-01363,SKU-SYN-99842,Corrugated Packaging Grade-L,Corrugated Packaging,Packaging,0.2,1622.25,USD,88,100,SUP-00055
PRD-01364,SKU-SYN-93433,Printed Circuit Boards Grade-M,Printed Circuit Boards,Copper,0.35,2473.6,USD,72,,SUP-00710
PRD-01365,SKU-SYN-42278,Heavy Engine Castings Grade-N,Heavy Engine Castings,Steel,0.5,815.68,USD,46,500 units,SUP-00669
PRD-01366,SKU-SYN-98169,Heavy Engine Castings Grade-O,Heavy Engine Castings,Steel,0.5,2204.27,USD,33,250,SUP-00682
PRD-01367,SKU-SYN-62910,Corrugated Packaging Grade-P,Corrugated Packaging,Packaging,0.2,1129.62,USD,30,250,SUP-00292
PRD-01368,sku_1368,Copper Conductors & Wiring Grade-Q,,Copper,0.65,$2657.1,USD,-10,500 units,SUP-00293
PRD-01369,SKU-SYN-78343,Synthetic Lubricants Grade-R,Synthetic Lubricants,Crude Oil / Polymers,0.8,1764.41,USD,86,100,SUP-00728
PRD-01370,SKU-SYN-95843,printed circuit boards grade-1370,Printed Circuit Boards,Copper,0.35,2604.03,USD,80,500 units,SUP-00124
PRD-01371,SKU-SYN-31156,Industrial Resins & Plastics Grade-T,Industrial Resins & Plastics,Crude Oil / Polymers,0.7,229.21,USD,64,250,SUP-00512
PRD-01372,SKU-SYN-66946,Corrugated Packaging Grade-U,Corrugated Packaging,Packaging,0.2,2109.65,USD,80,250,SUP-00324
PRD-01373,SKU-SYN-43979,Copper Conductors & Wiring Grade-V,Copper Conductors & Wiring,Copper,0.65,2109.79,USD,17,250,SUP-00233
PRD-01374,SKU-SYN-60879,Corrugated Packaging Grade-W,Corrugated Packaging,Packaging,0.2,$879.19,USD,20,500 units,SUP-00710
PRD-01375,SKU-SYN-78768,Copper Conductors & Wiring Grade-X,Copper Conductors & Wiring,Copper,0.65,-1391.82,USD,36,250,SUP-00877
PRD-01376,SKU-SYN-94312,Copper Conductors & Wiring Grade-Y,,Copper,0.65,1950.62,USD,36,500,SUP-00553
PRD-01377,SKU-SYN-83709,Industrial Resins & Plastics Grade-Z,Industrial Resins & Plastics,Crude Oil / Polymers,0.7,1525.42,USD,62,100,SUP-00892
PRD-01378,SKU-SYN-85804,Copper Conductors & Wiring Grade-A,Copper Conductors & Wiring,Copper,0.65,1690.22,USD,15,500 units,SUP-00040
PRD-01379,SKU-SYN-37909,Corrugated Packaging Grade-B,Corrugated Packaging,Packaging,0.2,2639.13,USD,49,500 units,SUP-00086
PRD-01380,sku_1380,corrugated packaging grade-1380,Corrugated Packaging,Packaging,0.2,$764.68,USD,39,,SUP-99999
PRD-01381,SKU-SYN-22425,Industrial Resins & Plastics Grade-D,Industrial Resins & Plastics,Crude Oil / Polymers,0.7,636.58,USD,56,500,SUP-00255
PRD-01382,SKU-SYN-11825,Industrial Resins & Plastics Grade-E,Industrial Resins & Plastics,Crude Oil / Polymers,0.7,342.0,USD,81,,SUP-00838
PRD-01383,SKU-SYN-25137,Synthetic Lubricants Grade-F,Synthetic Lubricants,Crude Oil / Polymers,0.8,1639.54,USD,15,100,SUP-00177
PRD-01384,SKU-SYN-63321,Printed Circuit Boards Grade-G,,Copper,0.35,496.05,USD,77,500,SUP-00429
PRD-01385,SKU-SYN-73293,Printed Circuit Boards Grade-H,Printed Circuit Boards,Copper,0.35,491.64,USD,34,100,SUP-00556
PRD-01386,SKU-SYN-16049,Heavy Engine Castings Grade-I,Heavy Engine Castings,Steel,0.5,$2697.02,USD,-10,500,SUP-00104
PRD-01387,SKU-SYN-82599,Synthetic Lubricants Grade-J,Synthetic Lubricants,Crude Oil / Polymers,0.8,1913.9,USD,57,500,SUP-00043
PRD-01388,SKU-SYN-49147,Corrugated Packaging Grade-K,Corrugated Packaging,Packaging,0.2,2230.99,USD,38,250,SUP-00326
PRD-01389,SKU-SYN-97454,Heavy Engine Castings Grade-L,Heavy Engine Castings,Steel,0.5,111.74,USD,56,250,SUP-00435
PRD-01390,SKU-SYN-42183,heavy engine castings grade-1390,Heavy Engine Castings,Steel,0.5,1588.29,USD,73,100,SUP-00990
PRD-01391,SKU-SYN-78971,Heavy Engine Castings Grade-N,Heavy Engine Castings,Steel,0.5,1361.39,USD,89,,SUP-00992
PRD-01392,sku_1392,Printed Circuit Boards Grade-O,,Copper,0.35,$591.05,USD,69,100,SUP-00959
PRD-01393,SKU-SYN-52032,Synthetic Lubricants Grade-P,Synthetic Lubricants,Crude Oil / Polymers,0.8,108.5,USD,13,,SUP-00010
PRD-01394,SKU-SYN-31005,Synthetic Lubricants Grade-Q,Synthetic Lubricants,Crude Oil / Polymers,0.8,806.27,USD,81,100,SUP-00738
PRD-01395,SKU-SYN-60272,Printed Circuit Boards Grade-R,Printed Circuit Boards,Copper,0.35,781.35,USD,31,,SUP-00193
PRD-01396,SKU-SYN-68105,Corrugated Packaging Grade-S,Corrugated Packaging,Packaging,0.2,685.99,USD,39,250,SUP-00880
PRD-01397,SKU-SYN-25331,Copper Conductors & Wiring Grade-T,Copper Conductors & Wiring,Copper,0.65,1509.25,USD,45,250,SUP-00028
PRD-01398,SKU-SYN-26137,Printed Circuit Boards Grade-U,Printed Circuit Boards,Copper,0.35,$1365.97,USD,36,,SUP-00084
PRD-01399,SKU-SYN-68701,Printed Circuit Boards Grade-V,Printed Circuit Boards,Copper,0.35,1239.18,USD,34,500 units,SUP-00578
PRD-01400,SKU-SYN-53637,synthetic lubricants grade-1400,,Crude Oil / Polymers,0.8,-1942.44,USD,33,500 units,SUP-99999
PRD-01401,SKU-SYN-28841,Heavy Engine Castings Grade-X,Heavy Engine Castings,Steel,0.5,3002.0,USD,83,500 units,SUP-00400
PRD-01402,SKU-SYN-40960,Synthetic Lubricants Grade-Y,Synthetic Lubricants,Crude Oil / Polymers,0.8,558.7,USD,26,500,SUP-00151
PRD-01403,SKU-SYN-21633,Corrugated Packaging Grade-Z,Corrugated Packaging,Packaging,0.2,1282.49,USD,37,100,SUP-00249
PRD-01404,sku_1404,Copper Conductors & Wiring Grade-A,Copper Conductors & Wiring,Copper,0.65,$2281.99,USD,-10,500,SUP-00903
PRD-01405,SKU-SYN-73761,Synthetic Lubricants Grade-B,Synthetic Lubricants,Crude Oil / Polymers,0.8,2986.16,USD,71,,SUP-00159
PRD-01406,SKU-SYN-23292,Copper Conductors & Wiring Grade-C,Copper Conductors & Wiring,Copper,0.65,1197.51,USD,80,250,SUP-00871
PRD-01407,SKU-SYN-26375,Corrugated Packaging Grade-D,Corrugated Packaging,Packaging,0.2,1651.49,USD,70,100,SUP-00171
PRD-01408,SKU-SYN-24312,Copper Conductors & Wiring Grade-E,,Copper,0.65,1726.57,USD,43,,SUP-00572
PRD-01409,SKU-SYN-79546,Industrial Resins & Plastics Grade-F,Industrial Resins & Plastics,Crude Oil / Polymers,0.7,1807.89,USD,81,500 units,SUP-00470
PRD-01410,SKU-SYN-96493,industrial resins & plastics grade-1410,Industrial Resins & Plastics,Crude Oil / Polymers,0.7,$1263.78,USD,57,,SUP-00680
PRD-01411,SKU-SYN-93944,Printed Circuit Boards Grade-H,Printed Circuit Boards,Copper,0.35,1482.96,USD,38,250,SUP-00191
PRD-01412,SKU-SYN-59223,Heavy Engine Castings Grade-I,Heavy Engine Castings,Steel,0.5,1821.92,USD,46,500 units,SUP-00644
PRD-01413,SKU-SYN-21597,Synthetic Lubricants Grade-J,Synthetic Lubricants,Crude Oil / Polymers,0.8,1382.89,USD,59,500 units,SUP-00298
PRD-01414,SKU-SYN-46967,Synthetic Lubricants Grade-K,Synthetic Lubricants,Crude Oil / Polymers,0.8,985.24,USD,87,250,SUP-00994
PRD-01415,SKU-SYN-50779,Copper Conductors & Wiring Grade-L,Copper Conductors & Wiring,Copper,0.65,1744.26,USD,8,500,SUP-00261
PRD-01416,sku_1416,Synthetic Lubricants Grade-M,,Crude Oil / Polymers,0.8,$1560.47,USD,30,,SUP-00083
PRD-01417,SKU-SYN-51597,Heavy Engine Castings Grade-N,Heavy Engine Castings,Steel,0.5,3124.77,USD,85,,SUP-00524
PRD-01418,SKU-SYN-55553,Synthetic Lubricants Grade-O,Synthetic Lubricants,Crude Oil / Polymers,0.8,1965.65,USD,71,500 units,SUP-00416
PRD-01419,SKU-SYN-27964,Industrial Resins & Plastics Grade-P,Industrial Resins & Plastics,Crude Oil / Polymers,0.7,29.42,USD,47,,SUP-00663
PRD-01420,SKU-SYN-93075,heavy engine castings grade-1420,Heavy Engine Castings,Steel,0.5,2368.13,USD,76,100,SUP-99999
PRD-01421,SKU-SYN-79626,Heavy Engine Castings Grade-R,Heavy Engine Castings,Steel,0.5,584.85,USD,29,250,SUP-00058
PRD-01422,SKU-SYN-16821,Copper Conductors & Wiring Grade-S,Copper Conductors & Wiring,Copper,0.65,$2451.26,USD,-10,250,SUP-00662
PRD-01423,SKU-SYN-44950,Synthetic Lubricants Grade-T,Synthetic Lubricants,Crude Oil / Polymers,0.8,3075.2,USD,65,,SUP-00882
PRD-01424,SKU-SYN-30452,Printed Circuit Boards Grade-U,,Copper,0.35,950.17,USD,47,100,SUP-00655
PRD-01425,SKU-SYN-34564,Corrugated Packaging Grade-V,Corrugated Packaging,Packaging,0.2,-1552.29,USD,12,250,SUP-00464
PRD-01426,SKU-SYN-19372,Industrial Resins & Plastics Grade-W,Industrial Resins & Plastics,Crude Oil / Polymers,0.7,2477.15,USD,52,,SUP-00467
PRD-01427,SKU-SYN-68992,Printed Circuit Boards Grade-X,Printed Circuit Boards,Copper,0.35,1764.68,USD,35,,SUP-00672
PRD-01428,sku_1428,Printed Circuit Boards Grade-Y,Printed Circuit Boards,Copper,0.35,$1192.11,USD,20,500,SUP-00311
PRD-01429,SKU-SYN-51195,Corrugated Packaging Grade-Z,Corrugated Packaging,Packaging,0.2,1185.04,USD,12,250,SUP-00121
PRD-01430,SKU-SYN-13271,copper conductors & wiring grade-1430,Copper Conductors & Wiring,Copper,0.65,1948.47,USD,71,500 units,SUP-00797
PRD-01431,SKU-SYN-16629,Copper Conductors & Wiring Grade-B,Copper Conductors & Wiring,Copper,0.65,2089.92,USD,54,250,SUP-00245
PRD-01432,SKU-SYN-20586,Printed Circuit Boards Grade-C,,Copper,0.35,792.96,USD,44,100,SUP-00659
PRD-01433,SKU-SYN-48389,Industrial Resins & Plastics Grade-D,Industrial Resins & Plastics,Crude Oil / Polymers,0.7,539.54,USD,8,,SUP-00194
PRD-01434,SKU-SYN-40535,Synthetic Lubricants Grade-E,Synthetic Lubricants,Crude Oil / Polymers,0.8,$372.94,USD,52,250,SUP-00740
PRD-01435,SKU-SYN-41952,Heavy Engine Castings Grade-F,Heavy Engine Castings,Steel,0.5,2528.35,USD,35,,SUP-00929
PRD-01436,SKU-SYN-89261,Synthetic Lubricants Grade-G,Synthetic Lubricants,Crude Oil / Polymers,0.8,2313.54,USD,38,500 units,SUP-00458
PRD-01437,SKU-SYN-34188,Industrial Resins & Plastics Grade-H,Industrial Resins & Plastics,Crude Oil / Polymers,0.7,827.18,USD,41,,SUP-00881
PRD-01438,SKU-SYN-20537,Corrugated Packaging Grade-I,Corrugated Packaging,Packaging,0.2,344.31,USD,32,500 units,SUP-00403
PRD-01439,SKU-SYN-95521,Corrugated Packaging Grade-J,Corrugated Packaging,Packaging,0.2,2180.92,USD,89,100,SUP-00603
PRD-01440,sku_1440,copper conductors & wiring grade-1440,,Copper,0.65,$1004.32,USD,-10,500,SUP-99999
PRD-01441,SKU-SYN-21029,Heavy Engine Castings Grade-L,Heavy Engine Castings,Steel,0.5,1096.08,USD,84,500,SUP-00167
PRD-01442,SKU-SYN-75688,Printed Circuit Boards Grade-M,Printed Circuit Boards,Copper,0.35,763.2,USD,87,100,SUP-00167
PRD-01443,SKU-SYN-38003,Industrial Resins & Plastics Grade-N,Industrial Resins & Plastics,Crude Oil / Polymers,0.7,932.52,USD,27,500,SUP-00483
PRD-01444,SKU-SYN-73933,Synthetic Lubricants Grade-O,Synthetic Lubricants,Crude Oil / Polymers,0.8,2344.4,USD,67,,SUP-00689
PRD-01445,SKU-SYN-53226,Printed Circuit Boards Grade-P,Printed Circuit Boards,Copper,0.35,208.11,USD,47,250,SUP-00100
PRD-01446,SKU-SYN-12288,Corrugated Packaging Grade-Q,Corrugated Packaging,Packaging,0.2,$2208.53,USD,11,250,SUP-00974
PRD-01447,SKU-SYN-95985,Industrial Resins & Plastics Grade-R,Industrial Resins & Plastics,Crude Oil / Polymers,0.7,2731.26,USD,12,,SUP-00635
PRD-01448,SKU-SYN-21198,Corrugated Packaging Grade-S,,Packaging,0.2,497.15,USD,29,500,SUP-00042
PRD-01449,SKU-SYN-91763,Corrugated Packaging Grade-T,Corrugated Packaging,Packaging,0.2,2993.73,USD,9,500 units,SUP-00136
PRD-01450,SKU-SYN-99874,copper conductors & wiring grade-1450,Copper Conductors & Wiring,Copper,0.65,-792.58,USD,11,100,SUP-00585
PRD-01451,SKU-SYN-41251,Heavy Engine Castings Grade-V,Heavy Engine Castings,Steel,0.5,2893.79,USD,16,500 units,SUP-00238
PRD-01452,sku_1452,Printed Circuit Boards Grade-W,Printed Circuit Boards,Copper,0.35,$1402.77,USD,77,250,SUP-00004
PRD-01453,SKU-SYN-34991,Heavy Engine Castings Grade-X,Heavy Engine Castings,Steel,0.5,1888.29,USD,33,100,SUP-00452
PRD-01454,SKU-SYN-37930,Heavy Engine Castings Grade-Y,Heavy Engine Castings,Steel,0.5,2649.8,USD,14,500,SUP-00363
PRD-01455,SKU-SYN-86451,Industrial Resins & Plastics Grade-Z,Industrial Resins & Plastics,Crude Oil / Polymers,0.7,272.72,USD,41,,SUP-00424
PRD-01456,SKU-SYN-83648,Heavy Engine Castings Grade-A,,Steel,0.5,155.89,USD,70,250,SUP-00462
PRD-01457,SKU-SYN-55118,Industrial Resins & Plastics Grade-B,Industrial Resins & Plastics,Crude Oil / Polymers,0.7,589.14,USD,25,500,SUP-00794
PRD-01458,SKU-SYN-63807,Heavy Engine Castings Grade-C,Heavy Engine Castings,Steel,0.5,$291.2,USD,-10,100,SUP-00636
PRD-01459,SKU-SYN-87498,Corrugated Packaging Grade-D,Corrugated Packaging,Packaging,0.2,925.69,USD,39,500,SUP-00301
PRD-01460,SKU-SYN-34889,copper conductors & wiring grade-1460,Copper Conductors & Wiring,Copper,0.65,2393.31,USD,61,100,SUP-99999
PRD-01461,SKU-SYN-53087,Synthetic Lubricants Grade-F,Synthetic Lubricants,Crude Oil / Polymers,0.8,1455.82,USD,62,250,SUP-00993
PRD-01462,SKU-SYN-85360,Printed Circuit Boards Grade-G,Printed Circuit Boards,Copper,0.35,1123.29,USD,80,500 units,SUP-00185
PRD-01463,SKU-SYN-48176,Corrugated Packaging Grade-H,Corrugated Packaging,Packaging,0.2,1495.25,USD,6,100,SUP-00133
PRD-01464,sku_1464,Synthetic Lubricants Grade-I,,Crude Oil / Polymers,0.8,$1882.81,USD,86,250,SUP-00692
PRD-01465,SKU-SYN-40563,Heavy Engine Castings Grade-J,Heavy Engine Castings,Steel,0.5,364.88,USD,43,100,SUP-00474
PRD-01466,SKU-SYN-55143,Printed Circuit Boards Grade-K,Printed Circuit Boards,Copper,0.35,1306.16,USD,47,250,SUP-00428
PRD-01467,SKU-SYN-46215,Synthetic Lubricants Grade-L,Synthetic Lubricants,Crude Oil / Polymers,0.8,396.42,USD,19,250,SUP-00237
PRD-01468,SKU-SYN-14923,Synthetic Lubricants Grade-M,Synthetic Lubricants,Crude Oil / Polymers,0.8,1933.41,USD,83,250,SUP-00774
PRD-01469,SKU-SYN-45492,Industrial Resins & Plastics Grade-N,Industrial Resins & Plastics,Crude Oil / Polymers,0.7,438.66,USD,21,250,SUP-00324
PRD-01470,SKU-SYN-53110,industrial resins & plastics grade-1470,Industrial Resins & Plastics,Crude Oil / Polymers,0.7,$2834.92,USD,25,100,SUP-00896
PRD-01471,SKU-SYN-66811,Synthetic Lubricants Grade-P,Synthetic Lubricants,Crude Oil / Polymers,0.8,1494.55,USD,33,500,SUP-00292
PRD-01472,SKU-SYN-43886,Synthetic Lubricants Grade-Q,,Crude Oil / Polymers,0.8,2093.58,USD,53,100,SUP-00534
PRD-01473,SKU-SYN-80191,Printed Circuit Boards Grade-R,Printed Circuit Boards,Copper,0.35,3106.6,USD,65,250,SUP-00037
PRD-01474,SKU-SYN-39705,Printed Circuit Boards Grade-S,Printed Circuit Boards,Copper,0.35,817.92,USD,54,250,SUP-00098
PRD-01475,SKU-SYN-99306,Industrial Resins & Plastics Grade-T,Industrial Resins & Plastics,Crude Oil / Polymers,0.7,-923.44,USD,12,500 units,SUP-00449
PRD-01476,sku_1476,Corrugated Packaging Grade-U,Corrugated Packaging,Packaging,0.2,$2959.53,USD,-10,,SUP-00109
PRD-01477,SKU-SYN-96118,Industrial Resins & Plastics Grade-V,Industrial Resins & Plastics,Crude Oil / Polymers,0.7,2994.2,USD,19,500 units,SUP-00075
PRD-01478,SKU-SYN-26130,Copper Conductors & Wiring Grade-W,Copper Conductors & Wiring,Copper,0.65,2160.6,USD,20,250,SUP-00103
PRD-01479,SKU-SYN-25978,Copper Conductors & Wiring Grade-X,Copper Conductors & Wiring,Copper,0.65,1057.3,USD,31,500,SUP-00142
PRD-01480,SKU-SYN-74665,heavy engine castings grade-1480,,Steel,0.5,880.97,USD,8,500 units,SUP-99999
PRD-01481,SKU-SYN-97237,Corrugated Packaging Grade-Z,Corrugated Packaging,Packaging,0.2,58.97,USD,15,,SUP-00523
PRD-01482,SKU-SYN-13014,Heavy Engine Castings Grade-A,Heavy Engine Castings,Steel,0.5,$2369.02,USD,51,250,SUP-00077
PRD-01483,SKU-SYN-51850,Synthetic Lubricants Grade-B,Synthetic Lubricants,Crude Oil / Polymers,0.8,1995.63,USD,7,250,SUP-00465
PRD-01484,SKU-SYN-63362,Heavy Engine Castings Grade-C,Heavy Engine Castings,Steel,0.5,152.18,USD,60,500 units,SUP-00604
PRD-01485,SKU-SYN-94145,Synthetic Lubricants Grade-D,Synthetic Lubricants,Crude Oil / Polymers,0.8,2141.42,USD,87,100,SUP-00310
PRD-01486,SKU-SYN-46115,Printed Circuit Boards Grade-E,Printed Circuit Boards,Copper,0.35,7.15,USD,88,250,SUP-00136
PRD-01487,SKU-SYN-86177,Synthetic Lubricants Grade-F,Synthetic Lubricants,Crude Oil / Polymers,0.8,838.22,USD,69,500,SUP-00927
PRD-01488,sku_1488,Industrial Resins & Plastics Grade-G,,Crude Oil / Polymers,0.7,$533.92,USD,21,100,SUP-00905
PRD-01489,SKU-SYN-65678,Printed Circuit Boards Grade-H,Printed Circuit Boards,Copper,0.35,1455.68,USD,65,100,SUP-00177
PRD-01490,SKU-SYN-24549,heavy engine castings grade-1490,Heavy Engine Castings,Steel,0.5,1568.78,USD,74,100,SUP-00125
PRD-01491,SKU-SYN-58402,Corrugated Packaging Grade-J,Corrugated Packaging,Packaging,0.2,741.76,USD,85,100,SUP-00086
PRD-01492,SKU-SYN-46048,Printed Circuit Boards Grade-K,Printed Circuit Boards,Copper,0.35,3106.68,USD,40,,SUP-00509
PRD-01493,SKU-SYN-66675,Synthetic Lubricants Grade-L,Synthetic Lubricants,Crude Oil / Polymers,0.8,147.98,USD,89,250,SUP-00334
PRD-01494,SKU-SYN-58826,Industrial Resins & Plastics Grade-M,Industrial Resins & Plastics,Crude Oil / Polymers,0.7,$1963.11,USD,-10,,SUP-00621
PRD-01495,SKU-SYN-12563,Industrial Resins & Plastics Grade-N,Industrial Resins & Plastics,Crude Oil / Polymers,0.7,819.29,USD,56,,SUP-00635
PRD-01496,SKU-SYN-59061,Corrugated Packaging Grade-O,,Packaging,0.2,509.13,USD,84,100,SUP-00887
PRD-01497,SKU-SYN-81056,Printed Circuit Boards Grade-P,Printed Circuit Boards,Copper,0.35,2634.84,USD,15,500,SUP-00812
PRD-01498,SKU-SYN-20250,Heavy Engine Castings Grade-Q,Heavy Engine Castings,Steel,0.5,267.28,USD,26,,SUP-00612
PRD-01499,SKU-SYN-12663,Printed Circuit Boards Grade-R,Printed Circuit Boards,Copper,0.35,1662.44,USD,86,500,SUP-00727
prd_1500,sku_1500,corrugated packaging grade-1500,Corrugated Packaging,Packaging,0.2,$819.76,USD,12,250,SUP-99999
PRD-01501,SKU-SYN-95947,Copper Conductors & Wiring Grade-T,Copper Conductors & Wiring,Copper,0.65,3161.37,USD,89,500 units,SUP-00496
PRD-01502,SKU-SYN-82918,Copper Conductors & Wiring Grade-U,Copper Conductors & Wiring,Copper,0.65,2877.54,USD,47,250,SUP-00950
PRD-01503,SKU-SYN-19407,Corrugated Packaging Grade-V,Corrugated Packaging,Packaging,0.2,50.11,USD,78,,SUP-00797
PRD-01504,SKU-SYN-51630,Copper Conductors & Wiring Grade-W,,Copper,0.65,2580.15,USD,19,250,SUP-00338
PRD-01505,SKU-SYN-37633,Corrugated Packaging Grade-X,Corrugated Packaging,Packaging,0.2,2959.92,USD,22,500,SUP-00419
PRD-01506,SKU-SYN-26389,Synthetic Lubricants Grade-Y,Synthetic Lubricants,Crude Oil / Polymers,0.8,$1716.76,USD,15,250,SUP-00390
PRD-01507,SKU-SYN-19292,Printed Circuit Boards Grade-Z,Printed Circuit Boards,Copper,0.35,1430.85,USD,28,250,SUP-00313
PRD-01508,SKU-SYN-71521,Copper Conductors & Wiring Grade-A,Copper Conductors & Wiring,Copper,0.65,562.0,USD,23,250,SUP-00958
PRD-01509,SKU-SYN-72068,Industrial Resins & Plastics Grade-B,Industrial Resins & Plastics,Crude Oil / Polymers,0.7,2321.06,USD,27,100,SUP-00301
PRD-01510,SKU-SYN-28673,heavy engine castings grade-1510,Heavy Engine Castings,Steel,0.5,2286.85,USD,5,500,SUP-00009
PRD-01511,SKU-SYN-87700,Heavy Engine Castings Grade-D,Heavy Engine Castings,Steel,0.5,203.86,USD,76,250,SUP-00587
PRD-01512,sku_1512,Synthetic Lubricants Grade-E,,Crude Oil / Polymers,0.8,$2831.8,USD,-10,500,SUP-00554
PRD-01513,SKU-SYN-72482,Corrugated Packaging Grade-F,Corrugated Packaging,Packaging,0.2,2200.83,USD,27,500,SUP-00584
PRD-01514,SKU-SYN-13264,Industrial Resins & Plastics Grade-G,Industrial Resins & Plastics,Crude Oil / Polymers,0.7,756.89,USD,56,500,SUP-00053
PRD-01515,SKU-SYN-47268,Synthetic Lubricants Grade-H,Synthetic Lubricants,Crude Oil / Polymers,0.8,3175.23,USD,83,500,SUP-00469
PRD-01516,SKU-SYN-31036,Synthetic Lubricants Grade-I,Synthetic Lubricants,Crude Oil / Polymers,0.8,1643.39,USD,66,,SUP-00319
PRD-01517,SKU-SYN-23909,Heavy Engine Castings Grade-J,Heavy Engine Castings,Steel,0.5,585.14,USD,29,500,SUP-00079
PRD-01518,SKU-SYN-73516,Industrial Resins & Plastics Grade-K,Industrial Resins & Plastics,Crude Oil / Polymers,0.7,$2321.31,USD,83,500,SUP-00677
PRD-01519,SKU-SYN-19600,Synthetic Lubricants Grade-L,Synthetic Lubricants,Crude Oil / Polymers,0.8,1339.28,USD,74,,SUP-00686
PRD-01520,SKU-SYN-54730,synthetic lubricants grade-1520,,Crude Oil / Polymers,0.8,2778.8,USD,13,100,SUP-99999
PRD-01521,SKU-SYN-69693,Industrial Resins & Plastics Grade-N,Industrial Resins & Plastics,Crude Oil / Polymers,0.7,2159.77,USD,74,500,SUP-00682
PRD-01522,SKU-SYN-62359,Synthetic Lubricants Grade-O,Synthetic Lubricants,Crude Oil / Polymers,0.8,270.97,USD,5,100,SUP-00199
PRD-01523,SKU-SYN-61479,Printed Circuit Boards Grade-P,Printed Circuit Boards,Copper,0.35,776.71,USD,43,500,SUP-00845
PRD-01524,sku_1524,Corrugated Packaging Grade-Q,Corrugated Packaging,Packaging,0.2,$1823.46,USD,56,,SUP-00912
PRD-01525,SKU-SYN-32330,Industrial Resins & Plastics Grade-R,Industrial Resins & Plastics,Crude Oil / Polymers,0.7,-870.39,USD,50,500,SUP-00967
PRD-01526,SKU-SYN-67079,Corrugated Packaging Grade-S,Corrugated Packaging,Packaging,0.2,776.16,USD,76,250,SUP-00923
PRD-01527,SKU-SYN-98518,Corrugated Packaging Grade-T,Corrugated Packaging,Packaging,0.2,992.41,USD,9,500,SUP-00431
PRD-01528,SKU-SYN-30322,Industrial Resins & Plastics Grade-U,,Crude Oil / Polymers,0.7,2182.85,USD,86,250,SUP-00081
PRD-01529,SKU-SYN-43616,Printed Circuit Boards Grade-V,Printed Circuit Boards,Copper,0.35,1309.69,USD,87,,SUP-00979
PRD-01530,SKU-SYN-53178,corrugated packaging grade-1530,Corrugated Packaging,Packaging,0.2,$1056.31,USD,-10,,SUP-00725
PRD-01531,SKU-SYN-39542,Heavy Engine Castings Grade-X,Heavy Engine Castings,Steel,0.5,814.92,USD,15,500 units,SUP-00081
PRD-01532,SKU-SYN-82264,Heavy Engine Castings Grade-Y,Heavy Engine Castings,Steel,0.5,323.25,USD,38,250,SUP-00961
PRD-01533,SKU-SYN-79720,Heavy Engine Castings Grade-Z,Heavy Engine Castings,Steel,0.5,1141.85,USD,78,500 units,SUP-00096
PRD-01534,SKU-SYN-51749,Industrial Resins & Plastics Grade-A,Industrial Resins & Plastics,Crude Oil / Polymers,0.7,51.04,USD,9,500 units,SUP-00953
PRD-01535,SKU-SYN-25994,Corrugated Packaging Grade-B,Corrugated Packaging,Packaging,0.2,2878.0,USD,53,,SUP-00986
PRD-01536,sku_1536,Printed Circuit Boards Grade-C,,Copper,0.35,$1349.27,USD,55,500,SUP-00619
PRD-01537,SKU-SYN-59734,Copper Conductors & Wiring Grade-D,Copper Conductors & Wiring,Copper,0.65,1514.13,USD,24,100,SUP-00818
PRD-01538,SKU-SYN-66854,Copper Conductors & Wiring Grade-E,Copper Conductors & Wiring,Copper,0.65,1721.2,USD,62,500 units,SUP-00199
PRD-01539,SKU-SYN-77100,Printed Circuit Boards Grade-F,Printed Circuit Boards,Copper,0.35,50.47,USD,64,250,SUP-00981
PRD-01540,SKU-SYN-59112,printed circuit boards grade-1540,Printed Circuit Boards,Copper,0.35,1724.76,USD,15,500,SUP-99999
PRD-01541,SKU-SYN-66209,Synthetic Lubricants Grade-H,Synthetic Lubricants,Crude Oil / Polymers,0.8,712.3,USD,58,,SUP-00943
PRD-01542,SKU-SYN-32091,Synthetic Lubricants Grade-I,Synthetic Lubricants,Crude Oil / Polymers,0.8,$2817.88,USD,81,500,SUP-00173
PRD-01543,SKU-SYN-70646,Corrugated Packaging Grade-J,Corrugated Packaging,Packaging,0.2,192.49,USD,45,100,SUP-00413
PRD-01544,SKU-SYN-36812,Copper Conductors & Wiring Grade-K,,Copper,0.65,82.57,USD,52,500 units,SUP-00260
PRD-01545,SKU-SYN-21936,Printed Circuit Boards Grade-L,Printed Circuit Boards,Copper,0.35,512.48,USD,12,100,SUP-00564
PRD-01546,SKU-SYN-27122,Copper Conductors & Wiring Grade-M,Copper Conductors & Wiring,Copper,0.65,2546.1,USD,48,500 units,SUP-00826
PRD-01547,SKU-SYN-51461,Heavy Engine Castings Grade-N,Heavy Engine Castings,Steel,0.5,3100.29,USD,60,,SUP-00115
PRD-01548,sku_1548,Corrugated Packaging Grade-O,Corrugated Packaging,Packaging,0.2,$838.57,USD,-10,500 units,SUP-00869
PRD-01549,SKU-SYN-66950,Industrial Resins & Plastics Grade-P,Industrial Resins & Plastics,Crude Oil / Polymers,0.7,1155.9,USD,17,500 units,SUP-00897
PRD-01550,SKU-SYN-88040,synthetic lubricants grade-1550,Synthetic Lubricants,Crude Oil / Polymers,0.8,-2379.26,USD,19,500 units,SUP-00752
PRD-01551,SKU-SYN-91899,Copper Conductors & Wiring Grade-R,Copper Conductors & Wiring,Copper,0.65,1204.33,USD,11,500 units,SUP-00118
PRD-01552,SKU-SYN-90149,Heavy Engine Castings Grade-S,,Steel,0.5,2499.04,USD,40,500,SUP-00414
PRD-01553,SKU-SYN-85882,Heavy Engine Castings Grade-T,Heavy Engine Castings,Steel,0.5,2665.74,USD,16,100,SUP-00731
PRD-01554,SKU-SYN-59056,Heavy Engine Castings Grade-U,Heavy Engine Castings,Steel,0.5,$1767.05,USD,70,250,SUP-00256
PRD-01555,SKU-SYN-71358,Synthetic Lubricants Grade-V,Synthetic Lubricants,Crude Oil / Polymers,0.8,2058.45,USD,69,,SUP-00380
PRD-01556,SKU-SYN-36646,Copper Conductors & Wiring Grade-W,Copper Conductors & Wiring,Copper,0.65,1451.7,USD,33,250,SUP-00335
PRD-01557,SKU-SYN-80138,Printed Circuit Boards Grade-X,Printed Circuit Boards,Copper,0.35,1901.26,USD,39,500 units,SUP-00435
PRD-01558,SKU-SYN-85980,Synthetic Lubricants Grade-Y,Synthetic Lubricants,Crude Oil / Polymers,0.8,377.11,USD,12,250,SUP-00026
PRD-01559,SKU-SYN-28358,Copper Conductors & Wiring Grade-Z,Copper Conductors & Wiring,Copper,0.65,1816.16,USD,47,100,SUP-00871
PRD-01560,sku_1560,copper conductors & wiring grade-1560,,Copper,0.65,$1526.82,USD,48,500 units,SUP-99999
PRD-01561,SKU-SYN-96869,Copper Conductors & Wiring Grade-B,Copper Conductors & Wiring,Copper,0.65,2761.96,USD,29,,SUP-00514
PRD-01562,SKU-SYN-42441,Copper Conductors & Wiring Grade-C,Copper Conductors & Wiring,Copper,0.65,1339.84,USD,68,500 units,SUP-00384
PRD-01563,SKU-SYN-53659,Printed Circuit Boards Grade-D,Printed Circuit Boards,Copper,0.35,879.46,USD,34,,SUP-00716
PRD-01564,SKU-SYN-32535,Copper Conductors & Wiring Grade-E,Copper Conductors & Wiring,Copper,0.65,2657.37,USD,45,,SUP-00623
PRD-01565,SKU-SYN-30508,Copper Conductors & Wiring Grade-F,Copper Conductors & Wiring,Copper,0.65,1618.03,USD,24,500,SUP-00768
PRD-01566,SKU-SYN-22630,Copper Conductors & Wiring Grade-G,Copper Conductors & Wiring,Copper,0.65,$935.44,USD,-10,,SUP-00491
PRD-01567,SKU-SYN-26180,Copper Conductors & Wiring Grade-H,Copper Conductors & Wiring,Copper,0.65,1408.29,USD,9,100,SUP-00767
PRD-01568,SKU-SYN-46292,Printed Circuit Boards Grade-I,,Copper,0.35,1646.83,USD,72,500 units,SUP-00257
PRD-01569,SKU-SYN-81864,Printed Circuit Boards Grade-J,Printed Circuit Boards,Copper,0.35,2573.31,USD,57,500 units,SUP-00393
PRD-01570,SKU-SYN-43757,industrial resins & plastics grade-1570,Industrial Resins & Plastics,Crude Oil / Polymers,0.7,1936.02,USD,22,100,SUP-00828
PRD-01571,SKU-SYN-55727,Copper Conductors & Wiring Grade-L,Copper Conductors & Wiring,Copper,0.65,3120.85,USD,23,,SUP-00072
PRD-01572,sku_1572,Corrugated Packaging Grade-M,Corrugated Packaging,Packaging,0.2,$3043.56,USD,71,100,SUP-00520
PRD-01573,SKU-SYN-20015,Industrial Resins & Plastics Grade-N,Industrial Resins & Plastics,Crude Oil / Polymers,0.7,686.45,USD,7,250,SUP-00513
PRD-01574,SKU-SYN-70455,Corrugated Packaging Grade-O,Corrugated Packaging,Packaging,0.2,2142.47,USD,24,,SUP-00753
PRD-01575,SKU-SYN-24869,Synthetic Lubricants Grade-P,Synthetic Lubricants,Crude Oil / Polymers,0.8,-49.36,USD,44,250,SUP-00196
PRD-01576,SKU-SYN-57823,Printed Circuit Boards Grade-Q,,Copper,0.35,557.32,USD,39,250,SUP-00703
PRD-01577,SKU-SYN-49635,Synthetic Lubricants Grade-R,Synthetic Lubricants,Crude Oil / Polymers,0.8,1761.63,USD,46,250,SUP-00075
PRD-01578,SKU-SYN-87812,Heavy Engine Castings Grade-S,Heavy Engine Castings,Steel,0.5,$2036.12,USD,20,250,SUP-00465
PRD-01579,SKU-SYN-73601,Corrugated Packaging Grade-T,Corrugated Packaging,Packaging,0.2,3061.25,USD,75,250,SUP-00666
PRD-01580,SKU-SYN-86041,industrial resins & plastics grade-1580,Industrial Resins & Plastics,Crude Oil / Polymers,0.7,3009.8,USD,19,250,SUP-99999
PRD-01581,SKU-SYN-89014,Copper Conductors & Wiring Grade-V,Copper Conductors & Wiring,Copper,0.65,760.23,USD,72,250,SUP-00304
PRD-01582,SKU-SYN-41748,Printed Circuit Boards Grade-W,Printed Circuit Boards,Copper,0.35,417.68,USD,65,100,SUP-00233
PRD-01583,SKU-SYN-74220,Synthetic Lubricants Grade-X,Synthetic Lubricants,Crude Oil / Polymers,0.8,1506.33,USD,30,500,SUP-00918
PRD-01584,sku_1584,Industrial Resins & Plastics Grade-Y,,Crude Oil / Polymers,0.7,$1321.06,USD,-10,,SUP-00600
PRD-01585,SKU-SYN-45314,Corrugated Packaging Grade-Z,Corrugated Packaging,Packaging,0.2,2437.6,USD,18,500,SUP-00190
PRD-01586,SKU-SYN-76630,Industrial Resins & Plastics Grade-A,Industrial Resins & Plastics,Crude Oil / Polymers,0.7,1208.13,USD,68,100,SUP-00624
PRD-01587,SKU-SYN-27502,Corrugated Packaging Grade-B,Corrugated Packaging,Packaging,0.2,906.09,USD,38,250,SUP-00337
PRD-01588,SKU-SYN-73018,Copper Conductors & Wiring Grade-C,Copper Conductors & Wiring,Copper,0.65,1344.88,USD,70,250,SUP-00645
PRD-01589,SKU-SYN-86477,Heavy Engine Castings Grade-D,Heavy Engine Castings,Steel,0.5,1187.52,USD,45,500,SUP-00687
PRD-01590,SKU-SYN-56273,synthetic lubricants grade-1590,Synthetic Lubricants,Crude Oil / Polymers,0.8,$336.83,USD,69,500 units,SUP-00377
PRD-01591,SKU-SYN-43643,Heavy Engine Castings Grade-F,Heavy Engine Castings,Steel,0.5,757.16,USD,45,250,SUP-00470
PRD-01592,SKU-SYN-54573,Corrugated Packaging Grade-G,,Packaging,0.2,2363.11,USD,88,,SUP-00357
PRD-01593,SKU-SYN-75944,Copper Conductors & Wiring Grade-H,Copper Conductors & Wiring,Copper,0.65,2653.75,USD,20,,SUP-00331
PRD-01594,SKU-SYN-32577,Copper Conductors & Wiring Grade-I,Copper Conductors & Wiring,Copper,0.65,693.03,USD,10,250,SUP-00015
PRD-01595,SKU-SYN-47780,Heavy Engine Castings Grade-J,Heavy Engine Castings,Steel,0.5,1047.83,USD,68,500,SUP-00054
PRD-01596,sku_1596,Heavy Engine Castings Grade-K,Heavy Engine Castings,Steel,0.5,$899.31,USD,44,500 units,SUP-00573
PRD-01597,SKU-SYN-65965,Printed Circuit Boards Grade-L,Printed Circuit Boards,Copper,0.35,328.76,USD,84,100,SUP-00163
PRD-01598,SKU-SYN-47436,Copper Conductors & Wiring Grade-M,Copper Conductors & Wiring,Copper,0.65,1446.35,USD,15,500 units,SUP-00872
PRD-01599,SKU-SYN-59587,Copper Conductors & Wiring Grade-N,Copper Conductors & Wiring,Copper,0.65,2623.64,USD,40,500 units,SUP-00418
PRD-01600,SKU-SYN-55491,industrial resins & plastics grade-1600,,Crude Oil / Polymers,0.7,-1463.78,USD,47,500,SUP-99999
PRD-01601,SKU-SYN-35829,Industrial Resins & Plastics Grade-P,Industrial Resins & Plastics,Crude Oil / Polymers,0.7,1886.07,USD,26,100,SUP-00607
PRD-01602,SKU-SYN-92948,Synthetic Lubricants Grade-Q,Synthetic Lubricants,Crude Oil / Polymers,0.8,$1943.87,USD,-10,500,SUP-00411
PRD-01603,SKU-SYN-58821,Corrugated Packaging Grade-R,Corrugated Packaging,Packaging,0.2,426.11,USD,44,500 units,SUP-00440
PRD-01604,SKU-SYN-29947,Industrial Resins & Plastics Grade-S,Industrial Resins & Plastics,Crude Oil / Polymers,0.7,1874.17,USD,8,250,SUP-00052
PRD-01605,SKU-SYN-54530,Corrugated Packaging Grade-T,Corrugated Packaging,Packaging,0.2,1587.38,USD,54,100,SUP-00587
PRD-01606,SKU-SYN-52779,Synthetic Lubricants Grade-U,Synthetic Lubricants,Crude Oil / Polymers,0.8,2568.73,USD,60,500,SUP-00338
PRD-01607,SKU-SYN-69345,Corrugated Packaging Grade-V,Corrugated Packaging,Packaging,0.2,681.99,USD,40,,SUP-00797
PRD-01608,sku_1608,Printed Circuit Boards Grade-W,,Copper,0.35,$2250.21,USD,31,500 units,SUP-00783
PRD-01609,SKU-SYN-28154,Copper Conductors & Wiring Grade-X,Copper Conductors & Wiring,Copper,0.65,1487.17,USD,52,,SUP-00139
PRD-01610,SKU-SYN-92804,corrugated packaging grade-1610,Corrugated Packaging,Packaging,0.2,897.2,USD,39,500,SUP-00328
PRD-01611,SKU-SYN-23182,Printed Circuit Boards Grade-Z,Printed Circuit Boards,Copper,0.35,2431.33,USD,54,100,SUP-00489
PRD-01612,SKU-SYN-71606,Heavy Engine Castings Grade-A,Heavy Engine Castings,Steel,0.5,2457.21,USD,58,500 units,SUP-00229
PRD-01613,SKU-SYN-41116,Heavy Engine Castings Grade-B,Heavy Engine Castings,Steel,0.5,585.41,USD,68,250,SUP-00652
PRD-01614,SKU-SYN-25422,Corrugated Packaging Grade-C,Corrugated Packaging,Packaging,0.2,$225.29,USD,46,100,SUP-00037
PRD-01615,SKU-SYN-58302,Heavy Engine Castings Grade-D,Heavy Engine Castings,Steel,0.5,854.13,USD,57,500 units,SUP-00335
PRD-01616,SKU-SYN-78399,Industrial Resins & Plastics Grade-E,,Crude Oil / Polymers,0.7,1639.57,USD,20,,SUP-00774
PRD-01617,SKU-SYN-63907,Copper Conductors & Wiring Grade-F,Copper Conductors & Wiring,Copper,0.65,2116.02,USD,58,250,SUP-00973
PRD-01618,SKU-SYN-36683,Heavy Engine Castings Grade-G,Heavy Engine Castings,Steel,0.5,1670.56,USD,43,250,SUP-00265
PRD-01619,SKU-SYN-47557,Printed Circuit Boards Grade-H,Printed Circuit Boards,Copper,0.35,2740.26,USD,23,100,SUP-00284
PRD-01620,sku_1620,copper conductors & wiring grade-1620,Copper Conductors & Wiring,Copper,0.65,$614.52,USD,-10,250,SUP-99999
PRD-01621,SKU-SYN-82734,Printed Circuit Boards Grade-J,Printed Circuit Boards,Copper,0.35,1247.62,USD,59,500 units,SUP-00810
PRD-01622,SKU-SYN-55098,Copper Conductors & Wiring Grade-K,Copper Conductors & Wiring,Copper,0.65,3184.44,USD,80,,SUP-00148
PRD-01623,SKU-SYN-39693,Copper Conductors & Wiring Grade-L,Copper Conductors & Wiring,Copper,0.65,1384.16,USD,63,500 units,SUP-00622
PRD-01624,SKU-SYN-97636,Synthetic Lubricants Grade-M,,Crude Oil / Polymers,0.8,1276.03,USD,73,100,SUP-00215
PRD-01625,SKU-SYN-10273,Heavy Engine Castings Grade-N,Heavy Engine Castings,Steel,0.5,-1216.97,USD,76,500,SUP-00870
PRD-01626,SKU-SYN-97532,Synthetic Lubricants Grade-O,Synthetic Lubricants,Crude Oil / Polymers,0.8,$2267.09,USD,37,250,SUP-00385
PRD-01627,SKU-SYN-50093,Copper Conductors & Wiring Grade-P,Copper Conductors & Wiring,Copper,0.65,1722.51,USD,71,,SUP-00414
PRD-01628,SKU-SYN-73348,Corrugated Packaging Grade-Q,Corrugated Packaging,Packaging,0.2,1251.64,USD,23,500 units,SUP-00355
PRD-01629,SKU-SYN-11537,Copper Conductors & Wiring Grade-R,Copper Conductors & Wiring,Copper,0.65,2464.37,USD,68,100,SUP-00773
PRD-01630,SKU-SYN-87394,industrial resins & plastics grade-1630,Industrial Resins & Plastics,Crude Oil / Polymers,0.7,1737.01,USD,43,,SUP-00089
PRD-01631,SKU-SYN-73480,Heavy Engine Castings Grade-T,Heavy Engine Castings,Steel,0.5,550.21,USD,89,,SUP-00362
PRD-01632,sku_1632,Industrial Resins & Plastics Grade-U,,Crude Oil / Polymers,0.7,$2069.65,USD,22,250,SUP-00246
PRD-01633,SKU-SYN-27988,Heavy Engine Castings Grade-V,Heavy Engine Castings,Steel,0.5,2947.99,USD,64,,SUP-00495
PRD-01634,SKU-SYN-47576,Synthetic Lubricants Grade-W,Synthetic Lubricants,Crude Oil / Polymers,0.8,1680.07,USD,24,250,SUP-00910
PRD-01635,SKU-SYN-22665,Corrugated Packaging Grade-X,Corrugated Packaging,Packaging,0.2,1307.12,USD,13,100,SUP-00293
PRD-01636,SKU-SYN-10705,Copper Conductors & Wiring Grade-Y,Copper Conductors & Wiring,Copper,0.65,1603.57,USD,16,100,SUP-00135
PRD-01637,SKU-SYN-35395,Copper Conductors & Wiring Grade-Z,Copper Conductors & Wiring,Copper,0.65,2662.01,USD,60,,SUP-00965
PRD-01638,SKU-SYN-67459,Heavy Engine Castings Grade-A,Heavy Engine Castings,Steel,0.5,$1821.55,USD,-10,250,SUP-00396
PRD-01639,SKU-SYN-35191,Synthetic Lubricants Grade-B,Synthetic Lubricants,Crude Oil / Polymers,0.8,1836.47,USD,32,,SUP-00691
PRD-01640,SKU-SYN-24728,corrugated packaging grade-1640,,Packaging,0.2,364.12,USD,64,500,SUP-99999
PRD-01641,SKU-SYN-32890,Industrial Resins & Plastics Grade-D,Industrial Resins & Plastics,Crude Oil / Polymers,0.7,2213.62,USD,88,250,SUP-00545
PRD-01642,SKU-SYN-35476,Corrugated Packaging Grade-E,Corrugated Packaging,Packaging,0.2,1226.52,USD,19,250,SUP-00960
PRD-01643,SKU-SYN-70727,Printed Circuit Boards Grade-F,Printed Circuit Boards,Copper,0.35,1055.28,USD,35,100,SUP-00866
PRD-01644,sku_1644,Copper Conductors & Wiring Grade-G,Copper Conductors & Wiring,Copper,0.65,$3177.41,USD,60,250,SUP-00119
PRD-01645,SKU-SYN-29633,Copper Conductors & Wiring Grade-H,Copper Conductors & Wiring,Copper,0.65,1478.02,USD,59,100,SUP-00734
PRD-01646,SKU-SYN-33228,Heavy Engine Castings Grade-I,Heavy Engine Castings,Steel,0.5,839.14,USD,25,100,SUP-00821
PRD-01647,SKU-SYN-19520,Synthetic Lubricants Grade-J,Synthetic Lubricants,Crude Oil / Polymers,0.8,407.74,USD,45,100,SUP-00144
PRD-01648,SKU-SYN-80004,Corrugated Packaging Grade-K,,Packaging,0.2,2095.05,USD,26,500 units,SUP-00440
PRD-01649,SKU-SYN-94698,Synthetic Lubricants Grade-L,Synthetic Lubricants,Crude Oil / Polymers,0.8,2777.68,USD,8,100,SUP-00148
PRD-01650,SKU-SYN-15206,heavy engine castings grade-1650,Heavy Engine Castings,Steel,0.5,$2171.05,USD,16,100,SUP-00466
PRD-01651,SKU-SYN-43572,Industrial Resins & Plastics Grade-N,Industrial Resins & Plastics,Crude Oil / Polymers,0.7,1971.92,USD,41,500 units,SUP-00910
PRD-01652,SKU-SYN-26944,Copper Conductors & Wiring Grade-O,Copper Conductors & Wiring,Copper,0.65,121.64,USD,33,250,SUP-00004
PRD-01653,SKU-SYN-39458,Printed Circuit Boards Grade-P,Printed Circuit Boards,Copper,0.35,1591.98,USD,53,,SUP-00148
PRD-01654,SKU-SYN-44300,Printed Circuit Boards Grade-Q,Printed Circuit Boards,Copper,0.35,2255.24,USD,20,500,SUP-00683
PRD-01655,SKU-SYN-53901,Corrugated Packaging Grade-R,Corrugated Packaging,Packaging,0.2,663.64,USD,83,250,SUP-00411
PRD-01656,sku_1656,Corrugated Packaging Grade-S,,Packaging,0.2,$2805.65,USD,-10,,SUP-00064
PRD-01657,SKU-SYN-38917,Synthetic Lubricants Grade-T,Synthetic Lubricants,Crude Oil / Polymers,0.8,2460.3,USD,16,,SUP-00021
PRD-01658,SKU-SYN-95849,Printed Circuit Boards Grade-U,Printed Circuit Boards,Copper,0.35,1212.35,USD,13,500,SUP-00408
PRD-01659,SKU-SYN-73040,Corrugated Packaging Grade-V,Corrugated Packaging,Packaging,0.2,236.94,USD,28,500,SUP-00138
PRD-01660,SKU-SYN-60295,industrial resins & plastics grade-1660,Industrial Resins & Plastics,Crude Oil / Polymers,0.7,1148.5,USD,30,,SUP-99999
PRD-01661,SKU-SYN-59491,Heavy Engine Castings Grade-X,Heavy Engine Castings,Steel,0.5,1003.59,USD,33,,SUP-00849
PRD-01662,SKU-SYN-59736,Corrugated Packaging Grade-Y,Corrugated Packaging,Packaging,0.2,$1794.52,USD,52,250,SUP-00138
PRD-01663,SKU-SYN-82587,Heavy Engine Castings Grade-Z,Heavy Engine Castings,Steel,0.5,276.81,USD,53,250,SUP-00217
PRD-01664,SKU-SYN-12949,Printed Circuit Boards Grade-A,,Copper,0.35,2135.61,USD,44,500,SUP-00424
PRD-01665,SKU-SYN-76798,Printed Circuit Boards Grade-B,Printed Circuit Boards,Copper,0.35,1437.73,USD,57,500,SUP-00297
PRD-01666,SKU-SYN-26419,Synthetic Lubricants Grade-C,Synthetic Lubricants,Crude Oil / Polymers,0.8,917.29,USD,46,,SUP-00183
PRD-01667,SKU-SYN-40544,Copper Conductors & Wiring Grade-D,Copper Conductors & Wiring,Copper,0.65,501.78,USD,84,100,SUP-00169
PRD-01668,sku_1668,Industrial Resins & Plastics Grade-E,Industrial Resins & Plastics,Crude Oil / Polymers,0.7,$120.83,USD,40,500 units,SUP-00147
PRD-01669,SKU-SYN-58918,Corrugated Packaging Grade-F,Corrugated Packaging,Packaging,0.2,2601.44,USD,69,500,SUP-00377
PRD-01670,SKU-SYN-46711,corrugated packaging grade-1670,Corrugated Packaging,Packaging,0.2,374.91,USD,65,250,SUP-00553
PRD-01671,SKU-SYN-25865,Corrugated Packaging Grade-H,Corrugated Packaging,Packaging,0.2,3082.71,USD,32,100,SUP-00248
PRD-01672,SKU-SYN-71319,Industrial Resins & Plastics Grade-I,,Crude Oil / Polymers,0.7,312.87,USD,80,500 units,SUP-00934
PRD-01673,SKU-SYN-94726,Corrugated Packaging Grade-J,Corrugated Packaging,Packaging,0.2,739.11,USD,17,500 units,SUP-00677
PRD-01674,SKU-SYN-93866,Synthetic Lubricants Grade-K,Synthetic Lubricants,Crude Oil / Polymers,0.8,$238.23,USD,-10,500,SUP-00936
PRD-01675,SKU-SYN-22284,Copper Conductors & Wiring Grade-L,Copper Conductors & Wiring,Copper,0.65,-2452.93,USD,17,500 units,SUP-00401
PRD-01676,SKU-SYN-45028,Copper Conductors & Wiring Grade-M,Copper Conductors & Wiring,Copper,0.65,716.75,USD,22,100,SUP-00684
PRD-01677,SKU-SYN-74251,Printed Circuit Boards Grade-N,Printed Circuit Boards,Copper,0.35,1423.78,USD,22,,SUP-00616
PRD-01678,SKU-SYN-76000,Industrial Resins & Plastics Grade-O,Industrial Resins & Plastics,Crude Oil / Polymers,0.7,525.8,USD,61,500 units,SUP-00905
PRD-01679,SKU-SYN-25166,Copper Conductors & Wiring Grade-P,Copper Conductors & Wiring,Copper,0.65,201.55,USD,12,500,SUP-00702
PRD-01680,sku_1680,copper conductors & wiring grade-1680,,Copper,0.65,$1874.81,USD,5,500 units,SUP-99999
PRD-01681,SKU-SYN-68811,Printed Circuit Boards Grade-R,Printed Circuit Boards,Copper,0.35,2706.31,USD,16,250,SUP-00776
PRD-01682,SKU-SYN-57233,Synthetic Lubricants Grade-S,Synthetic Lubricants,Crude Oil / Polymers,0.8,2640.56,USD,42,,SUP-00886
PRD-01683,SKU-SYN-47233,Heavy Engine Castings Grade-T,Heavy Engine Castings,Steel,0.5,2523.19,USD,18,500 units,SUP-00786
PRD-01684,SKU-SYN-93922,Synthetic Lubricants Grade-U,Synthetic Lubricants,Crude Oil / Polymers,0.8,33.37,USD,21,500,SUP-00779
PRD-01685,SKU-SYN-49429,Corrugated Packaging Grade-V,Corrugated Packaging,Packaging,0.2,2191.3,USD,63,250,SUP-00029
PRD-01686,SKU-SYN-96985,Heavy Engine Castings Grade-W,Heavy Engine Castings,Steel,0.5,$2693.3,USD,77,500 units,SUP-00474
PRD-01687,SKU-SYN-46373,Industrial Resins & Plastics Grade-X,Industrial Resins & Plastics,Crude Oil / Polymers,0.7,2968.15,USD,40,,SUP-00443
PRD-01688,SKU-SYN-20231,Printed Circuit Boards Grade-Y,,Copper,0.35,2149.94,USD,84,500 units,SUP-00869
PRD-01689,SKU-SYN-89770,Heavy Engine Castings Grade-Z,Heavy Engine Castings,Steel,0.5,881.25,USD,60,500,SUP-00753
PRD-01690,SKU-SYN-10119,heavy engine castings grade-1690,Heavy Engine Castings,Steel,0.5,2971.74,USD,30,250,SUP-00877
PRD-01691,SKU-SYN-42585,Industrial Resins & Plastics Grade-B,Industrial Resins & Plastics,Crude Oil / Polymers,0.7,2213.75,USD,33,100,SUP-00666
PRD-01692,sku_1692,Corrugated Packaging Grade-C,Corrugated Packaging,Packaging,0.2,$2190.95,USD,-10,500 units,SUP-00095
PRD-01693,SKU-SYN-21066,Heavy Engine Castings Grade-D,Heavy Engine Castings,Steel,0.5,1502.27,USD,67,500 units,SUP-00908
PRD-01694,SKU-SYN-59563,Copper Conductors & Wiring Grade-E,Copper Conductors & Wiring,Copper,0.65,2423.04,USD,71,100,SUP-00494
PRD-01695,SKU-SYN-74688,Copper Conductors & Wiring Grade-F,Copper Conductors & Wiring,Copper,0.65,2848.57,USD,70,250,SUP-00632
PRD-01696,SKU-SYN-66282,Synthetic Lubricants Grade-G,,Crude Oil / Polymers,0.8,2509.7,USD,35,100,SUP-00869
PRD-01697,SKU-SYN-60584,Synthetic Lubricants Grade-H,Synthetic Lubricants,Crude Oil / Polymers,0.8,1913.02,USD,72,500,SUP-00939
PRD-01698,SKU-SYN-61022,Copper Conductors & Wiring Grade-I,Copper Conductors & Wiring,Copper,0.65,$1354.13,USD,37,500,SUP-00615
PRD-01699,SKU-SYN-51950,Corrugated Packaging Grade-J,Corrugated Packaging,Packaging,0.2,972.85,USD,11,250,SUP-00596
PRD-01700,SKU-SYN-51371,synthetic lubricants grade-1700,Synthetic Lubricants,Crude Oil / Polymers,0.8,-1259.14,USD,50,100,SUP-99999
PRD-01701,SKU-SYN-75657,Corrugated Packaging Grade-L,Corrugated Packaging,Packaging,0.2,2824.65,USD,23,,SUP-00419
PRD-01702,SKU-SYN-44417,Copper Conductors & Wiring Grade-M,Copper Conductors & Wiring,Copper,0.65,289.69,USD,70,500 units,SUP-00728
PRD-01703,SKU-SYN-91971,Printed Circuit Boards Grade-N,Printed Circuit Boards,Copper,0.35,924.96,USD,49,250,SUP-00140
PRD-01704,sku_1704,Synthetic Lubricants Grade-O,,Crude Oil / Polymers,0.8,$681.13,USD,67,500,SUP-00677
PRD-01705,SKU-SYN-96190,Copper Conductors & Wiring Grade-P,Copper Conductors & Wiring,Copper,0.65,2549.6,USD,66,,SUP-00544
PRD-01706,SKU-SYN-38377,Synthetic Lubricants Grade-Q,Synthetic Lubricants,Crude Oil / Polymers,0.8,161.76,USD,35,500 units,SUP-00396
PRD-01707,SKU-SYN-48128,Synthetic Lubricants Grade-R,Synthetic Lubricants,Crude Oil / Polymers,0.8,2925.82,USD,75,250,SUP-00889
PRD-01708,SKU-SYN-53025,Industrial Resins & Plastics Grade-S,Industrial Resins & Plastics,Crude Oil / Polymers,0.7,1746.13,USD,37,250,SUP-00952
PRD-01709,SKU-SYN-67199,Printed Circuit Boards Grade-T,Printed Circuit Boards,Copper,0.35,2493.49,USD,28,100,SUP-00753
PRD-01710,SKU-SYN-70637,industrial resins & plastics grade-1710,Industrial Resins & Plastics,Crude Oil / Polymers,0.7,$2120.11,USD,-10,500,SUP-00569
PRD-01711,SKU-SYN-67426,Synthetic Lubricants Grade-V,Synthetic Lubricants,Crude Oil / Polymers,0.8,459.88,USD,49,250,SUP-00081
PRD-01712,SKU-SYN-63786,Printed Circuit Boards Grade-W,,Copper,0.35,887.16,USD,7,500 units,SUP-00464
PRD-01713,SKU-SYN-96624,Industrial Resins & Plastics Grade-X,Industrial Resins & Plastics,Crude Oil / Polymers,0.7,463.13,USD,36,250,SUP-00903
PRD-01714,SKU-SYN-54016,Industrial Resins & Plastics Grade-Y,Industrial Resins & Plastics,Crude Oil / Polymers,0.7,1579.57,USD,67,500,SUP-00182
PRD-01715,SKU-SYN-28143,Copper Conductors & Wiring Grade-Z,Copper Conductors & Wiring,Copper,0.65,1819.89,USD,66,500 units,SUP-00408
PRD-01716,sku_1716,Heavy Engine Castings Grade-A,Heavy Engine Castings,Steel,0.5,$199.7,USD,78,100,SUP-00416
PRD-01717,SKU-SYN-26862,Industrial Resins & Plastics Grade-B,Industrial Resins & Plastics,Crude Oil / Polymers,0.7,2565.75,USD,57,100,SUP-00700
PRD-01718,SKU-SYN-40637,Copper Conductors & Wiring Grade-C,Copper Conductors & Wiring,Copper,0.65,1924.06,USD,57,,SUP-00539
PRD-01719,SKU-SYN-87909,Copper Conductors & Wiring Grade-D,Copper Conductors & Wiring,Copper,0.65,2482.0,USD,77,100,SUP-00553
PRD-01720,SKU-SYN-25319,corrugated packaging grade-1720,,Packaging,0.2,1014.85,USD,10,100,SUP-99999
PRD-01721,SKU-SYN-22551,Synthetic Lubricants Grade-F,Synthetic Lubricants,Crude Oil / Polymers,0.8,2106.6,USD,35,250,SUP-00549
PRD-01722,SKU-SYN-34571,Copper Conductors & Wiring Grade-G,Copper Conductors & Wiring,Copper,0.65,$383.19,USD,75,250,SUP-00155
PRD-01723,SKU-SYN-42465,Heavy Engine Castings Grade-H,Heavy Engine Castings,Steel,0.5,815.6,USD,52,100,SUP-00254
PRD-01724,SKU-SYN-19403,Corrugated Packaging Grade-I,Corrugated Packaging,Packaging,0.2,2127.19,USD,32,,SUP-00299
PRD-01725,SKU-SYN-93169,Corrugated Packaging Grade-J,Corrugated Packaging,Packaging,0.2,-3177.67,USD,9,500,SUP-00876
PRD-01726,SKU-SYN-27286,Corrugated Packaging Grade-K,Corrugated Packaging,Packaging,0.2,632.15,USD,5,500,SUP-00052
PRD-01727,SKU-SYN-90697,Industrial Resins & Plastics Grade-L,Industrial Resins & Plastics,Crude Oil / Polymers,0.7,1722.25,USD,43,500,SUP-00554
PRD-01728,sku_1728,Copper Conductors & Wiring Grade-M,,Copper,0.65,$2279.66,USD,-10,250,SUP-00832
PRD-01729,SKU-SYN-73156,Heavy Engine Castings Grade-N,Heavy Engine Castings,Steel,0.5,2905.74,USD,47,500 units,SUP-00427
PRD-01730,SKU-SYN-55445,printed circuit boards grade-1730,Printed Circuit Boards,Copper,0.35,1783.82,USD,15,500 units,SUP-00120
PRD-01731,SKU-SYN-28760,Corrugated Packaging Grade-P,Corrugated Packaging,Packaging,0.2,1834.08,USD,87,500,SUP-00617
PRD-01732,SKU-SYN-20732,Copper Conductors & Wiring Grade-Q,Copper Conductors & Wiring,Copper,0.65,273.14,USD,16,250,SUP-00912
PRD-01733,SKU-SYN-47420,Industrial Resins & Plastics Grade-R,Industrial Resins & Plastics,Crude Oil / Polymers,0.7,1434.92,USD,89,250,SUP-00238
PRD-01734,SKU-SYN-42796,Synthetic Lubricants Grade-S,Synthetic Lubricants,Crude Oil / Polymers,0.8,$1421.57,USD,80,100,SUP-00950
PRD-01735,SKU-SYN-36299,Printed Circuit Boards Grade-T,Printed Circuit Boards,Copper,0.35,1323.93,USD,61,,SUP-00885
PRD-01736,SKU-SYN-38218,Corrugated Packaging Grade-U,,Packaging,0.2,1096.39,USD,79,500 units,SUP-00638
PRD-01737,SKU-SYN-82910,Copper Conductors & Wiring Grade-V,Copper Conductors & Wiring,Copper,0.65,1362.95,USD,15,,SUP-00681
PRD-01738,SKU-SYN-41053,Copper Conductors & Wiring Grade-W,Copper Conductors & Wiring,Copper,0.65,3102.84,USD,50,250,SUP-00212
PRD-01739,SKU-SYN-73112,Printed Circuit Boards Grade-X,Printed Circuit Boards,Copper,0.35,2287.46,USD,49,500 units,SUP-00986
PRD-01740,sku_1740,synthetic lubricants grade-1740,Synthetic Lubricants,Crude Oil / Polymers,0.8,$359.43,USD,40,100,SUP-99999
PRD-01741,SKU-SYN-65109,Copper Conductors & Wiring Grade-Z,Copper Conductors & Wiring,Copper,0.65,2928.04,USD,90,500 units,SUP-00713
PRD-01742,SKU-SYN-38792,Copper Conductors & Wiring Grade-A,Copper Conductors & Wiring,Copper,0.65,2506.63,USD,53,,SUP-00700
PRD-01743,SKU-SYN-31465,Copper Conductors & Wiring Grade-B,Copper Conductors & Wiring,Copper,0.65,2696.12,USD,25,500,SUP-00222
PRD-01744,SKU-SYN-81638,Heavy Engine Castings Grade-C,,Steel,0.5,2315.77,USD,46,500,SUP-00266
PRD-01745,SKU-SYN-66707,Synthetic Lubricants Grade-D,Synthetic Lubricants,Crude Oil / Polymers,0.8,1558.17,USD,16,500 units,SUP-00065
PRD-01746,SKU-SYN-12320,Synthetic Lubricants Grade-E,Synthetic Lubricants,Crude Oil / Polymers,0.8,$330.19,USD,-10,500 units,SUP-00638
PRD-01747,SKU-SYN-52371,Printed Circuit Boards Grade-F,Printed Circuit Boards,Copper,0.35,3188.35,USD,23,,SUP-00157
PRD-01748,SKU-SYN-52825,Industrial Resins & Plastics Grade-G,Industrial Resins & Plastics,Crude Oil / Polymers,0.7,453.48,USD,26,250,SUP-00008
PRD-01749,SKU-SYN-37994,Copper Conductors & Wiring Grade-H,Copper Conductors & Wiring,Copper,0.65,2005.28,USD,53,500 units,SUP-00695
PRD-01750,SKU-SYN-71200,copper conductors & wiring grade-1750,Copper Conductors & Wiring,Copper,0.65,-2677.63,USD,56,100,SUP-00153
PRD-01751,SKU-SYN-28161,Copper Conductors & Wiring Grade-J,Copper Conductors & Wiring,Copper,0.65,543.83,USD,84,100,SUP-00137
PRD-01752,sku_1752,Copper Conductors & Wiring Grade-K,,Copper,0.65,$3040.22,USD,72,500 units,SUP-00769
PRD-01753,SKU-SYN-15825,Heavy Engine Castings Grade-L,Heavy Engine Castings,Steel,0.5,3167.15,USD,30,100,SUP-00659
PRD-01754,SKU-SYN-17262,Heavy Engine Castings Grade-M,Heavy Engine Castings,Steel,0.5,1155.29,USD,48,500,SUP-00031
PRD-01755,SKU-SYN-70154,Printed Circuit Boards Grade-N,Printed Circuit Boards,Copper,0.35,2098.52,USD,33,500 units,SUP-00382
PRD-01756,SKU-SYN-61734,Printed Circuit Boards Grade-O,Printed Circuit Boards,Copper,0.35,616.57,USD,34,500 units,SUP-00008
PRD-01757,SKU-SYN-73638,Industrial Resins & Plastics Grade-P,Industrial Resins & Plastics,Crude Oil / Polymers,0.7,1910.68,USD,89,250,SUP-00351
PRD-01758,SKU-SYN-22166,Industrial Resins & Plastics Grade-Q,Industrial Resins & Plastics,Crude Oil / Polymers,0.7,$2044.81,USD,90,500,SUP-00125
PRD-01759,SKU-SYN-33620,Printed Circuit Boards Grade-R,Printed Circuit Boards,Copper,0.35,404.36,USD,70,,SUP-00456
PRD-01760,SKU-SYN-45206,copper conductors & wiring grade-1760,,Copper,0.65,1484.93,USD,82,500,SUP-99999
PRD-01761,SKU-SYN-45323,Copper Conductors & Wiring Grade-T,Copper Conductors & Wiring,Copper,0.65,309.27,USD,77,100,SUP-00487
PRD-01762,SKU-SYN-87241,Copper Conductors & Wiring Grade-U,Copper Conductors & Wiring,Copper,0.65,2562.26,USD,58,500,SUP-00947
PRD-01763,SKU-SYN-28114,Copper Conductors & Wiring Grade-V,Copper Conductors & Wiring,Copper,0.65,2631.38,USD,20,,SUP-00352
PRD-01764,sku_1764,Synthetic Lubricants Grade-W,Synthetic Lubricants,Crude Oil / Polymers,0.8,$749.0,USD,-10,,SUP-00619
PRD-01765,SKU-SYN-58115,Synthetic Lubricants Grade-X,Synthetic Lubricants,Crude Oil / Polymers,0.8,70.53,USD,89,500,SUP-00742
PRD-01766,SKU-SYN-16487,Heavy Engine Castings Grade-Y,Heavy Engine Castings,Steel,0.5,3016.79,USD,86,500 units,SUP-00053
PRD-01767,SKU-SYN-31267,Copper Conductors & Wiring Grade-Z,Copper Conductors & Wiring,Copper,0.65,30.76,USD,60,500,SUP-00964
PRD-01768,SKU-SYN-94599,Synthetic Lubricants Grade-A,,Crude Oil / Polymers,0.8,717.85,USD,50,100,SUP-00206
PRD-01769,SKU-SYN-57874,Heavy Engine Castings Grade-B,Heavy Engine Castings,Steel,0.5,3158.92,USD,21,500 units,SUP-00103
PRD-01770,SKU-SYN-50932,corrugated packaging grade-1770,Corrugated Packaging,Packaging,0.2,$1025.43,USD,21,250,SUP-00317
PRD-01771,SKU-SYN-64685,Printed Circuit Boards Grade-D,Printed Circuit Boards,Copper,0.35,2112.45,USD,87,500,SUP-00731
PRD-01772,SKU-SYN-27083,Printed Circuit Boards Grade-E,Printed Circuit Boards,Copper,0.35,3015.71,USD,39,,SUP-00361
PRD-01773,SKU-SYN-17474,Synthetic Lubricants Grade-F,Synthetic Lubricants,Crude Oil / Polymers,0.8,498.89,USD,44,500,SUP-00273
PRD-01774,SKU-SYN-24044,Printed Circuit Boards Grade-G,Printed Circuit Boards,Copper,0.35,1935.91,USD,16,,SUP-00747
PRD-01775,SKU-SYN-59366,Corrugated Packaging Grade-H,Corrugated Packaging,Packaging,0.2,-1130.2,USD,66,500,SUP-00326
PRD-01776,sku_1776,Industrial Resins & Plastics Grade-I,,Crude Oil / Polymers,0.7,$836.06,USD,47,250,SUP-00152
PRD-01777,SKU-SYN-32497,Heavy Engine Castings Grade-J,Heavy Engine Castings,Steel,0.5,1539.65,USD,76,250,SUP-00870
PRD-01778,SKU-SYN-84642,Heavy Engine Castings Grade-K,Heavy Engine Castings,Steel,0.5,1292.17,USD,57,100,SUP-00429
PRD-01779,SKU-SYN-64066,Industrial Resins & Plastics Grade-L,Industrial Resins & Plastics,Crude Oil / Polymers,0.7,841.62,USD,60,500 units,SUP-00543
PRD-01780,SKU-SYN-67796,industrial resins & plastics grade-1780,Industrial Resins & Plastics,Crude Oil / Polymers,0.7,119.87,USD,13,100,SUP-99999
PRD-01781,SKU-SYN-72321,Synthetic Lubricants Grade-N,Synthetic Lubricants,Crude Oil / Polymers,0.8,2352.26,USD,30,250,SUP-00972
PRD-01782,SKU-SYN-64414,Heavy Engine Castings Grade-O,Heavy Engine Castings,Steel,0.5,$3145.92,USD,-10,500 units,SUP-00358
PRD-01783,SKU-SYN-25934,Copper Conductors & Wiring Grade-P,Copper Conductors & Wiring,Copper,0.65,1706.0,USD,27,500 units,SUP-00022
PRD-01784,SKU-SYN-18888,Printed Circuit Boards Grade-Q,,Copper,0.35,2671.52,USD,76,,SUP-00333
PRD-01785,SKU-SYN-93676,Heavy Engine Castings Grade-R,Heavy Engine Castings,Steel,0.5,2442.97,USD,36,,SUP-00860
PRD-01786,SKU-SYN-96322,Printed Circuit Boards Grade-S,Printed Circuit Boards,Copper,0.35,1224.49,USD,48,,SUP-00353
PRD-01787,SKU-SYN-42403,Industrial Resins & Plastics Grade-T,Industrial Resins & Plastics,Crude Oil / Polymers,0.7,747.7,USD,86,,SUP-00656
PRD-01788,sku_1788,Synthetic Lubricants Grade-U,Synthetic Lubricants,Crude Oil / Polymers,0.8,$1375.8,USD,64,100,SUP-00504
PRD-01789,SKU-SYN-71954,Industrial Resins & Plastics Grade-V,Industrial Resins & Plastics,Crude Oil / Polymers,0.7,1908.56,USD,54,100,SUP-00959
PRD-01790,SKU-SYN-76582,corrugated packaging grade-1790,Corrugated Packaging,Packaging,0.2,2689.29,USD,26,,SUP-00376
PRD-01791,SKU-SYN-53084,Heavy Engine Castings Grade-X,Heavy Engine Castings,Steel,0.5,3049.5,USD,86,,SUP-00034
PRD-01792,SKU-SYN-25953,Synthetic Lubricants Grade-Y,,Crude Oil / Polymers,0.8,511.36,USD,50,500 units,SUP-00411
PRD-01793,SKU-SYN-52631,Industrial Resins & Plastics Grade-Z,Industrial Resins & Plastics,Crude Oil / Polymers,0.7,3162.12,USD,15,500 units,SUP-00070
PRD-01794,SKU-SYN-66847,Industrial Resins & Plastics Grade-A,Industrial Resins & Plastics,Crude Oil / Polymers,0.7,$1697.53,USD,26,500 units,SUP-00534
PRD-01795,SKU-SYN-11809,Copper Conductors & Wiring Grade-B,Copper Conductors & Wiring,Copper,0.65,2326.99,USD,49,100,SUP-00296
PRD-01796,SKU-SYN-19803,Printed Circuit Boards Grade-C,Printed Circuit Boards,Copper,0.35,2215.09,USD,55,,SUP-00942
PRD-01797,SKU-SYN-97375,Printed Circuit Boards Grade-D,Printed Circuit Boards,Copper,0.35,3023.78,USD,13,500,SUP-00979
PRD-01798,SKU-SYN-22970,Copper Conductors & Wiring Grade-E,Copper Conductors & Wiring,Copper,0.65,2902.11,USD,10,250,SUP-00755
PRD-01799,SKU-SYN-82926,Synthetic Lubricants Grade-F,Synthetic Lubricants,Crude Oil / Polymers,0.8,780.13,USD,8,,SUP-00476
prd_1800,sku_1800,copper conductors & wiring grade-1800,,Copper,0.65,$2444.53,USD,-10,250,SUP-99999
PRD-01801,SKU-SYN-42220,Printed Circuit Boards Grade-H,Printed Circuit Boards,Copper,0.35,432.79,USD,40,,SUP-00344
PRD-01802,SKU-SYN-75793,Copper Conductors & Wiring Grade-I,Copper Conductors & Wiring,Copper,0.65,3019.17,USD,61,500,SUP-00116
PRD-01803,SKU-SYN-46187,Industrial Resins & Plastics Grade-J,Industrial Resins & Plastics,Crude Oil / Polymers,0.7,2528.71,USD,60,100,SUP-00570
PRD-01804,SKU-SYN-17899,Printed Circuit Boards Grade-K,Printed Circuit Boards,Copper,0.35,3105.42,USD,79,250,SUP-00269
PRD-01805,SKU-SYN-50332,Synthetic Lubricants Grade-L,Synthetic Lubricants,Crude Oil / Polymers,0.8,1195.15,USD,64,,SUP-00716
PRD-01806,SKU-SYN-22190,Printed Circuit Boards Grade-M,Printed Circuit Boards,Copper,0.35,$1596.22,USD,29,500,SUP-00756
PRD-01807,SKU-SYN-14265,Corrugated Packaging Grade-N,Corrugated Packaging,Packaging,0.2,2036.88,USD,36,250,SUP-00457
PRD-01808,SKU-SYN-72361,Copper Conductors & Wiring Grade-O,,Copper,0.65,2161.55,USD,51,100,SUP-00293
PRD-01809,SKU-SYN-69167,Industrial Resins & Plastics Grade-P,Industrial Resins & Plastics,Crude Oil / Polymers,0.7,2383.95,USD,14,500 units,SUP-00385
PRD-01810,SKU-SYN-21539,corrugated packaging grade-1810,Corrugated Packaging,Packaging,0.2,1843.27,USD,81,,SUP-00616
PRD-01811,SKU-SYN-80903,Industrial Resins & Plastics Grade-R,Industrial Resins & Plastics,Crude Oil / Polymers,0.7,232.58,USD,85,500 units,SUP-00946
PRD-01812,sku_1812,Industrial Resins & Plastics Grade-S,Industrial Resins & Plastics,Crude Oil / Polymers,0.7,$1693.48,USD,74,,SUP-00244
PRD-01813,SKU-SYN-82131,Heavy Engine Castings Grade-T,Heavy Engine Castings,Steel,0.5,1100.15,USD,75,100,SUP-00359
PRD-01814,SKU-SYN-16210,Printed Circuit Boards Grade-U,Printed Circuit Boards,Copper,0.35,750.02,USD,52,500,SUP-00900
PRD-01815,SKU-SYN-14615,Printed Circuit Boards Grade-V,Printed Circuit Boards,Copper,0.35,685.43,USD,17,500,SUP-00815
PRD-01816,SKU-SYN-19168,Corrugated Packaging Grade-W,,Packaging,0.2,1307.01,USD,34,500 units,SUP-00523
PRD-01817,SKU-SYN-76053,Printed Circuit Boards Grade-X,Printed Circuit Boards,Copper,0.35,2065.03,USD,34,,SUP-00761
PRD-01818,SKU-SYN-35478,Heavy Engine Castings Grade-Y,Heavy Engine Castings,Steel,0.5,$2052.81,USD,-10,100,SUP-00213
PRD-01819,SKU-SYN-88576,Printed Circuit Boards Grade-Z,Printed Circuit Boards,Copper,0.35,1837.53,USD,55,,SUP-00371
PRD-01820,SKU-SYN-94771,printed circuit boards grade-1820,Printed Circuit Boards,Copper,0.35,2848.92,USD,79,100,SUP-99999
PRD-01821,SKU-SYN-54631,Industrial Resins & Plastics Grade-B,Industrial Resins & Plastics,Crude Oil / Polymers,0.7,1862.71,USD,38,500,SUP-00591
PRD-01822,SKU-SYN-80213,Printed Circuit Boards Grade-C,Printed Circuit Boards,Copper,0.35,655.36,USD,78,,SUP-00957
PRD-01823,SKU-SYN-33619,Copper Conductors & Wiring Grade-D,Copper Conductors & Wiring,Copper,0.65,163.27,USD,30,250,SUP-00095
PRD-01824,sku_1824,Heavy Engine Castings Grade-E,,Steel,0.5,$149.19,USD,45,,SUP-00562
PRD-01825,SKU-SYN-89470,Printed Circuit Boards Grade-F,Printed Circuit Boards,Copper,0.35,-1179.92,USD,87,500 units,SUP-00740
PRD-01826,SKU-SYN-85498,Printed Circuit Boards Grade-G,Printed Circuit Boards,Copper,0.35,1876.84,USD,53,500,SUP-00936
PRD-01827,SKU-SYN-38223,Printed Circuit Boards Grade-H,Printed Circuit Boards,Copper,0.35,3084.99,USD,58,250,SUP-00273
PRD-01828,SKU-SYN-10375,Synthetic Lubricants Grade-I,Synthetic Lubricants,Crude Oil / Polymers,0.8,7.68,USD,36,,SUP-00816
PRD-01829,SKU-SYN-14854,Industrial Resins & Plastics Grade-J,Industrial Resins & Plastics,Crude Oil / Polymers,0.7,330.41,USD,85,100,SUP-00519
PRD-01830,SKU-SYN-50963,corrugated packaging grade-1830,Corrugated Packaging,Packaging,0.2,$938.06,USD,40,500,SUP-00155
PRD-01831,SKU-SYN-87011,Copper Conductors & Wiring Grade-L,Copper Conductors & Wiring,Copper,0.65,2809.0,USD,85,,SUP-00753
PRD-01832,SKU-SYN-30813,Industrial Resins & Plastics Grade-M,,Crude Oil / Polymers,0.7,3018.91,USD,48,,SUP-00417
PRD-01833,SKU-SYN-97126,Industrial Resins & Plastics Grade-N,Industrial Resins & Plastics,Crude Oil / Polymers,0.7,113.35,USD,70,,SUP-00531
PRD-01834,SKU-SYN-31579,Copper Conductors & Wiring Grade-O,Copper Conductors & Wiring,Copper,0.65,60.95,USD,65,500,SUP-00113
PRD-01835,SKU-SYN-13690,Corrugated Packaging Grade-P,Corrugated Packaging,Packaging,0.2,2258.25,USD,65,100,SUP-01000
PRD-01836,sku_1836,Synthetic Lubricants Grade-Q,Synthetic Lubricants,Crude Oil / Polymers,0.8,$1571.72,USD,-10,500 units,SUP-00950
PRD-01837,SKU-SYN-91702,Synthetic Lubricants Grade-R,Synthetic Lubricants,Crude Oil / Polymers,0.8,2785.65,USD,76,500,SUP-00888
PRD-01838,SKU-SYN-37822,Heavy Engine Castings Grade-S,Heavy Engine Castings,Steel,0.5,1658.96,USD,21,,SUP-00478
PRD-01839,SKU-SYN-19246,Industrial Resins & Plastics Grade-T,Industrial Resins & Plastics,Crude Oil / Polymers,0.7,754.96,USD,22,250,SUP-00063
PRD-01840,SKU-SYN-63971,copper conductors & wiring grade-1840,,Copper,0.65,2035.92,USD,24,500 units,SUP-99999
PRD-01841,SKU-SYN-24516,Corrugated Packaging Grade-V,Corrugated Packaging,Packaging,0.2,2346.75,USD,39,100,SUP-00982
PRD-01842,SKU-SYN-26196,Copper Conductors & Wiring Grade-W,Copper Conductors & Wiring,Copper,0.65,$1361.95,USD,11,,SUP-00256
PRD-01843,SKU-SYN-14189,Copper Conductors & Wiring Grade-X,Copper Conductors & Wiring,Copper,0.65,1815.99,USD,80,500,SUP-00838
PRD-01844,SKU-SYN-88376,Heavy Engine Castings Grade-Y,Heavy Engine Castings,Steel,0.5,787.39,USD,72,250,SUP-00749
PRD-01845,SKU-SYN-37274,Printed Circuit Boards Grade-Z,Printed Circuit Boards,Copper,0.35,1136.09,USD,67,250,SUP-00713
PRD-01846,SKU-SYN-33474,Copper Conductors & Wiring Grade-A,Copper Conductors & Wiring,Copper,0.65,325.35,USD,49,500 units,SUP-00401
PRD-01847,SKU-SYN-68610,Printed Circuit Boards Grade-B,Printed Circuit Boards,Copper,0.35,80.46,USD,55,250,SUP-00574
PRD-01848,sku_1848,Corrugated Packaging Grade-C,,Packaging,0.2,$113.18,USD,26,500 units,SUP-00269
PRD-01849,SKU-SYN-45205,Printed Circuit Boards Grade-D,Printed Circuit Boards,Copper,0.35,314.34,USD,38,100,SUP-00759
PRD-01850,SKU-SYN-95114,industrial resins & plastics grade-1850,Industrial Resins & Plastics,Crude Oil / Polymers,0.7,-1059.74,USD,8,,SUP-00366
PRD-01851,SKU-SYN-13075,Printed Circuit Boards Grade-F,Printed Circuit Boards,Copper,0.35,1998.54,USD,85,100,SUP-00434
PRD-01852,SKU-SYN-99723,Industrial Resins & Plastics Grade-G,Industrial Resins & Plastics,Crude Oil / Polymers,0.7,703.29,USD,79,,SUP-00563
PRD-01853,SKU-SYN-35775,Printed Circuit Boards Grade-H,Printed Circuit Boards,Copper,0.35,1597.81,USD,49,100,SUP-00043
PRD-01854,SKU-SYN-47365,Heavy Engine Castings Grade-I,Heavy Engine Castings,Steel,0.5,$2700.29,USD,-10,500 units,SUP-00910
PRD-01855,SKU-SYN-11767,Synthetic Lubricants Grade-J,Synthetic Lubricants,Crude Oil / Polymers,0.8,311.14,USD,25,100,SUP-00949
PRD-01856,SKU-SYN-23809,Copper Conductors & Wiring Grade-K,,Copper,0.65,2915.09,USD,30,,SUP-00062
PRD-01857,SKU-SYN-75119,Printed Circuit Boards Grade-L,Printed Circuit Boards,Copper,0.35,2291.14,USD,6,100,SUP-00681
PRD-01858,SKU-SYN-96566,Corrugated Packaging Grade-M,Corrugated Packaging,Packaging,0.2,2938.08,USD,36,100,SUP-00205
PRD-01859,SKU-SYN-70853,Copper Conductors & Wiring Grade-N,Copper Conductors & Wiring,Copper,0.65,657.97,USD,18,500 units,SUP-00265
PRD-01860,sku_1860,copper conductors & wiring grade-1860,Copper Conductors & Wiring,Copper,0.65,$1010.73,USD,75,500,SUP-99999
PRD-01861,SKU-SYN-26663,Industrial Resins & Plastics Grade-P,Industrial Resins & Plastics,Crude Oil / Polymers,0.7,2321.27,USD,23,500,SUP-00759
PRD-01862,SKU-SYN-60344,Heavy Engine Castings Grade-Q,Heavy Engine Castings,Steel,0.5,2421.92,USD,46,500 units,SUP-00146
PRD-01863,SKU-SYN-75512,Corrugated Packaging Grade-R,Corrugated Packaging,Packaging,0.2,216.79,USD,5,500,SUP-00228
PRD-01864,SKU-SYN-48148,Industrial Resins & Plastics Grade-S,,Crude Oil / Polymers,0.7,708.04,USD,8,,SUP-00735
PRD-01865,SKU-SYN-96767,Heavy Engine Castings Grade-T,Heavy Engine Castings,Steel,0.5,840.84,USD,73,250,SUP-00043
PRD-01866,SKU-SYN-73489,Printed Circuit Boards Grade-U,Printed Circuit Boards,Copper,0.35,$2263.03,USD,74,100,SUP-00452
PRD-01867,SKU-SYN-99905,Synthetic Lubricants Grade-V,Synthetic Lubricants,Crude Oil / Polymers,0.8,1519.15,USD,18,100,SUP-00014
PRD-01868,SKU-SYN-65471,Corrugated Packaging Grade-W,Corrugated Packaging,Packaging,0.2,2069.58,USD,6,500 units,SUP-00350
PRD-01869,SKU-SYN-66942,Copper Conductors & Wiring Grade-X,Copper Conductors & Wiring,Copper,0.65,398.27,USD,21,,SUP-00640
PRD-01870,SKU-SYN-34918,industrial resins & plastics grade-1870,Industrial Resins & Plastics,Crude Oil / Polymers,0.7,769.29,USD,24,500,SUP-00098
PRD-01871,SKU-SYN-88961,Industrial Resins & Plastics Grade-Z,Industrial Resins & Plastics,Crude Oil / Polymers,0.7,92.83,USD,80,100,SUP-00582
PRD-01872,sku_1872,Heavy Engine Castings Grade-A,,Steel,0.5,$3097.28,USD,-10,100,SUP-00159
PRD-01873,SKU-SYN-16492,Printed Circuit Boards Grade-B,Printed Circuit Boards,Copper,0.35,3062.01,USD,56,100,SUP-00249
PRD-01874,SKU-SYN-11244,Synthetic Lubricants Grade-C,Synthetic Lubricants,Crude Oil / Polymers,0.8,173.83,USD,61,250,SUP-00767
PRD-01875,SKU-SYN-21212,Synthetic Lubricants Grade-D,Synthetic Lubricants,Crude Oil / Polymers,0.8,-506.36,USD,15,100,SUP-00262
PRD-01876,SKU-SYN-62519,Synthetic Lubricants Grade-E,Synthetic Lubricants,Crude Oil / Polymers,0.8,1126.1,USD,90,100,SUP-00874
PRD-01877,SKU-SYN-50970,Synthetic Lubricants Grade-F,Synthetic Lubricants,Crude Oil / Polymers,0.8,1804.45,USD,54,500,SUP-00510
PRD-01878,SKU-SYN-76460,Printed Circuit Boards Grade-G,Printed Circuit Boards,Copper,0.35,$667.91,USD,53,100,SUP-00114
PRD-01879,SKU-SYN-26933,Industrial Resins & Plastics Grade-H,Industrial Resins & Plastics,Crude Oil / Polymers,0.7,2878.09,USD,15,100,SUP-00466
PRD-01880,SKU-SYN-18184,industrial resins & plastics grade-1880,,Crude Oil / Polymers,0.7,2686.58,USD,12,500 units,SUP-99999
PRD-01881,SKU-SYN-97161,Industrial Resins & Plastics Grade-J,Industrial Resins & Plastics,Crude Oil / Polymers,0.7,899.57,USD,45,,SUP-00558
PRD-01882,SKU-SYN-31231,Printed Circuit Boards Grade-K,Printed Circuit Boards,Copper,0.35,2107.19,USD,49,,SUP-00514
PRD-01883,SKU-SYN-74392,Heavy Engine Castings Grade-L,Heavy Engine Castings,Steel,0.5,2441.99,USD,68,500 units,SUP-00906
PRD-01884,sku_1884,Synthetic Lubricants Grade-M,Synthetic Lubricants,Crude Oil / Polymers,0.8,$2103.01,USD,45,100,SUP-00981
PRD-01885,SKU-SYN-80789,Corrugated Packaging Grade-N,Corrugated Packaging,Packaging,0.2,1256.24,USD,9,,SUP-00349
PRD-01886,SKU-SYN-14748,Industrial Resins & Plastics Grade-O,Industrial Resins & Plastics,Crude Oil / Polymers,0.7,2126.77,USD,26,500,SUP-00564
PRD-01887,SKU-SYN-93654,Heavy Engine Castings Grade-P,Heavy Engine Castings,Steel,0.5,1038.92,USD,58,,SUP-00345
PRD-01888,SKU-SYN-80500,Synthetic Lubricants Grade-Q,,Crude Oil / Polymers,0.8,1352.24,USD,83,500 units,SUP-00959
PRD-01889,SKU-SYN-30197,Industrial Resins & Plastics Grade-R,Industrial Resins & Plastics,Crude Oil / Polymers,0.7,1962.38,USD,83,500 units,SUP-00038
PRD-01890,SKU-SYN-44172,printed circuit boards grade-1890,Printed Circuit Boards,Copper,0.35,$471.53,USD,-10,250,SUP-00352
PRD-01891,SKU-SYN-35128,Heavy Engine Castings Grade-T,Heavy Engine Castings,Steel,0.5,423.81,USD,41,,SUP-00222
PRD-01892,SKU-SYN-26807,Corrugated Packaging Grade-U,Corrugated Packaging,Packaging,0.2,2628.3,USD,40,250,SUP-00742
PRD-01893,SKU-SYN-29668,Printed Circuit Boards Grade-V,Printed Circuit Boards,Copper,0.35,2404.4,USD,75,,SUP-00781
PRD-01894,SKU-SYN-31836,Printed Circuit Boards Grade-W,Printed Circuit Boards,Copper,0.35,653.03,USD,38,100,SUP-00608
PRD-01895,SKU-SYN-26806,Industrial Resins & Plastics Grade-X,Industrial Resins & Plastics,Crude Oil / Polymers,0.7,898.88,USD,73,500 units,SUP-00058
PRD-01896,sku_1896,Heavy Engine Castings Grade-Y,,Steel,0.5,$2763.44,USD,72,500 units,SUP-00226
PRD-01897,SKU-SYN-11732,Printed Circuit Boards Grade-Z,Printed Circuit Boards,Copper,0.35,2823.24,USD,69,500 units,SUP-00589
PRD-01898,SKU-SYN-87811,Copper Conductors & Wiring Grade-A,Copper Conductors & Wiring,Copper,0.65,1837.81,USD,77,100,SUP-00305
PRD-01899,SKU-SYN-86310,Synthetic Lubricants Grade-B,Synthetic Lubricants,Crude Oil / Polymers,0.8,2763.53,USD,71,,SUP-00685
PRD-01900,SKU-SYN-29048,industrial resins & plastics grade-1900,Industrial Resins & Plastics,Crude Oil / Polymers,0.7,-496.62,USD,37,250,SUP-99999
PRD-01901,SKU-SYN-17029,Synthetic Lubricants Grade-D,Synthetic Lubricants,Crude Oil / Polymers,0.8,2581.55,USD,32,,SUP-00277
PRD-01902,SKU-SYN-77544,Corrugated Packaging Grade-E,Corrugated Packaging,Packaging,0.2,$139.43,USD,19,250,SUP-00709
PRD-01903,SKU-SYN-46940,Printed Circuit Boards Grade-F,Printed Circuit Boards,Copper,0.35,1002.64,USD,82,500,SUP-00826
PRD-01904,SKU-SYN-85766,Synthetic Lubricants Grade-G,,Crude Oil / Polymers,0.8,2344.03,USD,21,500 units,SUP-00071
PRD-01905,SKU-SYN-51584,Heavy Engine Castings Grade-H,Heavy Engine Castings,Steel,0.5,3034.5,USD,81,250,SUP-00326
PRD-01906,SKU-SYN-83543,Industrial Resins & Plastics Grade-I,Industrial Resins & Plastics,Crude Oil / Polymers,0.7,2815.59,USD,58,100,SUP-00270
PRD-01907,SKU-SYN-21318,Industrial Resins & Plastics Grade-J,Industrial Resins & Plastics,Crude Oil / Polymers,0.7,1384.21,USD,74,500,SUP-00528
PRD-01908,sku_1908,Printed Circuit Boards Grade-K,Printed Circuit Boards,Copper,0.35,$2493.06,USD,-10,,SUP-00900
PRD-01909,SKU-SYN-13137,Industrial Resins & Plastics Grade-L,Industrial Resins & Plastics,Crude Oil / Polymers,0.7,2845.33,USD,15,100,SUP-01000
PRD-01910,SKU-SYN-42581,copper conductors & wiring grade-1910,Copper Conductors & Wiring,Copper,0.65,2298.96,USD,52,500 units,SUP-00201
PRD-01911,SKU-SYN-90026,Corrugated Packaging Grade-N,Corrugated Packaging,Packaging,0.2,1926.35,USD,29,,SUP-00734
PRD-01912,SKU-SYN-11681,Heavy Engine Castings Grade-O,,Steel,0.5,3098.04,USD,77,100,SUP-00482
PRD-01913,SKU-SYN-91645,Corrugated Packaging Grade-P,Corrugated Packaging,Packaging,0.2,80.17,USD,33,500 units,SUP-00292
PRD-01914,SKU-SYN-25256,Printed Circuit Boards Grade-Q,Printed Circuit Boards,Copper,0.35,$99.07,USD,32,,SUP-00733
PRD-01915,SKU-SYN-80297,Corrugated Packaging Grade-R,Corrugated Packaging,Packaging,0.2,1283.74,USD,33,500,SUP-00488
PRD-01916,SKU-SYN-62067,Copper Conductors & Wiring Grade-S,Copper Conductors & Wiring,Copper,0.65,776.0,USD,40,100,SUP-00928
PRD-01917,SKU-SYN-58476,Copper Conductors & Wiring Grade-T,Copper Conductors & Wiring,Copper,0.65,2462.08,USD,8,,SUP-00578
PRD-01918,SKU-SYN-24769,Corrugated Packaging Grade-U,Corrugated Packaging,Packaging,0.2,3025.64,USD,29,100,SUP-00564
PRD-01919,SKU-SYN-97042,Printed Circuit Boards Grade-V,Printed Circuit Boards,Copper,0.35,2101.78,USD,87,100,SUP-00446
PRD-01920,sku_1920,synthetic lubricants grade-1920,,Crude Oil / Polymers,0.8,$3079.6,USD,8,,SUP-99999
PRD-01921,SKU-SYN-59807,Heavy Engine Castings Grade-X,Heavy Engine Castings,Steel,0.5,1453.23,USD,11,,SUP-00474
PRD-01922,SKU-SYN-34551,Copper Conductors & Wiring Grade-Y,Copper Conductors & Wiring,Copper,0.65,354.75,USD,7,100,SUP-00888
PRD-01923,SKU-SYN-33097,Printed Circuit Boards Grade-Z,Printed Circuit Boards,Copper,0.35,2035.97,USD,80,500 units,SUP-00071
PRD-01924,SKU-SYN-37133,Copper Conductors & Wiring Grade-A,Copper Conductors & Wiring,Copper,0.65,1515.6,USD,76,250,SUP-00527
PRD-01925,SKU-SYN-83274,Heavy Engine Castings Grade-B,Heavy Engine Castings,Steel,0.5,-1626.29,USD,37,250,SUP-00781
PRD-01926,SKU-SYN-98763,Heavy Engine Castings Grade-C,Heavy Engine Castings,Steel,0.5,$1222.94,USD,-10,250,SUP-00106
PRD-01927,SKU-SYN-46493,Industrial Resins & Plastics Grade-D,Industrial Resins & Plastics,Crude Oil / Polymers,0.7,917.14,USD,86,500,SUP-00864
PRD-01928,SKU-SYN-38132,Heavy Engine Castings Grade-E,,Steel,0.5,65.09,USD,30,100,SUP-00216
PRD-01929,SKU-SYN-27044,Heavy Engine Castings Grade-F,Heavy Engine Castings,Steel,0.5,2250.22,USD,48,100,SUP-00951
PRD-01930,SKU-SYN-61238,copper conductors & wiring grade-1930,Copper Conductors & Wiring,Copper,0.65,16.55,USD,23,100,SUP-00407
PRD-01931,SKU-SYN-84666,Printed Circuit Boards Grade-H,Printed Circuit Boards,Copper,0.35,1720.77,USD,53,500,SUP-00443
PRD-01932,sku_1932,Printed Circuit Boards Grade-I,Printed Circuit Boards,Copper,0.35,$949.41,USD,48,500 units,SUP-00312
PRD-01933,SKU-SYN-82708,Industrial Resins & Plastics Grade-J,Industrial Resins & Plastics,Crude Oil / Polymers,0.7,708.63,USD,22,250,SUP-00701
PRD-01934,SKU-SYN-20374,Printed Circuit Boards Grade-K,Printed Circuit Boards,Copper,0.35,2083.44,USD,73,500,SUP-00043
PRD-01935,SKU-SYN-71269,Copper Conductors & Wiring Grade-L,Copper Conductors & Wiring,Copper,0.65,615.01,USD,65,100,SUP-00301
PRD-01936,SKU-SYN-54575,Copper Conductors & Wiring Grade-M,,Copper,0.65,1607.74,USD,76,500 units,SUP-00780
PRD-01937,SKU-SYN-30395,Corrugated Packaging Grade-N,Corrugated Packaging,Packaging,0.2,3040.6,USD,10,,SUP-00609
PRD-01938,SKU-SYN-54807,Printed Circuit Boards Grade-O,Printed Circuit Boards,Copper,0.35,$1615.17,USD,8,,SUP-00134
PRD-01939,SKU-SYN-56587,Copper Conductors & Wiring Grade-P,Copper Conductors & Wiring,Copper,0.65,3169.1,USD,89,500,SUP-01000
PRD-01940,SKU-SYN-44686,industrial resins & plastics grade-1940,Industrial Resins & Plastics,Crude Oil / Polymers,0.7,178.85,USD,24,250,SUP-99999
PRD-01941,SKU-SYN-13441,Heavy Engine Castings Grade-R,Heavy Engine Castings,Steel,0.5,1816.27,USD,12,,SUP-00403
PRD-01942,SKU-SYN-12270,Printed Circuit Boards Grade-S,Printed Circuit Boards,Copper,0.35,2932.78,USD,33,,SUP-00803
PRD-01943,SKU-SYN-19600,Synthetic Lubricants Grade-T,Synthetic Lubricants,Crude Oil / Polymers,0.8,1282.98,USD,27,250,SUP-00754
PRD-01944,sku_1944,Industrial Resins & Plastics Grade-U,,Crude Oil / Polymers,0.7,$1753.39,USD,-10,,SUP-00498
PRD-01945,SKU-SYN-52368,Copper Conductors & Wiring Grade-V,Copper Conductors & Wiring,Copper,0.65,380.28,USD,61,,SUP-00863
PRD-01946,SKU-SYN-35643,Heavy Engine Castings Grade-W,Heavy Engine Castings,Steel,0.5,917.46,USD,34,500,SUP-00327
PRD-01947,SKU-SYN-92878,Synthetic Lubricants Grade-X,Synthetic Lubricants,Crude Oil / Polymers,0.8,919.26,USD,60,500 units,SUP-00371
PRD-01948,SKU-SYN-32600,Heavy Engine Castings Grade-Y,Heavy Engine Castings,Steel,0.5,699.06,USD,84,250,SUP-00207
PRD-01949,SKU-SYN-18438,Heavy Engine Castings Grade-Z,Heavy Engine Castings,Steel,0.5,3067.15,USD,14,250,SUP-00126
PRD-01950,SKU-SYN-33988,corrugated packaging grade-1950,Corrugated Packaging,Packaging,0.2,$2735.51,USD,46,100,SUP-00676
PRD-01951,SKU-SYN-62693,Printed Circuit Boards Grade-B,Printed Circuit Boards,Copper,0.35,2149.41,USD,76,500,SUP-00434
PRD-01952,SKU-SYN-59987,Corrugated Packaging Grade-C,,Packaging,0.2,1029.37,USD,56,250,SUP-00363
PRD-01953,SKU-SYN-14146,Synthetic Lubricants Grade-D,Synthetic Lubricants,Crude Oil / Polymers,0.8,1819.38,USD,76,500 units,SUP-00843
PRD-01954,SKU-SYN-37403,Synthetic Lubricants Grade-E,Synthetic Lubricants,Crude Oil / Polymers,0.8,1646.28,USD,15,100,SUP-00384
PRD-01955,SKU-SYN-72553,Copper Conductors & Wiring Grade-F,Copper Conductors & Wiring,Copper,0.65,574.72,USD,87,250,SUP-00551
PRD-01956,sku_1956,Heavy Engine Castings Grade-G,Heavy Engine Castings,Steel,0.5,$857.98,USD,7,500,SUP-00176
PRD-01957,SKU-SYN-56934,Corrugated Packaging Grade-H,Corrugated Packaging,Packaging,0.2,1412.09,USD,46,250,SUP-00147
PRD-01958,SKU-SYN-76597,Industrial Resins & Plastics Grade-I,Industrial Resins & Plastics,Crude Oil / Polymers,0.7,857.44,USD,18,500,SUP-00594
PRD-01959,SKU-SYN-32869,Printed Circuit Boards Grade-J,Printed Circuit Boards,Copper,0.35,883.13,USD,7,500,SUP-00262
PRD-01960,SKU-SYN-13813,heavy engine castings grade-1960,,Steel,0.5,2552.71,USD,64,250,SUP-99999
PRD-01961,SKU-SYN-11077,Printed Circuit Boards Grade-L,Printed Circuit Boards,Copper,0.35,570.4,USD,9,,SUP-00921
PRD-01962,SKU-SYN-42355,Corrugated Packaging Grade-M,Corrugated Packaging,Packaging,0.2,$1908.04,USD,-10,250,SUP-00741
PRD-01963,SKU-SYN-91553,Heavy Engine Castings Grade-N,Heavy Engine Castings,Steel,0.5,2131.93,USD,83,500,SUP-00334
PRD-01964,SKU-SYN-37065,Printed Circuit Boards Grade-O,Printed Circuit Boards,Copper,0.35,785.26,USD,66,,SUP-00954
PRD-01965,SKU-SYN-23413,Copper Conductors & Wiring Grade-P,Copper Conductors & Wiring,Copper,0.65,1073.73,USD,76,,SUP-00833
PRD-01966,SKU-SYN-61954,Synthetic Lubricants Grade-Q,Synthetic Lubricants,Crude Oil / Polymers,0.8,436.44,USD,6,500,SUP-00086
PRD-01967,SKU-SYN-31788,Corrugated Packaging Grade-R,Corrugated Packaging,Packaging,0.2,681.05,USD,79,100,SUP-00663
PRD-01968,sku_1968,Heavy Engine Castings Grade-S,,Steel,0.5,$1155.93,USD,27,,SUP-00315
PRD-01969,SKU-SYN-44319,Heavy Engine Castings Grade-T,Heavy Engine Castings,Steel,0.5,255.76,USD,48,100,SUP-00786
PRD-01970,SKU-SYN-53029,industrial resins & plastics grade-1970,Industrial Resins & Plastics,Crude Oil / Polymers,0.7,1481.98,USD,75,500,SUP-00633
PRD-01971,SKU-SYN-73574,Printed Circuit Boards Grade-V,Printed Circuit Boards,Copper,0.35,2118.2,USD,35,,SUP-00857
PRD-01972,SKU-SYN-86683,Printed Circuit Boards Grade-W,Printed Circuit Boards,Copper,0.35,441.57,USD,29,100,SUP-00937
PRD-01973,SKU-SYN-48642,Printed Circuit Boards Grade-X,Printed Circuit Boards,Copper,0.35,692.57,USD,14,500,SUP-00077
PRD-01974,SKU-SYN-12602,Copper Conductors & Wiring Grade-Y,Copper Conductors & Wiring,Copper,0.65,$2036.74,USD,68,,SUP-00186
PRD-01975,SKU-SYN-89744,Copper Conductors & Wiring Grade-Z,Copper Conductors & Wiring,Copper,0.65,-1284.76,USD,52,500 units,SUP-00614
PRD-01976,SKU-SYN-75383,Synthetic Lubricants Grade-A,,Crude Oil / Polymers,0.8,391.98,USD,64,100,SUP-00567
PRD-01977,SKU-SYN-92713,Corrugated Packaging Grade-B,Corrugated Packaging,Packaging,0.2,673.11,USD,72,500,SUP-00979
PRD-01978,SKU-SYN-18271,Corrugated Packaging Grade-C,Corrugated Packaging,Packaging,0.2,2448.77,USD,48,,SUP-00384
PRD-01979,SKU-SYN-63178,Heavy Engine Castings Grade-D,Heavy Engine Castings,Steel,0.5,269.28,USD,36,,SUP-00918
PRD-01980,sku_1980,industrial resins & plastics grade-1980,Industrial Resins & Plastics,Crude Oil / Polymers,0.7,$1792.77,USD,-10,500,SUP-99999
PRD-01981,SKU-SYN-93590,Printed Circuit Boards Grade-F,Printed Circuit Boards,Copper,0.35,2415.8,USD,50,,SUP-00700
PRD-01982,SKU-SYN-93099,Copper Conductors & Wiring Grade-G,Copper Conductors & Wiring,Copper,0.65,3159.67,USD,32,,SUP-00331
PRD-01983,SKU-SYN-18642,Industrial Resins & Plastics Grade-H,Industrial Resins & Plastics,Crude Oil / Polymers,0.7,580.45,USD,32,500,SUP-00479
PRD-01984,SKU-SYN-78707,Heavy Engine Castings Grade-I,,Steel,0.5,1354.69,USD,45,,SUP-00377
PRD-01985,SKU-SYN-55133,Printed Circuit Boards Grade-J,Printed Circuit Boards,Copper,0.35,1669.91,USD,26,250,SUP-00006
PRD-01986,SKU-SYN-79815,Synthetic Lubricants Grade-K,Synthetic Lubricants,Crude Oil / Polymers,0.8,$50.43,USD,70,500 units,SUP-00205
PRD-01987,SKU-SYN-30794,Industrial Resins & Plastics Grade-L,Industrial Resins & Plastics,Crude Oil / Polymers,0.7,1310.99,USD,31,500,SUP-00746
PRD-01988,SKU-SYN-29802,Corrugated Packaging Grade-M,Corrugated Packaging,Packaging,0.2,1443.69,USD,31,500 units,SUP-00572
PRD-01989,SKU-SYN-58067,Industrial Resins & Plastics Grade-N,Industrial Resins & Plastics,Crude Oil / Polymers,0.7,2325.28,USD,54,500,SUP-00007
PRD-01990,SKU-SYN-14670,industrial resins & plastics grade-1990,Industrial Resins & Plastics,Crude Oil / Polymers,0.7,137.29,USD,27,100,SUP-00342
PRD-01991,SKU-SYN-26356,Synthetic Lubricants Grade-P,Synthetic Lubricants,Crude Oil / Polymers,0.8,361.61,USD,32,100,SUP-00866
PRD-01992,sku_1992,Industrial Resins & Plastics Grade-Q,,Crude Oil / Polymers,0.7,$2643.21,USD,67,500 units,SUP-00514
PRD-01993,SKU-SYN-65695,Industrial Resins & Plastics Grade-R,Industrial Resins & Plastics,Crude Oil / Polymers,0.7,2331.65,USD,40,,SUP-00209
PRD-01994,SKU-SYN-71268,Industrial Resins & Plastics Grade-S,Industrial Resins & Plastics,Crude Oil / Polymers,0.7,2465.87,USD,42,500,SUP-00715
PRD-01995,SKU-SYN-90779,Printed Circuit Boards Grade-T,Printed Circuit Boards,Copper,0.35,966.45,USD,38,250,SUP-00549
PRD-01996,SKU-SYN-95523,Heavy Engine Castings Grade-U,Heavy Engine Castings,Steel,0.5,1309.73,USD,46,100,SUP-00785
PRD-01997,SKU-SYN-44518,Copper Conductors & Wiring Grade-V,Copper Conductors & Wiring,Copper,0.65,2582.61,USD,72,500,SUP-00237
PRD-01998,SKU-SYN-57467,Industrial Resins & Plastics Grade-W,Industrial Resins & Plastics,Crude Oil / Polymers,0.7,$1635.5,USD,-10,250,SUP-00830
PRD-01999,SKU-SYN-31173,Corrugated Packaging Grade-X,Corrugated Packaging,Packaging,0.2,124.47,USD,63,,SUP-00612
PRD-02000,SKU-SYN-63202,synthetic lubricants grade-2000,,Crude Oil / Polymers,0.8,-1077.52,USD,54,100,SUP-99999
PRD-02001,SKU-SYN-20490,Copper Conductors & Wiring Grade-Z,Copper Conductors & Wiring,Copper,0.65,1114.75,USD,15,500,SUP-00095
PRD-02002,SKU-SYN-16073,Copper Conductors & Wiring Grade-A,Copper Conductors & Wiring,Copper,0.65,3118.38,USD,29,250,SUP-00324
PRD-02003,SKU-SYN-38980,Corrugated Packaging Grade-B,Corrugated Packaging,Packaging,0.2,1918.26,USD,74,250,SUP-00885
PRD-02004,sku_2004,Copper Conductors & Wiring Grade-C,Copper Conductors & Wiring,Copper,0.65,$585.03,USD,26,250,SUP-00868
PRD-02005,SKU-SYN-54348,Copper Conductors & Wiring Grade-D,Copper Conductors & Wiring,Copper,0.65,1104.78,USD,25,500,SUP-00500
PRD-02006,SKU-SYN-70586,Synthetic Lubricants Grade-E,Synthetic Lubricants,Crude Oil / Polymers,0.8,1170.52,USD,12,,SUP-00421
PRD-02007,SKU-SYN-81418,Corrugated Packaging Grade-F,Corrugated Packaging,Packaging,0.2,3010.84,USD,41,100,SUP-00629
PRD-02008,SKU-SYN-57553,Corrugated Packaging Grade-G,,Packaging,0.2,1676.65,USD,33,100,SUP-00833
PRD-02009,SKU-SYN-57277,Corrugated Packaging Grade-H,Corrugated Packaging,Packaging,0.2,2483.5,USD,40,100,SUP-00980
PRD-02010,SKU-SYN-12855,printed circuit boards grade-2010,Printed Circuit Boards,Copper,0.35,$31.74,USD,74,,SUP-00375
PRD-02011,SKU-SYN-78562,Corrugated Packaging Grade-J,Corrugated Packaging,Packaging,0.2,2331.57,USD,46,,SUP-00349
PRD-02012,SKU-SYN-39218,Copper Conductors & Wiring Grade-K,Copper Conductors & Wiring,Copper,0.65,1956.4,USD,30,100,SUP-00880
PRD-02013,SKU-SYN-74523,Printed Circuit Boards Grade-L,Printed Circuit Boards,Copper,0.35,1906.49,USD,85,250,SUP-00068
PRD-02014,SKU-SYN-71828,Industrial Resins & Plastics Grade-M,Industrial Resins & Plastics,Crude Oil / Polymers,0.7,1640.19,USD,49,500 units,SUP-00396
PRD-02015,SKU-SYN-57372,Printed Circuit Boards Grade-N,Printed Circuit Boards,Copper,0.35,2851.17,USD,46,,SUP-00308
PRD-02016,sku_2016,Copper Conductors & Wiring Grade-O,,Copper,0.65,$621.57,USD,-10,500 units,SUP-00923
PRD-02017,SKU-SYN-16386,Synthetic Lubricants Grade-P,Synthetic Lubricants,Crude Oil / Polymers,0.8,562.98,USD,63,,SUP-00776
PRD-02018,SKU-SYN-16515,Corrugated Packaging Grade-Q,Corrugated Packaging,Packaging,0.2,1581.48,USD,34,500,SUP-00257
PRD-02019,SKU-SYN-81400,Industrial Resins & Plastics Grade-R,Industrial Resins & Plastics,Crude Oil / Polymers,0.7,808.38,USD,26,100,SUP-00195
PRD-02020,SKU-SYN-84600,corrugated packaging grade-2020,Corrugated Packaging,Packaging,0.2,1894.72,USD,16,250,SUP-99999
PRD-02021,SKU-SYN-93124,Heavy Engine Castings Grade-T,Heavy Engine Castings,Steel,0.5,1647.43,USD,84,500,SUP-00900
PRD-02022,SKU-SYN-63562,Corrugated Packaging Grade-U,Corrugated Packaging,Packaging,0.2,$1786.75,USD,19,100,SUP-00316
PRD-02023,SKU-SYN-99463,Synthetic Lubricants Grade-V,Synthetic Lubricants,Crude Oil / Polymers,0.8,577.23,USD,33,500,SUP-00509
PRD-02024,SKU-SYN-21225,Synthetic Lubricants Grade-W,,Crude Oil / Polymers,0.8,2017.65,USD,32,500,SUP-00575
PRD-02025,SKU-SYN-32697,Printed Circuit Boards Grade-X,Printed Circuit Boards,Copper,0.35,-230.18,USD,80,500 units,SUP-00852
PRD-02026,SKU-SYN-65994,Corrugated Packaging Grade-Y,Corrugated Packaging,Packaging,0.2,2356.61,USD,47,,SUP-00619
PRD-02027,SKU-SYN-50965,Heavy Engine Castings Grade-Z,Heavy Engine Castings,Steel,0.5,2344.35,USD,20,100,SUP-00220
PRD-02028,sku_2028,Copper Conductors & Wiring Grade-A,Copper Conductors & Wiring,Copper,0.65,$2670.19,USD,9,500 units,SUP-00360
PRD-02029,SKU-SYN-19610,Printed Circuit Boards Grade-B,Printed Circuit Boards,Copper,0.35,1750.89,USD,83,250,SUP-00042
PRD-02030,SKU-SYN-17016,copper conductors & wiring grade-2030,Copper Conductors & Wiring,Copper,0.65,2297.12,USD,59,,SUP-00651
PRD-02031,SKU-SYN-18023,Corrugated Packaging Grade-D,Corrugated Packaging,Packaging,0.2,628.91,USD,7,,SUP-00093
PRD-02032,SKU-SYN-86692,Industrial Resins & Plastics Grade-E,,Crude Oil / Polymers,0.7,860.51,USD,35,500,SUP-00002
PRD-02033,SKU-SYN-56923,Heavy Engine Castings Grade-F,Heavy Engine Castings,Steel,0.5,402.52,USD,7,,SUP-00395
PRD-02034,SKU-SYN-77772,Industrial Resins & Plastics Grade-G,Industrial Resins & Plastics,Crude Oil / Polymers,0.7,$2440.21,USD,-10,250,SUP-00623
PRD-02035,SKU-SYN-28192,Industrial Resins & Plastics Grade-H,Industrial Resins & Plastics,Crude Oil / Polymers,0.7,2293.56,USD,82,500,SUP-00129
PRD-02036,SKU-SYN-14487,Copper Conductors & Wiring Grade-I,Copper Conductors & Wiring,Copper,0.65,2159.09,USD,86,500,SUP-00663
PRD-02037,SKU-SYN-40463,Heavy Engine Castings Grade-J,Heavy Engine Castings,Steel,0.5,913.54,USD,19,500,SUP-00243
PRD-02038,SKU-SYN-14949,Synthetic Lubricants Grade-K,Synthetic Lubricants,Crude Oil / Polymers,0.8,1300.98,USD,15,500 units,SUP-00117
PRD-02039,SKU-SYN-84433,Printed Circuit Boards Grade-L,Printed Circuit Boards,Copper,0.35,3115.12,USD,33,,SUP-00007
PRD-02040,sku_2040,printed circuit boards grade-2040,,Copper,0.35,$1839.64,USD,71,250,SUP-99999
PRD-02041,SKU-SYN-98140,Copper Conductors & Wiring Grade-N,Copper Conductors & Wiring,Copper,0.65,2792.48,USD,78,,SUP-00013
PRD-02042,SKU-SYN-31506,Industrial Resins & Plastics Grade-O,Industrial Resins & Plastics,Crude Oil / Polymers,0.7,2003.51,USD,74,250,SUP-00023
PRD-02043,SKU-SYN-57195,Synthetic Lubricants Grade-P,Synthetic Lubricants,Crude Oil / Polymers,0.8,2442.21,USD,10,500,SUP-00549
PRD-02044,SKU-SYN-34108,Heavy Engine Castings Grade-Q,Heavy Engine Castings,Steel,0.5,2302.16,USD,29,500 units,SUP-00268
PRD-02045,SKU-SYN-70505,Printed Circuit Boards Grade-R,Printed Circuit Boards,Copper,0.35,2807.02,USD,47,,SUP-00551
PRD-02046,SKU-SYN-73917,Synthetic Lubricants Grade-S,Synthetic Lubricants,Crude Oil / Polymers,0.8,$2393.05,USD,69,,SUP-00899
PRD-02047,SKU-SYN-82148,Synthetic Lubricants Grade-T,Synthetic Lubricants,Crude Oil / Polymers,0.8,1699.88,USD,88,,SUP-00106
PRD-02048,SKU-SYN-76576,Industrial Resins & Plastics Grade-U,,Crude Oil / Polymers,0.7,2023.94,USD,61,500,SUP-00170
PRD-02049,SKU-SYN-93801,Industrial Resins & Plastics Grade-V,Industrial Resins & Plastics,Crude Oil / Polymers,0.7,301.14,USD,70,250,SUP-00912
PRD-02050,SKU-SYN-51586,corrugated packaging grade-2050,Corrugated Packaging,Packaging,0.2,-2517.8,USD,84,500 units,SUP-00089
PRD-02051,SKU-SYN-50596,Synthetic Lubricants Grade-X,Synthetic Lubricants,Crude Oil / Polymers,0.8,2314.85,USD,42,250,SUP-00895
PRD-02052,sku_2052,Heavy Engine Castings Grade-Y,Heavy Engine Castings,Steel,0.5,$867.4,USD,-10,100,SUP-00304
PRD-02053,SKU-SYN-33438,Industrial Resins & Plastics Grade-Z,Industrial Resins & Plastics,Crude Oil / Polymers,0.7,2685.14,USD,75,,SUP-00577
PRD-02054,SKU-SYN-46829,Copper Conductors & Wiring Grade-A,Copper Conductors & Wiring,Copper,0.65,1158.23,USD,90,,SUP-00887
PRD-02055,SKU-SYN-42407,Industrial Resins & Plastics Grade-B,Industrial Resins & Plastics,Crude Oil / Polymers,0.7,3022.21,USD,85,,SUP-00813
PRD-02056,SKU-SYN-48976,Corrugated Packaging Grade-C,,Packaging,0.2,2813.03,USD,39,,SUP-00757
PRD-02057,SKU-SYN-76673,Printed Circuit Boards Grade-D,Printed Circuit Boards,Copper,0.35,769.21,USD,84,100,SUP-00201
PRD-02058,SKU-SYN-94191,Corrugated Packaging Grade-E,Corrugated Packaging,Packaging,0.2,$1758.13,USD,48,500 units,SUP-00281
PRD-02059,SKU-SYN-86623,Heavy Engine Castings Grade-F,Heavy Engine Castings,Steel,0.5,1627.48,USD,64,250,SUP-00596
PRD-02060,SKU-SYN-30009,industrial resins & plastics grade-2060,Industrial Resins & Plastics,Crude Oil / Polymers,0.7,2452.24,USD,84,250,SUP-99999
PRD-02061,SKU-SYN-90870,Copper Conductors & Wiring Grade-H,Copper Conductors & Wiring,Copper,0.65,2318.29,USD,73,,SUP-00365
PRD-02062,SKU-SYN-64967,Corrugated Packaging Grade-I,Corrugated Packaging,Packaging,0.2,1657.27,USD,36,100,SUP-00255
PRD-02063,SKU-SYN-25290,Industrial Resins & Plastics Grade-J,Industrial Resins & Plastics,Crude Oil / Polymers,0.7,1040.49,USD,25,100,SUP-00511
PRD-02064,sku_2064,Synthetic Lubricants Grade-K,,Crude Oil / Polymers,0.8,$393.54,USD,20,100,SUP-00561
PRD-02065,SKU-SYN-91403,Synthetic Lubricants Grade-L,Synthetic Lubricants,Crude Oil / Polymers,0.8,2385.61,USD,25,100,SUP-00487
PRD-02066,SKU-SYN-49821,Heavy Engine Castings Grade-M,Heavy Engine Castings,Steel,0.5,2563.44,USD,58,500 units,SUP-00697
PRD-02067,SKU-SYN-60007,Copper Conductors & Wiring Grade-N,Copper Conductors & Wiring,Copper,0.65,2934.22,USD,82,,SUP-00732
PRD-02068,SKU-SYN-75921,Heavy Engine Castings Grade-O,Heavy Engine Castings,Steel,0.5,2893.59,USD,67,100,SUP-00821
PRD-02069,SKU-SYN-82564,Heavy Engine Castings Grade-P,Heavy Engine Castings,Steel,0.5,3073.43,USD,42,500,SUP-00314
PRD-02070,SKU-SYN-14539,copper conductors & wiring grade-2070,Copper Conductors & Wiring,Copper,0.65,$652.71,USD,-10,500,SUP-00469
PRD-02071,SKU-SYN-44220,Corrugated Packaging Grade-R,Corrugated Packaging,Packaging,0.2,900.93,USD,24,100,SUP-00133
PRD-02072,SKU-SYN-96609,Heavy Engine Castings Grade-S,,Steel,0.5,382.26,USD,76,,SUP-00977
PRD-02073,SKU-SYN-23854,Synthetic Lubricants Grade-T,Synthetic Lubricants,Crude Oil / Polymers,0.8,2231.97,USD,72,100,SUP-00103
PRD-02074,SKU-SYN-23512,Copper Conductors & Wiring Grade-U,Copper Conductors & Wiring,Copper,0.65,1690.74,USD,47,500,SUP-00316
PRD-02075,SKU-SYN-41219,Industrial Resins & Plastics Grade-V,Industrial Resins & Plastics,Crude Oil / Polymers,0.7,-1377.47,USD,88,500,SUP-00385
PRD-02076,sku_2076,Synthetic Lubricants Grade-W,Synthetic Lubricants,Crude Oil / Polymers,0.8,$846.48,USD,41,100,SUP-00825
PRD-02077,SKU-SYN-23754,Corrugated Packaging Grade-X,Corrugated Packaging,Packaging,0.2,2676.6,USD,9,500 units,SUP-00989
PRD-02078,SKU-SYN-52196,Heavy Engine Castings Grade-Y,Heavy Engine Castings,Steel,0.5,2292.22,USD,76,,SUP-00279
PRD-02079,SKU-SYN-89367,Printed Circuit Boards Grade-Z,Printed Circuit Boards,Copper,0.35,1604.23,USD,62,500 units,SUP-00305
PRD-02080,SKU-SYN-43852,corrugated packaging grade-2080,,Packaging,0.2,518.45,USD,65,250,SUP-99999
PRD-02081,SKU-SYN-94939,Corrugated Packaging Grade-B,Corrugated Packaging,Packaging,0.2,2781.1,USD,81,,SUP-00755
PRD-02082,SKU-SYN-59233,Industrial Resins & Plastics Grade-C,Industrial Resins & Plastics,Crude Oil / Polymers,0.7,$3061.91,USD,37,,SUP-00382
PRD-02083,SKU-SYN-36108,Industrial Resins & Plastics Grade-D,Industrial Resins & Plastics,Crude Oil / Polymers,0.7,1876.39,USD,53,100,SUP-00510
PRD-02084,SKU-SYN-15557,Copper Conductors & Wiring Grade-E,Copper Conductors & Wiring,Copper,0.65,2494.28,USD,21,250,SUP-00802
PRD-02085,SKU-SYN-34767,Synthetic Lubricants Grade-F,Synthetic Lubricants,Crude Oil / Polymers,0.8,2551.83,USD,34,500,SUP-00106
PRD-02086,SKU-SYN-38166,Corrugated Packaging Grade-G,Corrugated Packaging,Packaging,0.2,2996.04,USD,43,500,SUP-00281
PRD-02087,SKU-SYN-64871,Copper Conductors & Wiring Grade-H,Copper Conductors & Wiring,Copper,0.65,1056.27,USD,53,100,SUP-00288
PRD-02088,sku_2088,Synthetic Lubricants Grade-I,,Crude Oil / Polymers,0.8,$3023.62,USD,-10,500 units,SUP-00105
PRD-02089,SKU-SYN-55068,Copper Conductors & Wiring Grade-J,Copper Conductors & Wiring,Copper,0.65,1596.43,USD,72,250,SUP-00932
PRD-02090,SKU-SYN-71013,synthetic lubricants grade-2090,Synthetic Lubricants,Crude Oil / Polymers,0.8,870.63,USD,54,100,SUP-00258
PRD-02091,SKU-SYN-55109,Heavy Engine Castings Grade-L,Heavy Engine Castings,Steel,0.5,768.88,USD,33,500 units,SUP-00472
PRD-02092,SKU-SYN-95704,Printed Circuit Boards Grade-M,Printed Circuit Boards,Copper,0.35,213.08,USD,62,250,SUP-00538
PRD-02093,SKU-SYN-69402,Synthetic Lubricants Grade-N,Synthetic Lubricants,Crude Oil / Polymers,0.8,3065.67,USD,10,500 units,SUP-00286
PRD-02094,SKU-SYN-25674,Copper Conductors & Wiring Grade-O,Copper Conductors & Wiring,Copper,0.65,$2911.66,USD,34,500,SUP-00444
PRD-02095,SKU-SYN-58220,Synthetic Lubricants Grade-P,Synthetic Lubricants,Crude Oil / Polymers,0.8,218.29,USD,66,250,SUP-00789
PRD-02096,SKU-SYN-11767,Corrugated Packaging Grade-Q,,Packaging,0.2,107.93,USD,56,500,SUP-00383
PRD-02097,SKU-SYN-26812,Copper Conductors & Wiring Grade-R,Copper Conductors & Wiring,Copper,0.65,3010.88,USD,39,500 units,SUP-00872
PRD-02098,SKU-SYN-67716,Printed Circuit Boards Grade-S,Printed Circuit Boards,Copper,0.35,266.65,USD,25,500 units,SUP-00044
PRD-02099,SKU-SYN-92404,Copper Conductors & Wiring Grade-T,Copper Conductors & Wiring,Copper,0.65,130.69,USD,81,500 units,SUP-00703
prd_2100,sku_2100,synthetic lubricants grade-2100,Synthetic Lubricants,Crude Oil / Polymers,0.8,$1880.07,USD,8,,SUP-99999
PRD-02101,SKU-SYN-99012,Industrial Resins & Plastics Grade-V,Industrial Resins & Plastics,Crude Oil / Polymers,0.7,1568.7,USD,28,100,SUP-00413
PRD-02102,SKU-SYN-46273,Corrugated Packaging Grade-W,Corrugated Packaging,Packaging,0.2,2427.78,USD,30,500,SUP-00787
PRD-02103,SKU-SYN-35076,Industrial Resins & Plastics Grade-X,Industrial Resins & Plastics,Crude Oil / Polymers,0.7,1686.12,USD,76,250,SUP-00091
PRD-02104,SKU-SYN-89509,Heavy Engine Castings Grade-Y,,Steel,0.5,14.71,USD,61,250,SUP-00135
PRD-02105,SKU-SYN-43643,Corrugated Packaging Grade-Z,Corrugated Packaging,Packaging,0.2,598.9,USD,54,,SUP-00058
PRD-02106,SKU-SYN-65994,Printed Circuit Boards Grade-A,Printed Circuit Boards,Copper,0.35,$138.5,USD,-10,,SUP-00293
PRD-02107,SKU-SYN-79542,Heavy Engine Castings Grade-B,Heavy Engine Castings,Steel,0.5,1304.02,USD,78,100,SUP-00935
PRD-02108,SKU-SYN-23697,Heavy Engine Castings Grade-C,Heavy Engine Castings,Steel,0.5,1311.42,USD,5,100,SUP-00988
PRD-02109,SKU-SYN-45759,Synthetic Lubricants Grade-D,Synthetic Lubricants,Crude Oil / Polymers,0.8,761.13,USD,66,500 units,SUP-00018
PRD-02110,SKU-SYN-26598,copper conductors & wiring grade-2110,Copper Conductors & Wiring,Copper,0.65,337.8,USD,31,100,SUP-00483
PRD-02111,SKU-SYN-84543,Synthetic Lubricants Grade-F,Synthetic Lubricants,Crude Oil / Polymers,0.8,1219.79,USD,65,100,SUP-00595
PRD-02112,sku_2112,Printed Circuit Boards Grade-G,,Copper,0.35,$427.6,USD,5,500,SUP-00087
PRD-02113,SKU-SYN-82353,Heavy Engine Castings Grade-H,Heavy Engine Castings,Steel,0.5,818.98,USD,27,100,SUP-00962
PRD-02114,SKU-SYN-17578,Industrial Resins & Plastics Grade-I,Industrial Resins & Plastics,Crude Oil / Polymers,0.7,601.22,USD,14,500,SUP-00989
PRD-02115,SKU-SYN-49424,Printed Circuit Boards Grade-J,Printed Circuit Boards,Copper,0.35,663.31,USD,56,,SUP-00478
PRD-02116,SKU-SYN-36405,Corrugated Packaging Grade-K,Corrugated Packaging,Packaging,0.2,307.08,USD,27,,SUP-00984
PRD-02117,SKU-SYN-88483,Printed Circuit Boards Grade-L,Printed Circuit Boards,Copper,0.35,1965.95,USD,23,250,SUP-00937
PRD-02118,SKU-SYN-81054,Printed Circuit Boards Grade-M,Printed Circuit Boards,Copper,0.35,$1906.0,USD,79,500 units,SUP-00065
PRD-02119,SKU-SYN-32337,Copper Conductors & Wiring Grade-N,Copper Conductors & Wiring,Copper,0.65,1986.71,USD,28,500 units,SUP-00629
PRD-02120,SKU-SYN-65143,synthetic lubricants grade-2120,,Crude Oil / Polymers,0.8,2814.83,USD,53,250,SUP-99999
PRD-02121,SKU-SYN-39678,Heavy Engine Castings Grade-P,Heavy Engine Castings,Steel,0.5,1150.91,USD,15,250,SUP-00530
PRD-02122,SKU-SYN-40482,Printed Circuit Boards Grade-Q,Printed Circuit Boards,Copper,0.35,2306.91,USD,35,100,SUP-00741
PRD-02123,SKU-SYN-99566,Printed Circuit Boards Grade-R,Printed Circuit Boards,Copper,0.35,1604.75,USD,80,100,SUP-00117
PRD-02124,sku_2124,Heavy Engine Castings Grade-S,Heavy Engine Castings,Steel,0.5,$1598.59,USD,-10,500 units,SUP-00070
PRD-02125,SKU-SYN-74168,Industrial Resins & Plastics Grade-T,Industrial Resins & Plastics,Crude Oil / Polymers,0.7,-927.74,USD,26,250,SUP-00530
PRD-02126,SKU-SYN-67650,Corrugated Packaging Grade-U,Corrugated Packaging,Packaging,0.2,533.06,USD,68,250,SUP-00003
PRD-02127,SKU-SYN-25036,Industrial Resins & Plastics Grade-V,Industrial Resins & Plastics,Crude Oil / Polymers,0.7,2034.31,USD,47,500 units,SUP-00428
PRD-02128,SKU-SYN-46207,Corrugated Packaging Grade-W,,Packaging,0.2,2665.36,USD,49,250,SUP-00972
PRD-02129,SKU-SYN-87489,Copper Conductors & Wiring Grade-X,Copper Conductors & Wiring,Copper,0.65,2021.74,USD,65,,SUP-00365
PRD-02130,SKU-SYN-49762,synthetic lubricants grade-2130,Synthetic Lubricants,Crude Oil / Polymers,0.8,$2977.06,USD,59,100,SUP-00944
PRD-02131,SKU-SYN-22611,Copper Conductors & Wiring Grade-Z,Copper Conductors & Wiring,Copper,0.65,3149.38,USD,45,100,SUP-00411
PRD-02132,SKU-SYN-37515,Industrial Resins & Plastics Grade-A,Industrial Resins & Plastics,Crude Oil / Polymers,0.7,1031.09,USD,71,250,SUP-00230
PRD-02133,SKU-SYN-74898,Synthetic Lubricants Grade-B,Synthetic Lubricants,Crude Oil / Polymers,0.8,121.08,USD,52,500 units,SUP-00358
PRD-02134,SKU-SYN-49063,Industrial Resins & Plastics Grade-C,Industrial Resins & Plastics,Crude Oil / Polymers,0.7,2850.05,USD,50,100,SUP-00909
PRD-02135,SKU-SYN-51854,Synthetic Lubricants Grade-D,Synthetic Lubricants,Crude Oil / Polymers,0.8,1489.15,USD,38,,SUP-00035
PRD-02136,sku_2136,Heavy Engine Castings Grade-E,,Steel,0.5,$2631.3,USD,65,,SUP-00097
PRD-02137,SKU-SYN-28771,Synthetic Lubricants Grade-F,Synthetic Lubricants,Crude Oil / Polymers,0.8,1628.7,USD,61,,SUP-00519
PRD-02138,SKU-SYN-21374,Synthetic Lubricants Grade-G,Synthetic Lubricants,Crude Oil / Polymers,0.8,2408.97,USD,67,250,SUP-00282
PRD-02139,SKU-SYN-93986,Synthetic Lubricants Grade-H,Synthetic Lubricants,Crude Oil / Polymers,0.8,2840.97,USD,62,500 units,SUP-00943
PRD-02140,SKU-SYN-51274,synthetic lubricants grade-2140,Synthetic Lubricants,Crude Oil / Polymers,0.8,240.23,USD,25,500,SUP-99999
PRD-02141,SKU-SYN-40696,Industrial Resins & Plastics Grade-J,Industrial Resins & Plastics,Crude Oil / Polymers,0.7,2741.93,USD,24,,SUP-00942
PRD-02142,SKU-SYN-90248,Copper Conductors & Wiring Grade-K,Copper Conductors & Wiring,Copper,0.65,$418.61,USD,-10,500,SUP-00767
PRD-02143,SKU-SYN-34879,Synthetic Lubricants Grade-L,Synthetic Lubricants,Crude Oil / Polymers,0.8,418.37,USD,11,500,SUP-00830
PRD-02144,SKU-SYN-21573,Corrugated Packaging Grade-M,,Packaging,0.2,3080.3,USD,52,250,SUP-00314
PRD-02145,SKU-SYN-13740,Industrial Resins & Plastics Grade-N,Industrial Resins & Plastics,Crude Oil / Polymers,0.7,1176.89,USD,48,250,SUP-00886
PRD-02146,SKU-SYN-41194,Copper Conductors & Wiring Grade-O,Copper Conductors & Wiring,Copper,0.65,1916.25,USD,55,100,SUP-00934
PRD-02147,SKU-SYN-47483,Synthetic Lubricants Grade-P,Synthetic Lubricants,Crude Oil / Polymers,0.8,1118.14,USD,23,,SUP-00396
PRD-02148,sku_2148,Industrial Resins & Plastics Grade-Q,Industrial Resins & Plastics,Crude Oil / Polymers,0.7,$2918.48,USD,40,,SUP-00167
PRD-02149,SKU-SYN-93912,Printed Circuit Boards Grade-R,Printed Circuit Boards,Copper,0.35,17.92,USD,47,500 units,SUP-00060
PRD-02150,SKU-SYN-31565,industrial resins & plastics grade-2150,Industrial Resins & Plastics,Crude Oil / Polymers,0.7,-2234.14,USD,21,500 units,SUP-00271
PRD-02151,SKU-SYN-98454,Printed Circuit Boards Grade-T,Printed Circuit Boards,Copper,0.35,1729.79,USD,20,100,SUP-00534
PRD-02152,SKU-SYN-10645,Heavy Engine Castings Grade-U,,Steel,0.5,382.1,USD,76,500 units,SUP-00466
PRD-02153,SKU-SYN-68553,Printed Circuit Boards Grade-V,Printed Circuit Boards,Copper,0.35,2268.43,USD,86,500,SUP-00792
PRD-02154,SKU-SYN-78056,Synthetic Lubricants Grade-W,Synthetic Lubricants,Crude Oil / Polymers,0.8,$2275.9,USD,86,500,SUP-00967
PRD-02155,SKU-SYN-67828,Corrugated Packaging Grade-X,Corrugated Packaging,Packaging,0.2,2978.94,USD,51,500 units,SUP-00848
PRD-02156,SKU-SYN-53939,Industrial Resins & Plastics Grade-Y,Industrial Resins & Plastics,Crude Oil / Polymers,0.7,1105.41,USD,46,100,SUP-00762
PRD-02157,SKU-SYN-88010,Corrugated Packaging Grade-Z,Corrugated Packaging,Packaging,0.2,350.08,USD,14,,SUP-00225
PRD-02158,SKU-SYN-43902,Corrugated Packaging Grade-A,Corrugated Packaging,Packaging,0.2,941.71,USD,37,100,SUP-00191
PRD-02159,SKU-SYN-30625,Corrugated Packaging Grade-B,Corrugated Packaging,Packaging,0.2,1590.04,USD,86,,SUP-00182
PRD-02160,sku_2160,industrial resins & plastics grade-2160,,Crude Oil / Polymers,0.7,$2636.9,USD,-10,,SUP-99999
PRD-02161,SKU-SYN-15269,Printed Circuit Boards Grade-D,Printed Circuit Boards,Copper,0.35,126.28,USD,32,500 units,SUP-00421
PRD-02162,SKU-SYN-52381,Synthetic Lubricants Grade-E,Synthetic Lubricants,Crude Oil / Polymers,0.8,1714.89,USD,31,,SUP-00170
PRD-02163,SKU-SYN-25848,Heavy Engine Castings Grade-F,Heavy Engine Castings,Steel,0.5,1528.85,USD,90,,SUP-00073
PRD-02164,SKU-SYN-19785,Printed Circuit Boards Grade-G,Printed Circuit Boards,Copper,0.35,283.47,USD,56,500,SUP-00456
PRD-02165,SKU-SYN-31871,Synthetic Lubricants Grade-H,Synthetic Lubricants,Crude Oil / Polymers,0.8,34.02,USD,68,250,SUP-00203
PRD-02166,SKU-SYN-49840,Industrial Resins & Plastics Grade-I,Industrial Resins & Plastics,Crude Oil / Polymers,0.7,$3066.06,USD,41,500,SUP-00976
PRD-02167,SKU-SYN-82126,Industrial Resins & Plastics Grade-J,Industrial Resins & Plastics,Crude Oil / Polymers,0.7,1724.37,USD,75,500 units,SUP-00493
PRD-02168,SKU-SYN-41604,Synthetic Lubricants Grade-K,,Crude Oil / Polymers,0.8,1139.3,USD,83,500 units,SUP-00561
PRD-02169,SKU-SYN-14170,Heavy Engine Castings Grade-L,Heavy Engine Castings,Steel,0.5,992.09,USD,69,250,SUP-00354
PRD-02170,SKU-SYN-70975,heavy engine castings grade-2170,Heavy Engine Castings,Steel,0.5,82.77,USD,21,500 units,SUP-00201
PRD-02171,SKU-SYN-92024,Printed Circuit Boards Grade-N,Printed Circuit Boards,Copper,0.35,119.53,USD,49,500,SUP-00841
PRD-02172,sku_2172,Copper Conductors & Wiring Grade-O,Copper Conductors & Wiring,Copper,0.65,$1485.97,USD,14,500,SUP-00837
PRD-02173,SKU-SYN-36574,Copper Conductors & Wiring Grade-P,Copper Conductors & Wiring,Copper,0.65,2249.33,USD,24,250,SUP-00051
PRD-02174,SKU-SYN-83441,Heavy Engine Castings Grade-Q,Heavy Engine Castings,Steel,0.5,1690.02,USD,8,500,SUP-00384
PRD-02175,SKU-SYN-26466,Copper Conductors & Wiring Grade-R,Copper Conductors & Wiring,Copper,0.65,-1305.23,USD,64,,SUP-00384
PRD-02176,SKU-SYN-21173,Corrugated Packaging Grade-S,,Packaging,0.2,2745.65,USD,67,500,SUP-00984
PRD-02177,SKU-SYN-36937,Synthetic Lubricants Grade-T,Synthetic Lubricants,Crude Oil / Polymers,0.8,3143.5,USD,25,250,SUP-00532
PRD-02178,SKU-SYN-76259,Copper Conductors & Wiring Grade-U,Copper Conductors & Wiring,Copper,0.65,$9.72,USD,-10,500 units,SUP-00565
PRD-02179,SKU-SYN-49093,Printed Circuit Boards Grade-V,Printed Circuit Boards,Copper,0.35,2917.37,USD,61,500 units,SUP-00540
PRD-02180,SKU-SYN-28329,heavy engine castings grade-2180,Heavy Engine Castings,Steel,0.5,777.47,USD,16,500,SUP-99999
PRD-02181,SKU-SYN-50241,Copper Conductors & Wiring Grade-X,Copper Conductors & Wiring,Copper,0.65,2551.53,USD,44,500,SUP-00460
PRD-02182,SKU-SYN-11729,Synthetic Lubricants Grade-Y,Synthetic Lubricants,Crude Oil / Polymers,0.8,197.76,USD,35,500,SUP-00800
PRD-02183,SKU-SYN-37016,Synthetic Lubricants Grade-Z,Synthetic Lubricants,Crude Oil / Polymers,0.8,1647.74,USD,8,250,SUP-00875
PRD-02184,sku_2184,Printed Circuit Boards Grade-A,,Copper,0.35,$807.69,USD,10,500 units,SUP-00781
PRD-02185,SKU-SYN-88483,Corrugated Packaging Grade-B,Corrugated Packaging,Packaging,0.2,3042.43,USD,20,500,SUP-00727
PRD-02186,SKU-SYN-31853,Printed Circuit Boards Grade-C,Printed Circuit Boards,Copper,0.35,612.24,USD,60,250,SUP-00226
PRD-02187,SKU-SYN-28931,Printed Circuit Boards Grade-D,Printed Circuit Boards,Copper,0.35,2269.81,USD,20,100,SUP-00332
PRD-02188,SKU-SYN-92758,Synthetic Lubricants Grade-E,Synthetic Lubricants,Crude Oil / Polymers,0.8,1828.77,USD,60,500,SUP-00526
PRD-02189,SKU-SYN-55176,Copper Conductors & Wiring Grade-F,Copper Conductors & Wiring,Copper,0.65,2255.53,USD,20,500 units,SUP-00480
PRD-02190,SKU-SYN-21212,synthetic lubricants grade-2190,Synthetic Lubricants,Crude Oil / Polymers,0.8,$699.85,USD,21,500,SUP-00622
PRD-02191,SKU-SYN-62343,Heavy Engine Castings Grade-H,Heavy Engine Castings,Steel,0.5,1316.21,USD,75,500 units,SUP-00426
PRD-02192,SKU-SYN-95236,Copper Conductors & Wiring Grade-I,,Copper,0.65,91.74,USD,41,100,SUP-00212
PRD-02193,SKU-SYN-36592,Industrial Resins & Plastics Grade-J,Industrial Resins & Plastics,Crude Oil / Polymers,0.7,701.14,USD,79,500 units,SUP-00905
PRD-02194,SKU-SYN-81813,Synthetic Lubricants Grade-K,Synthetic Lubricants,Crude Oil / Polymers,0.8,773.25,USD,43,,SUP-00408
PRD-02195,SKU-SYN-50471,Corrugated Packaging Grade-L,Corrugated Packaging,Packaging,0.2,293.5,USD,12,,SUP-00791
PRD-02196,sku_2196,Corrugated Packaging Grade-M,Corrugated Packaging,Packaging,0.2,$334.99,USD,-10,500,SUP-00360
PRD-02197,SKU-SYN-39320,Heavy Engine Castings Grade-N,Heavy Engine Castings,Steel,0.5,2234.38,USD,49,100,SUP-00020
PRD-02198,SKU-SYN-32162,Copper Conductors & Wiring Grade-O,Copper Conductors & Wiring,Copper,0.65,694.28,USD,53,500,SUP-00851
PRD-02199,SKU-SYN-24551,Printed Circuit Boards Grade-P,Printed Circuit Boards,Copper,0.35,2584.4,USD,88,500,SUP-00265
PRD-02200,SKU-SYN-90605,heavy engine castings grade-2200,,Steel,0.5,-614.49,USD,8,,SUP-99999
PRD-02201,SKU-SYN-98319,Copper Conductors & Wiring Grade-R,Copper Conductors & Wiring,Copper,0.65,399.99,USD,29,250,SUP-00175
PRD-02202,SKU-SYN-57376,Printed Circuit Boards Grade-S,Printed Circuit Boards,Copper,0.35,$2562.98,USD,52,250,SUP-00362
PRD-02203,SKU-SYN-89176,Corrugated Packaging Grade-T,Corrugated Packaging,Packaging,0.2,2498.25,USD,33,500 units,SUP-00030
PRD-02204,SKU-SYN-70535,Synthetic Lubricants Grade-U,Synthetic Lubricants,Crude Oil / Polymers,0.8,1330.26,USD,5,100,SUP-00454
PRD-02205,SKU-SYN-26507,Heavy Engine Castings Grade-V,Heavy Engine Castings,Steel,0.5,967.87,USD,57,500,SUP-00725
PRD-02206,SKU-SYN-59504,Synthetic Lubricants Grade-W,Synthetic Lubricants,Crude Oil / Polymers,0.8,341.02,USD,11,500,SUP-00561
PRD-02207,SKU-SYN-56833,Heavy Engine Castings Grade-X,Heavy Engine Castings,Steel,0.5,86.36,USD,59,100,SUP-00123
PRD-02208,sku_2208,Industrial Resins & Plastics Grade-Y,,Crude Oil / Polymers,0.7,$1570.85,USD,28,500 units,SUP-00429
PRD-02209,SKU-SYN-98286,Synthetic Lubricants Grade-Z,Synthetic Lubricants,Crude Oil / Polymers,0.8,2483.03,USD,90,500 units,SUP-00525
PRD-02210,SKU-SYN-79176,synthetic lubricants grade-2210,Synthetic Lubricants,Crude Oil / Polymers,0.8,751.49,USD,40,500,SUP-00127
PRD-02211,SKU-SYN-10558,Industrial Resins & Plastics Grade-B,Industrial Resins & Plastics,Crude Oil / Polymers,0.7,1248.06,USD,20,250,SUP-00947
PRD-02212,SKU-SYN-64470,Industrial Resins & Plastics Grade-C,Industrial Resins & Plastics,Crude Oil / Polymers,0.7,244.53,USD,28,100,SUP-00555
PRD-02213,SKU-SYN-76623,Heavy Engine Castings Grade-D,Heavy Engine Castings,Steel,0.5,81.11,USD,11,,SUP-00291
PRD-02214,SKU-SYN-71951,Corrugated Packaging Grade-E,Corrugated Packaging,Packaging,0.2,$2322.87,USD,-10,250,SUP-00391
PRD-02215,SKU-SYN-73917,Industrial Resins & Plastics Grade-F,Industrial Resins & Plastics,Crude Oil / Polymers,0.7,1603.15,USD,39,500,SUP-00050
PRD-02216,SKU-SYN-87686,Industrial Resins & Plastics Grade-G,,Crude Oil / Polymers,0.7,965.2,USD,5,,SUP-00419
PRD-02217,SKU-SYN-42637,Heavy Engine Castings Grade-H,Heavy Engine Castings,Steel,0.5,1662.36,USD,76,,SUP-00904
PRD-02218,SKU-SYN-45387,Copper Conductors & Wiring Grade-I,Copper Conductors & Wiring,Copper,0.65,726.2,USD,5,,SUP-00866
PRD-02219,SKU-SYN-77170,Heavy Engine Castings Grade-J,Heavy Engine Castings,Steel,0.5,1600.19,USD,30,250,SUP-00858
PRD-02220,sku_2220,heavy engine castings grade-2220,Heavy Engine Castings,Steel,0.5,$1859.43,USD,26,250,SUP-99999
PRD-02221,SKU-SYN-34933,Corrugated Packaging Grade-L,Corrugated Packaging,Packaging,0.2,1469.28,USD,53,,SUP-00948
PRD-02222,SKU-SYN-38775,Printed Circuit Boards Grade-M,Printed Circuit Boards,Copper,0.35,952.51,USD,12,,SUP-00296
PRD-02223,SKU-SYN-99488,Corrugated Packaging Grade-N,Corrugated Packaging,Packaging,0.2,3042.34,USD,14,,SUP-00081
PRD-02224,SKU-SYN-53748,Printed Circuit Boards Grade-O,,Copper,0.35,388.93,USD,44,500 units,SUP-00125
PRD-02225,SKU-SYN-95153,Heavy Engine Castings Grade-P,Heavy Engine Castings,Steel,0.5,-823.65,USD,64,500,SUP-00288
PRD-02226,SKU-SYN-21599,Industrial Resins & Plastics Grade-Q,Industrial Resins & Plastics,Crude Oil / Polymers,0.7,$1026.5,USD,42,250,SUP-00869
PRD-02227,SKU-SYN-54985,Heavy Engine Castings Grade-R,Heavy Engine Castings,Steel,0.5,2938.52,USD,6,,SUP-00418
PRD-02228,SKU-SYN-49467,Corrugated Packaging Grade-S,Corrugated Packaging,Packaging,0.2,140.41,USD,70,500 units,SUP-00341
PRD-02229,SKU-SYN-86412,Corrugated Packaging Grade-T,Corrugated Packaging,Packaging,0.2,2695.01,USD,15,,SUP-00587
PRD-02230,SKU-SYN-35185,corrugated packaging grade-2230,Corrugated Packaging,Packaging,0.2,1986.02,USD,77,250,SUP-00361
PRD-02231,SKU-SYN-27149,Corrugated Packaging Grade-V,Corrugated Packaging,Packaging,0.2,1158.31,USD,41,500,SUP-00021
PRD-02232,sku_2232,Copper Conductors & Wiring Grade-W,,Copper,0.65,$2204.88,USD,-10,500,SUP-00945
PRD-02233,SKU-SYN-20803,Printed Circuit Boards Grade-X,Printed Circuit Boards,Copper,0.35,2948.95,USD,13,500,SUP-00341
PRD-02234,SKU-SYN-89318,Heavy Engine Castings Grade-Y,Heavy Engine Castings,Steel,0.5,1979.03,USD,56,500,SUP-00905
PRD-02235,SKU-SYN-55884,Corrugated Packaging Grade-Z,Corrugated Packaging,Packaging,0.2,1825.32,USD,38,500 units,SUP-00948
PRD-02236,SKU-SYN-94530,Synthetic Lubricants Grade-A,Synthetic Lubricants,Crude Oil / Polymers,0.8,2311.49,USD,64,250,SUP-00957
PRD-02237,SKU-SYN-70946,Printed Circuit Boards Grade-B,Printed Circuit Boards,Copper,0.35,2307.16,USD,19,100,SUP-00311
PRD-02238,SKU-SYN-23174,Copper Conductors & Wiring Grade-C,Copper Conductors & Wiring,Copper,0.65,$1961.19,USD,83,500 units,SUP-00338
PRD-02239,SKU-SYN-51515,Printed Circuit Boards Grade-D,Printed Circuit Boards,Copper,0.35,3167.57,USD,54,500,SUP-00347
PRD-02240,SKU-SYN-61239,printed circuit boards grade-2240,,Copper,0.35,1662.86,USD,45,500 units,SUP-99999
PRD-02241,SKU-SYN-40410,Heavy Engine Castings Grade-F,Heavy Engine Castings,Steel,0.5,2446.88,USD,88,500 units,SUP-00566
PRD-02242,SKU-SYN-92643,Printed Circuit Boards Grade-G,Printed Circuit Boards,Copper,0.35,2032.1,USD,56,250,SUP-00470
PRD-02243,SKU-SYN-76336,Heavy Engine Castings Grade-H,Heavy Engine Castings,Steel,0.5,2479.75,USD,49,500 units,SUP-00758
PRD-02244,sku_2244,Corrugated Packaging Grade-I,Corrugated Packaging,Packaging,0.2,$575.51,USD,60,500,SUP-00535
PRD-02245,SKU-SYN-83367,Printed Circuit Boards Grade-J,Printed Circuit Boards,Copper,0.35,2040.4,USD,9,500,SUP-00840
PRD-02246,SKU-SYN-74571,Heavy Engine Castings Grade-K,Heavy Engine Castings,Steel,0.5,1877.61,USD,43,100,SUP-00671
PRD-02247,SKU-SYN-84479,Synthetic Lubricants Grade-L,Synthetic Lubricants,Crude Oil / Polymers,0.8,1183.53,USD,13,100,SUP-00694
PRD-02248,SKU-SYN-49022,Synthetic Lubricants Grade-M,,Crude Oil / Polymers,0.8,982.59,USD,77,250,SUP-00267
PRD-02249,SKU-SYN-96372,Heavy Engine Castings Grade-N,Heavy Engine Castings,Steel,0.5,3190.94,USD,58,500 units,SUP-00017
PRD-02250,SKU-SYN-31490,industrial resins & plastics grade-2250,Industrial Resins & Plastics,Crude Oil / Polymers,0.7,$736.75,USD,-10,,SUP-00533
PRD-02251,SKU-SYN-12764,Heavy Engine Castings Grade-P,Heavy Engine Castings,Steel,0.5,2157.3,USD,19,,SUP-00423
PRD-02252,SKU-SYN-77230,Heavy Engine Castings Grade-Q,Heavy Engine Castings,Steel,0.5,840.95,USD,6,,SUP-00787
PRD-02253,SKU-SYN-63395,Synthetic Lubricants Grade-R,Synthetic Lubricants,Crude Oil / Polymers,0.8,2585.8,USD,15,500,SUP-00789
PRD-02254,SKU-SYN-42849,Corrugated Packaging Grade-S,Corrugated Packaging,Packaging,0.2,1677.62,USD,40,500,SUP-00124
PRD-02255,SKU-SYN-30930,Synthetic Lubricants Grade-T,Synthetic Lubricants,Crude Oil / Polymers,0.8,563.88,USD,52,,SUP-00771
PRD-02256,sku_2256,Copper Conductors & Wiring Grade-U,,Copper,0.65,$1220.59,USD,46,500 units,SUP-00657
PRD-02257,SKU-SYN-77905,Corrugated Packaging Grade-V,Corrugated Packaging,Packaging,0.2,2935.91,USD,7,250,SUP-00545
PRD-02258,SKU-SYN-80942,Synthetic Lubricants Grade-W,Synthetic Lubricants,Crude Oil / Polymers,0.8,2035.2,USD,63,250,SUP-00569
PRD-02259,SKU-SYN-92271,Industrial Resins & Plastics Grade-X,Industrial Resins & Plastics,Crude Oil / Polymers,0.7,262.9,USD,63,250,SUP-00136
PRD-02260,SKU-SYN-22963,printed circuit boards grade-2260,Printed Circuit Boards,Copper,0.35,2989.65,USD,37,,SUP-99999
PRD-02261,SKU-SYN-43833,Industrial Resins & Plastics Grade-Z,Industrial Resins & Plastics,Crude Oil / Polymers,0.7,194.23,USD,29,100,SUP-00986
PRD-02262,SKU-SYN-16330,Corrugated Packaging Grade-A,Corrugated Packaging,Packaging,0.2,$1000.66,USD,62,250,SUP-00715
PRD-02263,SKU-SYN-77812,Printed Circuit Boards Grade-B,Printed Circuit Boards,Copper,0.35,1327.68,USD,11,,SUP-00851
PRD-02264,SKU-SYN-41564,Printed Circuit Boards Grade-C,,Copper,0.35,3126.75,USD,15,100,SUP-00619
PRD-02265,SKU-SYN-49890,Heavy Engine Castings Grade-D,Heavy Engine Castings,Steel,0.5,1937.51,USD,52,500 units,SUP-00240
PRD-02266,SKU-SYN-91666,Copper Conductors & Wiring Grade-E,Copper Conductors & Wiring,Copper,0.65,2821.11,USD,33,500 units,SUP-00099
PRD-02267,SKU-SYN-62583,Synthetic Lubricants Grade-F,Synthetic Lubricants,Crude Oil / Polymers,0.8,1542.02,USD,53,100,SUP-00246
PRD-02268,sku_2268,Copper Conductors & Wiring Grade-G,Copper Conductors & Wiring,Copper,0.65,$2554.75,USD,-10,250,SUP-00842
PRD-02269,SKU-SYN-79826,Corrugated Packaging Grade-H,Corrugated Packaging,Packaging,0.2,1742.89,USD,47,250,SUP-00514
PRD-02270,SKU-SYN-53108,industrial resins & plastics grade-2270,Industrial Resins & Plastics,Crude Oil / Polymers,0.7,69.25,USD,70,,SUP-00607
PRD-02271,SKU-SYN-18483,Industrial Resins & Plastics Grade-J,Industrial Resins & Plastics,Crude Oil / Polymers,0.7,2704.41,USD,24,100,SUP-00461
PRD-02272,SKU-SYN-36895,Industrial Resins & Plastics Grade-K,,Crude Oil / Polymers,0.7,492.69,USD,67,100,SUP-00591
PRD-02273,SKU-SYN-81185,Synthetic Lubricants Grade-L,Synthetic Lubricants,Crude Oil / Polymers,0.8,1224.76,USD,72,500,SUP-00536
PRD-02274,SKU-SYN-32526,Corrugated Packaging Grade-M,Corrugated Packaging,Packaging,0.2,$457.72,USD,61,250,SUP-00603
PRD-02275,SKU-SYN-25358,Corrugated Packaging Grade-N,Corrugated Packaging,Packaging,0.2,-615.53,USD,69,250,SUP-00300
PRD-02276,SKU-SYN-88927,Printed Circuit Boards Grade-O,Printed Circuit Boards,Copper,0.35,638.31,USD,52,250,SUP-00279
PRD-02277,SKU-SYN-85803,Heavy Engine Castings Grade-P,Heavy Engine Castings,Steel,0.5,354.88,USD,60,500,SUP-00270
PRD-02278,SKU-SYN-56404,Printed Circuit Boards Grade-Q,Printed Circuit Boards,Copper,0.35,3157.65,USD,81,500,SUP-00562
PRD-02279,SKU-SYN-59419,Industrial Resins & Plastics Grade-R,Industrial Resins & Plastics,Crude Oil / Polymers,0.7,282.48,USD,18,,SUP-00106
PRD-02280,sku_2280,corrugated packaging grade-2280,,Packaging,0.2,$1932.55,USD,8,500,SUP-99999
PRD-02281,SKU-SYN-21288,Corrugated Packaging Grade-T,Corrugated Packaging,Packaging,0.2,803.28,USD,23,500,SUP-00904
PRD-02282,SKU-SYN-34506,Corrugated Packaging Grade-U,Corrugated Packaging,Packaging,0.2,2826.15,USD,33,,SUP-00734
PRD-02283,SKU-SYN-18020,Synthetic Lubricants Grade-V,Synthetic Lubricants,Crude Oil / Polymers,0.8,2867.43,USD,43,100,SUP-00796
PRD-02284,SKU-SYN-75455,Printed Circuit Boards Grade-W,Printed Circuit Boards,Copper,0.35,1842.28,USD,60,250,SUP-00279
PRD-02285,SKU-SYN-82368,Printed Circuit Boards Grade-X,Printed Circuit Boards,Copper,0.35,2412.33,USD,85,250,SUP-00902
PRD-02286,SKU-SYN-79199,Industrial Resins & Plastics Grade-Y,Industrial Resins & Plastics,Crude Oil / Polymers,0.7,$879.73,USD,-10,100,SUP-00905
PRD-02287,SKU-SYN-58522,Printed Circuit Boards Grade-Z,Printed Circuit Boards,Copper,0.35,2297.09,USD,41,250,SUP-00346
PRD-02288,SKU-SYN-31938,Industrial Resins & Plastics Grade-A,,Crude Oil / Polymers,0.7,2256.27,USD,54,500 units,SUP-00305
PRD-02289,SKU-SYN-81984,Printed Circuit Boards Grade-B,Printed Circuit Boards,Copper,0.35,1018.6,USD,60,100,SUP-00894
PRD-02290,SKU-SYN-21673,copper conductors & wiring grade-2290,Copper Conductors & Wiring,Copper,0.65,415.23,USD,30,100,SUP-00910
PRD-02291,SKU-SYN-12196,Printed Circuit Boards Grade-D,Printed Circuit Boards,Copper,0.35,2360.88,USD,68,100,SUP-00121
PRD-02292,sku_2292,Synthetic Lubricants Grade-E,Synthetic Lubricants,Crude Oil / Polymers,0.8,$622.56,USD,74,500 units,SUP-00618
PRD-02293,SKU-SYN-36976,Industrial Resins & Plastics Grade-F,Industrial Resins & Plastics,Crude Oil / Polymers,0.7,747.01,USD,62,500 units,SUP-00838
PRD-02294,SKU-SYN-72592,Synthetic Lubricants Grade-G,Synthetic Lubricants,Crude Oil / Polymers,0.8,2366.61,USD,24,500,SUP-00545
PRD-02295,SKU-SYN-47983,Synthetic Lubricants Grade-H,Synthetic Lubricants,Crude Oil / Polymers,0.8,2288.83,USD,23,500 units,SUP-00134
PRD-02296,SKU-SYN-26094,Corrugated Packaging Grade-I,,Packaging,0.2,1338.95,USD,19,250,SUP-00442
PRD-02297,SKU-SYN-22143,Industrial Resins & Plastics Grade-J,Industrial Resins & Plastics,Crude Oil / Polymers,0.7,804.49,USD,17,500 units,SUP-00246
PRD-02298,SKU-SYN-65954,Copper Conductors & Wiring Grade-K,Copper Conductors & Wiring,Copper,0.65,$1467.91,USD,20,100,SUP-00155
PRD-02299,SKU-SYN-98560,Synthetic Lubricants Grade-L,Synthetic Lubricants,Crude Oil / Polymers,0.8,530.01,USD,62,250,SUP-00784
PRD-02300,SKU-SYN-14752,copper conductors & wiring grade-2300,Copper Conductors & Wiring,Copper,0.65,-2784.18,USD,70,500 units,SUP-99999
PRD-02301,SKU-SYN-27762,Printed Circuit Boards Grade-N,Printed Circuit Boards,Copper,0.35,1152.82,USD,84,100,SUP-00900
PRD-02302,SKU-SYN-68778,Copper Conductors & Wiring Grade-O,Copper Conductors & Wiring,Copper,0.65,160.4,USD,44,500 units,SUP-00803
PRD-02303,SKU-SYN-26218,Industrial Resins & Plastics Grade-P,Industrial Resins & Plastics,Crude Oil / Polymers,0.7,2950.73,USD,52,100,SUP-00302
PRD-02304,sku_2304,Printed Circuit Boards Grade-Q,,Copper,0.35,$572.57,USD,-10,,SUP-00321
PRD-02305,SKU-SYN-33823,Heavy Engine Castings Grade-R,Heavy Engine Castings,Steel,0.5,2615.11,USD,11,500 units,SUP-00664
PRD-02306,SKU-SYN-65911,Heavy Engine Castings Grade-S,Heavy Engine Castings,Steel,0.5,1136.09,USD,65,100,SUP-00085
PRD-02307,SKU-SYN-48297,Synthetic Lubricants Grade-T,Synthetic Lubricants,Crude Oil / Polymers,0.8,667.25,USD,8,500,SUP-00631
PRD-02308,SKU-SYN-99097,Copper Conductors & Wiring Grade-U,Copper Conductors & Wiring,Copper,0.65,2339.78,USD,74,,SUP-00096
PRD-02309,SKU-SYN-88306,Corrugated Packaging Grade-V,Corrugated Packaging,Packaging,0.2,973.52,USD,16,100,SUP-00454
PRD-02310,SKU-SYN-22808,industrial resins & plastics grade-2310,Industrial Resins & Plastics,Crude Oil / Polymers,0.7,$49.01,USD,67,,SUP-00568
PRD-02311,SKU-SYN-59004,Printed Circuit Boards Grade-X,Printed Circuit Boards,Copper,0.35,306.29,USD,49,500 units,SUP-00204
PRD-02312,SKU-SYN-94516,Heavy Engine Castings Grade-Y,,Steel,0.5,984.91,USD,74,500,SUP-00347
PRD-02313,SKU-SYN-43290,Corrugated Packaging Grade-Z,Corrugated Packaging,Packaging,0.2,2057.4,USD,87,,SUP-00381
PRD-02314,SKU-SYN-53502,Corrugated Packaging Grade-A,Corrugated Packaging,Packaging,0.2,2246.62,USD,48,250,SUP-00715
PRD-02315,SKU-SYN-26270,Heavy Engine Castings Grade-B,Heavy Engine Castings,Steel,0.5,142.27,USD,47,500 units,SUP-00806
PRD-02316,sku_2316,Copper Conductors & Wiring Grade-C,Copper Conductors & Wiring,Copper,0.65,$1589.2,USD,61,250,SUP-00618
PRD-02317,SKU-SYN-88805,Synthetic Lubricants Grade-D,Synthetic Lubricants,Crude Oil / Polymers,0.8,976.6,USD,58,250,SUP-00826
PRD-02318,SKU-SYN-60985,Industrial Resins & Plastics Grade-E,Industrial Resins & Plastics,Crude Oil / Polymers,0.7,389.31,USD,49,250,SUP-00590
PRD-02319,SKU-SYN-46955,Printed Circuit Boards Grade-F,Printed Circuit Boards,Copper,0.35,2203.74,USD,68,250,SUP-00836
PRD-02320,SKU-SYN-19423,synthetic lubricants grade-2320,,Crude Oil / Polymers,0.8,1513.3,USD,34,,SUP-99999
PRD-02321,SKU-SYN-53297,Copper Conductors & Wiring Grade-H,Copper Conductors & Wiring,Copper,0.65,2527.19,USD,58,500,SUP-00655
PRD-02322,SKU-SYN-26112,Copper Conductors & Wiring Grade-I,Copper Conductors & Wiring,Copper,0.65,$177.67,USD,-10,100,SUP-00229
PRD-02323,SKU-SYN-78703,Printed Circuit Boards Grade-J,Printed Circuit Boards,Copper,0.35,2434.78,USD,39,,SUP-00784
PRD-02324,SKU-SYN-66430,Copper Conductors & Wiring Grade-K,Copper Conductors & Wiring,Copper,0.65,2179.92,USD,88,500,SUP-00836
PRD-02325,SKU-SYN-22407,Copper Conductors & Wiring Grade-L,Copper Conductors & Wiring,Copper,0.65,-80.64,USD,33,500,SUP-00405
PRD-02326,SKU-SYN-23050,Synthetic Lubricants Grade-M,Synthetic Lubricants,Crude Oil / Polymers,0.8,2922.82,USD,59,500,SUP-00901
PRD-02327,SKU-SYN-73297,Printed Circuit Boards Grade-N,Printed Circuit Boards,Copper,0.35,1351.91,USD,55,500,SUP-00709
PRD-02328,sku_2328,Printed Circuit Boards Grade-O,,Copper,0.35,$2358.41,USD,69,100,SUP-00310
PRD-02329,SKU-SYN-30737,Synthetic Lubricants Grade-P,Synthetic Lubricants,Crude Oil / Polymers,0.8,407.47,USD,65,100,SUP-00604
PRD-02330,SKU-SYN-94888,synthetic lubricants grade-2330,Synthetic Lubricants,Crude Oil / Polymers,0.8,380.13,USD,88,,SUP-00789
PRD-02331,SKU-SYN-90650,Industrial Resins & Plastics Grade-R,Industrial Resins & Plastics,Crude Oil / Polymers,0.7,2887.48,USD,58,250,SUP-00046
PRD-02332,SKU-SYN-66866,Copper Conductors & Wiring Grade-S,Copper Conductors & Wiring,Copper,0.65,1936.37,USD,27,100,SUP-00935
PRD-02333,SKU-SYN-32436,Corrugated Packaging Grade-T,Corrugated Packaging,Packaging,0.2,1649.32,USD,85,500 units,SUP-00510
PRD-02334,SKU-SYN-67457,Synthetic Lubricants Grade-U,Synthetic Lubricants,Crude Oil / Polymers,0.8,$2334.92,USD,50,500,SUP-00090
PRD-02335,SKU-SYN-21686,Heavy Engine Castings Grade-V,Heavy Engine Castings,Steel,0.5,2621.09,USD,85,100,SUP-00421
PRD-02336,SKU-SYN-27713,Industrial Resins & Plastics Grade-W,,Crude Oil / Polymers,0.7,2399.34,USD,25,500,SUP-00894
PRD-02337,SKU-SYN-65450,Synthetic Lubricants Grade-X,Synthetic Lubricants,Crude Oil / Polymers,0.8,3001.22,USD,46,250,SUP-00498
PRD-02338,SKU-SYN-81527,Synthetic Lubricants Grade-Y,Synthetic Lubricants,Crude Oil / Polymers,0.8,471.1,USD,17,500,SUP-00184
PRD-02339,SKU-SYN-49463,Industrial Resins & Plastics Grade-Z,Industrial Resins & Plastics,Crude Oil / Polymers,0.7,1892.21,USD,39,100,SUP-00971
PRD-02340,sku_2340,industrial resins & plastics grade-2340,Industrial Resins & Plastics,Crude Oil / Polymers,0.7,$783.15,USD,-10,250,SUP-99999
PRD-02341,SKU-SYN-44351,Synthetic Lubricants Grade-B,Synthetic Lubricants,Crude Oil / Polymers,0.8,508.79,USD,82,500,SUP-00564
PRD-02342,SKU-SYN-47100,Copper Conductors & Wiring Grade-C,Copper Conductors & Wiring,Copper,0.65,276.45,USD,85,100,SUP-00008
PRD-02343,SKU-SYN-90092,Corrugated Packaging Grade-D,Corrugated Packaging,Packaging,0.2,2706.03,USD,30,500,SUP-00425
PRD-02344,SKU-SYN-42237,Printed Circuit Boards Grade-E,,Copper,0.35,2143.45,USD,23,500,SUP-00599
PRD-02345,SKU-SYN-54689,Synthetic Lubricants Grade-F,Synthetic Lubricants,Crude Oil / Polymers,0.8,1801.55,USD,74,,SUP-00357
PRD-02346,SKU-SYN-84920,Synthetic Lubricants Grade-G,Synthetic Lubricants,Crude Oil / Polymers,0.8,$1593.66,USD,6,500 units,SUP-00657
PRD-02347,SKU-SYN-37560,Industrial Resins & Plastics Grade-H,Industrial Resins & Plastics,Crude Oil / Polymers,0.7,2790.33,USD,23,250,SUP-00743
PRD-02348,SKU-SYN-46883,Corrugated Packaging Grade-I,Corrugated Packaging,Packaging,0.2,1123.31,USD,74,250,SUP-00618
PRD-02349,SKU-SYN-13408,Heavy Engine Castings Grade-J,Heavy Engine Castings,Steel,0.5,1142.26,USD,71,500 units,SUP-00335
PRD-02350,SKU-SYN-46016,heavy engine castings grade-2350,Heavy Engine Castings,Steel,0.5,-947.21,USD,11,100,SUP-00402
PRD-02351,SKU-SYN-17766,Copper Conductors & Wiring Grade-L,Copper Conductors & Wiring,Copper,0.65,643.83,USD,70,250,SUP-00325
PRD-02352,sku_2352,Heavy Engine Castings Grade-M,,Steel,0.5,$1757.92,USD,21,,SUP-00702
PRD-02353,SKU-SYN-80459,Industrial Resins & Plastics Grade-N,Industrial Resins & Plastics,Crude Oil / Polymers,0.7,1871.75,USD,17,250,SUP-00792
PRD-02354,SKU-SYN-85999,Printed Circuit Boards Grade-O,Printed Circuit Boards,Copper,0.35,368.99,USD,17,,SUP-00211
PRD-02355,SKU-SYN-75559,Industrial Resins & Plastics Grade-P,Industrial Resins & Plastics,Crude Oil / Polymers,0.7,760.26,USD,43,,SUP-00759
PRD-02356,SKU-SYN-37079,Corrugated Packaging Grade-Q,Corrugated Packaging,Packaging,0.2,1834.22,USD,58,250,SUP-00052
PRD-02357,SKU-SYN-16682,Corrugated Packaging Grade-R,Corrugated Packaging,Packaging,0.2,3075.18,USD,60,250,SUP-00763
PRD-02358,SKU-SYN-49719,Printed Circuit Boards Grade-S,Printed Circuit Boards,Copper,0.35,$1402.74,USD,-10,500,SUP-00214
PRD-02359,SKU-SYN-24836,Printed Circuit Boards Grade-T,Printed Circuit Boards,Copper,0.35,739.49,USD,86,500,SUP-00776
PRD-02360,SKU-SYN-90060,copper conductors & wiring grade-2360,,Copper,0.65,2034.09,USD,10,,SUP-99999
PRD-02361,SKU-SYN-82559,Industrial Resins & Plastics Grade-V,Industrial Resins & Plastics,Crude Oil / Polymers,0.7,2945.46,USD,15,100,SUP-00969
PRD-02362,SKU-SYN-49003,Heavy Engine Castings Grade-W,Heavy Engine Castings,Steel,0.5,1085.72,USD,88,,SUP-00525
PRD-02363,SKU-SYN-20638,Synthetic Lubricants Grade-X,Synthetic Lubricants,Crude Oil / Polymers,0.8,2192.0,USD,40,100,SUP-00765
PRD-02364,sku_2364,Printed Circuit Boards Grade-Y,Printed Circuit Boards,Copper,0.35,$1150.91,USD,16,250,SUP-00849
PRD-02365,SKU-SYN-35783,Copper Conductors & Wiring Grade-Z,Copper Conductors & Wiring,Copper,0.65,698.58,USD,70,100,SUP-00968
PRD-02366,SKU-SYN-85732,Corrugated Packaging Grade-A,Corrugated Packaging,Packaging,0.2,1268.69,USD,51,500 units,SUP-00104
PRD-02367,SKU-SYN-33505,Industrial Resins & Plastics Grade-B,Industrial Resins & Plastics,Crude Oil / Polymers,0.7,755.69,USD,47,100,SUP-00917
PRD-02368,SKU-SYN-73530,Corrugated Packaging Grade-C,,Packaging,0.2,1938.38,USD,10,500,SUP-00782
PRD-02369,SKU-SYN-91674,Copper Conductors & Wiring Grade-D,Copper Conductors & Wiring,Copper,0.65,1484.5,USD,17,500 units,SUP-00639
PRD-02370,SKU-SYN-62233,printed circuit boards grade-2370,Printed Circuit Boards,Copper,0.35,$1726.62,USD,71,500 units,SUP-00850
PRD-02371,SKU-SYN-55184,Synthetic Lubricants Grade-F,Synthetic Lubricants,Crude Oil / Polymers,0.8,782.66,USD,30,,SUP-00878
PRD-02372,SKU-SYN-13255,Printed Circuit Boards Grade-G,Printed Circuit Boards,Copper,0.35,2948.29,USD,44,500,SUP-00781
PRD-02373,SKU-SYN-45619,Corrugated Packaging Grade-H,Corrugated Packaging,Packaging,0.2,2453.22,USD,32,500,SUP-00780
PRD-02374,SKU-SYN-98344,Synthetic Lubricants Grade-I,Synthetic Lubricants,Crude Oil / Polymers,0.8,3021.36,USD,56,,SUP-00966
PRD-02375,SKU-SYN-34405,Copper Conductors & Wiring Grade-J,Copper Conductors & Wiring,Copper,0.65,-803.53,USD,6,500,SUP-00047
PRD-02376,sku_2376,Corrugated Packaging Grade-K,,Packaging,0.2,$1649.46,USD,-10,100,SUP-00075
PRD-02377,SKU-SYN-92166,Industrial Resins & Plastics Grade-L,Industrial Resins & Plastics,Crude Oil / Polymers,0.7,831.22,USD,11,,SUP-00531
PRD-02378,SKU-SYN-90972,Industrial Resins & Plastics Grade-M,Industrial Resins & Plastics,Crude Oil / Polymers,0.7,2652.53,USD,23,,SUP-00877
PRD-02379,SKU-SYN-79549,Printed Circuit Boards Grade-N,Printed Circuit Boards,Copper,0.35,3003.64,USD,76,100,SUP-00406
PRD-02380,SKU-SYN-98935,printed circuit boards grade-2380,Printed Circuit Boards,Copper,0.35,1211.27,USD,82,500,SUP-99999
PRD-02381,SKU-SYN-32647,Synthetic Lubricants Grade-P,Synthetic Lubricants,Crude Oil / Polymers,0.8,1687.71,USD,54,,SUP-00510
PRD-02382,SKU-SYN-74276,Printed Circuit Boards Grade-Q,Printed Circuit Boards,Copper,0.35,$2695.01,USD,69,500,SUP-00053
PRD-02383,SKU-SYN-79762,Corrugated Packaging Grade-R,Corrugated Packaging,Packaging,0.2,931.04,USD,66,100,SUP-00949
PRD-02384,SKU-SYN-95770,Industrial Resins & Plastics Grade-S,,Crude Oil / Polymers,0.7,217.44,USD,58,100,SUP-00359
PRD-02385,SKU-SYN-17461,Heavy Engine Castings Grade-T,Heavy Engine Castings,Steel,0.5,1832.53,USD,77,500,SUP-00523
PRD-02386,SKU-SYN-14102,Corrugated Packaging Grade-U,Corrugated Packaging,Packaging,0.2,241.97,USD,45,500,SUP-00560
PRD-02387,SKU-SYN-63741,Industrial Resins & Plastics Grade-V,Industrial Resins & Plastics,Crude Oil / Polymers,0.7,2540.32,USD,62,250,SUP-00775
PRD-02388,sku_2388,Printed Circuit Boards Grade-W,Printed Circuit Boards,Copper,0.35,$1016.27,USD,64,250,SUP-00944
PRD-02389,SKU-SYN-33140,Heavy Engine Castings Grade-X,Heavy Engine Castings,Steel,0.5,628.01,USD,21,100,SUP-00872
PRD-02390,SKU-SYN-27050,corrugated packaging grade-2390,Corrugated Packaging,Packaging,0.2,1585.45,USD,56,250,SUP-00036
PRD-02391,SKU-SYN-78221,Copper Conductors & Wiring Grade-Z,Copper Conductors & Wiring,Copper,0.65,771.73,USD,26,100,SUP-00585
PRD-02392,SKU-SYN-58167,Heavy Engine Castings Grade-A,,Steel,0.5,776.59,USD,59,250,SUP-00621
PRD-02393,SKU-SYN-88355,Copper Conductors & Wiring Grade-B,Copper Conductors & Wiring,Copper,0.65,3162.71,USD,55,,SUP-00334
PRD-02394,SKU-SYN-72586,Corrugated Packaging Grade-C,Corrugated Packaging,Packaging,0.2,$1016.09,USD,-10,500 units,SUP-00803
PRD-02395,SKU-SYN-46518,Heavy Engine Castings Grade-D,Heavy Engine Castings,Steel,0.5,2278.64,USD,50,500 units,SUP-00462
PRD-02396,SKU-SYN-16578,Copper Conductors & Wiring Grade-E,Copper Conductors & Wiring,Copper,0.65,3150.78,USD,28,100,SUP-00795
PRD-02397,SKU-SYN-82347,Printed Circuit Boards Grade-F,Printed Circuit Boards,Copper,0.35,599.18,USD,16,,SUP-00492
PRD-02398,SKU-SYN-49689,Printed Circuit Boards Grade-G,Printed Circuit Boards,Copper,0.35,2000.96,USD,72,500 units,SUP-00089
PRD-02399,SKU-SYN-96141,Synthetic Lubricants Grade-H,Synthetic Lubricants,Crude Oil / Polymers,0.8,1634.2,USD,11,500 units,SUP-00710
prd_2400,sku_2400,synthetic lubricants grade-2400,,Crude Oil / Polymers,0.8,$2125.39,USD,10,500,SUP-99999
PRD-02401,SKU-SYN-20048,Copper Conductors & Wiring Grade-J,Copper Conductors & Wiring,Copper,0.65,1608.09,USD,28,500,SUP-00577
PRD-02402,SKU-SYN-20980,Synthetic Lubricants Grade-K,Synthetic Lubricants,Crude Oil / Polymers,0.8,557.0,USD,89,500,SUP-00369
PRD-02403,SKU-SYN-45665,Industrial Resins & Plastics Grade-L,Industrial Resins & Plastics,Crude Oil / Polymers,0.7,358.8,USD,13,500 units,SUP-00151
PRD-02404,SKU-SYN-51291,Heavy Engine Castings Grade-M,Heavy Engine Castings,Steel,0.5,721.78,USD,31,500,SUP-00310
PRD-02405,SKU-SYN-24866,Copper Conductors & Wiring Grade-N,Copper Conductors & Wiring,Copper,0.65,2408.42,USD,21,250,SUP-00404
PRD-02406,SKU-SYN-32530,Copper Conductors & Wiring Grade-O,Copper Conductors & Wiring,Copper,0.65,$1137.56,USD,8,,SUP-00238
PRD-02407,SKU-SYN-32379,Synthetic Lubricants Grade-P,Synthetic Lubricants,Crude Oil / Polymers,0.8,945.68,USD,49,,SUP-00800
PRD-02408,SKU-SYN-19152,Industrial Resins & Plastics Grade-Q,,Crude Oil / Polymers,0.7,1899.19,USD,24,,SUP-00249
PRD-02409,SKU-SYN-83084,Synthetic Lubricants Grade-R,Synthetic Lubricants,Crude Oil / Polymers,0.8,2535.48,USD,16,500 units,SUP-00720
PRD-02410,SKU-SYN-51695,copper conductors & wiring grade-2410,Copper Conductors & Wiring,Copper,0.65,2071.17,USD,53,500 units,SUP-00117
PRD-02411,SKU-SYN-29127,Copper Conductors & Wiring Grade-T,Copper Conductors & Wiring,Copper,0.65,591.23,USD,32,250,SUP-00716
PRD-02412,sku_2412,Copper Conductors & Wiring Grade-U,Copper Conductors & Wiring,Copper,0.65,$1609.99,USD,-10,500 units,SUP-00442
PRD-02413,SKU-SYN-26236,Synthetic Lubricants Grade-V,Synthetic Lubricants,Crude Oil / Polymers,0.8,3123.71,USD,90,500 units,SUP-00859
PRD-02414,SKU-SYN-54600,Industrial Resins & Plastics Grade-W,Industrial Resins & Plastics,Crude Oil / Polymers,0.7,642.34,USD,28,500 units,SUP-00752
PRD-02415,SKU-SYN-74240,Synthetic Lubricants Grade-X,Synthetic Lubricants,Crude Oil / Polymers,0.8,602.3,USD,70,500,SUP-00114
PRD-02416,SKU-SYN-63052,Industrial Resins & Plastics Grade-Y,,Crude Oil / Polymers,0.7,2673.85,USD,83,,SUP-00662
PRD-02417,SKU-SYN-18835,Synthetic Lubricants Grade-Z,Synthetic Lubricants,Crude Oil / Polymers,0.8,2377.24,USD,62,100,SUP-00973
PRD-02418,SKU-SYN-11010,Copper Conductors & Wiring Grade-A,Copper Conductors & Wiring,Copper,0.65,$2748.69,USD,66,100,SUP-00829
PRD-02419,SKU-SYN-91284,Corrugated Packaging Grade-B,Corrugated Packaging,Packaging,0.2,2925.78,USD,73,500,SUP-00137
PRD-02420,SKU-SYN-86062,synthetic lubricants grade-2420,Synthetic Lubricants,Crude Oil / Polymers,0.8,1201.26,USD,54,250,SUP-99999
PRD-02421,SKU-SYN-89086,Copper Conductors & Wiring Grade-D,Copper Conductors & Wiring,Copper,0.65,1179.65,USD,6,,SUP-00969
PRD-02422,SKU-SYN-29762,Corrugated Packaging Grade-E,Corrugated Packaging,Packaging,0.2,2508.19,USD,23,100,SUP-00943
PRD-02423,SKU-SYN-98477,Printed Circuit Boards Grade-F,Printed Circuit Boards,Copper,0.35,2598.19,USD,89,,SUP-00416
PRD-02424,sku_2424,Corrugated Packaging Grade-G,,Packaging,0.2,$3108.56,USD,51,500 units,SUP-00833
PRD-02425,SKU-SYN-76716,Printed Circuit Boards Grade-H,Printed Circuit Boards,Copper,0.35,-1376.24,USD,54,,SUP-00307
PRD-02426,SKU-SYN-32789,Corrugated Packaging Grade-I,Corrugated Packaging,Packaging,0.2,1856.96,USD,22,500 units,SUP-00135
PRD-02427,SKU-SYN-80281,Corrugated Packaging Grade-J,Corrugated Packaging,Packaging,0.2,2126.96,USD,22,500,SUP-00274
PRD-02428,SKU-SYN-60496,Corrugated Packaging Grade-K,Corrugated Packaging,Packaging,0.2,1031.96,USD,49,100,SUP-00052
PRD-02429,SKU-SYN-47000,Copper Conductors & Wiring Grade-L,Copper Conductors & Wiring,Copper,0.65,1588.91,USD,85,500 units,SUP-00056
PRD-02430,SKU-SYN-57107,heavy engine castings grade-2430,Heavy Engine Castings,Steel,0.5,$2050.09,USD,-10,500,SUP-00172
PRD-02431,SKU-SYN-94448,Heavy Engine Castings Grade-N,Heavy Engine Castings,Steel,0.5,367.06,USD,40,,SUP-00584
PRD-02432,SKU-SYN-62322,Heavy Engine Castings Grade-O,,Steel,0.5,2359.64,USD,17,500 units,SUP-00621
PRD-02433,SKU-SYN-60573,Corrugated Packaging Grade-P,Corrugated Packaging,Packaging,0.2,317.09,USD,80,500,SUP-00292
PRD-02434,SKU-SYN-60221,Printed Circuit Boards Grade-Q,Printed Circuit Boards,Copper,0.35,1857.82,USD,44,500 units,SUP-00800
PRD-02435,SKU-SYN-30070,Heavy Engine Castings Grade-R,Heavy Engine Castings,Steel,0.5,3102.44,USD,80,500,SUP-00918
PRD-02436,sku_2436,Synthetic Lubricants Grade-S,Synthetic Lubricants,Crude Oil / Polymers,0.8,$1350.91,USD,71,500 units,SUP-00284
PRD-02437,SKU-SYN-26780,Heavy Engine Castings Grade-T,Heavy Engine Castings,Steel,0.5,2135.06,USD,78,500 units,SUP-00944
PRD-02438,SKU-SYN-60502,Heavy Engine Castings Grade-U,Heavy Engine Castings,Steel,0.5,2927.61,USD,14,500 units,SUP-00893
PRD-02439,SKU-SYN-89486,Copper Conductors & Wiring Grade-V,Copper Conductors & Wiring,Copper,0.65,2603.58,USD,9,,SUP-00727
PRD-02440,SKU-SYN-79149,printed circuit boards grade-2440,,Copper,0.35,566.92,USD,45,250,SUP-99999
PRD-02441,SKU-SYN-72358,Heavy Engine Castings Grade-X,Heavy Engine Castings,Steel,0.5,948.4,USD,40,,SUP-00625
PRD-02442,SKU-SYN-15803,Heavy Engine Castings Grade-Y,Heavy Engine Castings,Steel,0.5,$2212.53,USD,13,500 units,SUP-00209
PRD-02443,SKU-SYN-83673,Industrial Resins & Plastics Grade-Z,Industrial Resins & Plastics,Crude Oil / Polymers,0.7,2744.83,USD,70,,SUP-00216
PRD-02444,SKU-SYN-22188,Corrugated Packaging Grade-A,Corrugated Packaging,Packaging,0.2,2461.2,USD,42,250,SUP-00205
PRD-02445,SKU-SYN-74040,Printed Circuit Boards Grade-B,Printed Circuit Boards,Copper,0.35,1494.06,USD,46,500 units,SUP-00307
PRD-02446,SKU-SYN-71012,Copper Conductors & Wiring Grade-C,Copper Conductors & Wiring,Copper,0.65,349.73,USD,9,250,SUP-00336
PRD-02447,SKU-SYN-46982,Synthetic Lubricants Grade-D,Synthetic Lubricants,Crude Oil / Polymers,0.8,307.69,USD,25,,SUP-00243
PRD-02448,sku_2448,Printed Circuit Boards Grade-E,,Copper,0.35,$2439.58,USD,-10,100,SUP-00382
PRD-02449,SKU-SYN-87851,Printed Circuit Boards Grade-F,Printed Circuit Boards,Copper,0.35,1831.2,USD,15,,SUP-00249
PRD-02450,SKU-SYN-28589,printed circuit boards grade-2450,Printed Circuit Boards,Copper,0.35,-337.57,USD,35,100,SUP-00249
PRD-02451,SKU-SYN-38774,Heavy Engine Castings Grade-H,Heavy Engine Castings,Steel,0.5,3149.11,USD,54,100,SUP-00784
PRD-02452,SKU-SYN-60773,Corrugated Packaging Grade-I,Corrugated Packaging,Packaging,0.2,2844.53,USD,43,500 units,SUP-00263
PRD-02453,SKU-SYN-53650,Synthetic Lubricants Grade-J,Synthetic Lubricants,Crude Oil / Polymers,0.8,2505.8,USD,57,500 units,SUP-00837
PRD-02454,SKU-SYN-90211,Corrugated Packaging Grade-K,Corrugated Packaging,Packaging,0.2,$1719.8,USD,79,500 units,SUP-00063
PRD-02455,SKU-SYN-66705,Copper Conductors & Wiring Grade-L,Copper Conductors & Wiring,Copper,0.65,1331.29,USD,73,500,SUP-00085
PRD-02456,SKU-SYN-22344,Heavy Engine Castings Grade-M,,Steel,0.5,77.32,USD,35,,SUP-00352
PRD-02457,SKU-SYN-99984,Printed Circuit Boards Grade-N,Printed Circuit Boards,Copper,0.35,2909.48,USD,33,100,SUP-00460
PRD-02458,SKU-SYN-48146,Heavy Engine Castings Grade-O,Heavy Engine Castings,Steel,0.5,1378.74,USD,90,500,SUP-00842
PRD-02459,SKU-SYN-91471,Printed Circuit Boards Grade-P,Printed Circuit Boards,Copper,0.35,460.02,USD,19,100,SUP-00835
PRD-02460,sku_2460,corrugated packaging grade-2460,Corrugated Packaging,Packaging,0.2,$56.38,USD,41,250,SUP-99999
PRD-02461,SKU-SYN-62367,Industrial Resins & Plastics Grade-R,Industrial Resins & Plastics,Crude Oil / Polymers,0.7,2970.06,USD,27,,SUP-00250
PRD-02462,SKU-SYN-56951,Industrial Resins & Plastics Grade-S,Industrial Resins & Plastics,Crude Oil / Polymers,0.7,1428.31,USD,36,,SUP-00645
PRD-02463,SKU-SYN-97968,Printed Circuit Boards Grade-T,Printed Circuit Boards,Copper,0.35,381.44,USD,23,,SUP-00462
PRD-02464,SKU-SYN-14666,Heavy Engine Castings Grade-U,,Steel,0.5,2886.82,USD,82,500,SUP-00342
PRD-02465,SKU-SYN-31186,Heavy Engine Castings Grade-V,Heavy Engine Castings,Steel,0.5,804.3,USD,14,250,SUP-00149
PRD-02466,SKU-SYN-81953,Synthetic Lubricants Grade-W,Synthetic Lubricants,Crude Oil / Polymers,0.8,$2500.39,USD,-10,250,SUP-00102
PRD-02467,SKU-SYN-75241,Copper Conductors & Wiring Grade-X,Copper Conductors & Wiring,Copper,0.65,2515.21,USD,68,,SUP-00157
PRD-02468,SKU-SYN-54110,Industrial Resins & Plastics Grade-Y,Industrial Resins & Plastics,Crude Oil / Polymers,0.7,2353.23,USD,27,500,SUP-00173
PRD-02469,SKU-SYN-20291,Industrial Resins & Plastics Grade-Z,Industrial Resins & Plastics,Crude Oil / Polymers,0.7,2623.96,USD,48,500 units,SUP-00607
PRD-02470,SKU-SYN-44742,heavy engine castings grade-2470,Heavy Engine Castings,Steel,0.5,1070.16,USD,14,100,SUP-00057
PRD-02471,SKU-SYN-20492,Synthetic Lubricants Grade-B,Synthetic Lubricants,Crude Oil / Polymers,0.8,893.29,USD,25,100,SUP-00996
PRD-02472,sku_2472,Corrugated Packaging Grade-C,,Packaging,0.2,$2926.57,USD,22,500,SUP-00263
PRD-02473,SKU-SYN-33417,Corrugated Packaging Grade-D,Corrugated Packaging,Packaging,0.2,1500.64,USD,15,500 units,SUP-00356
PRD-02474,SKU-SYN-93905,Corrugated Packaging Grade-E,Corrugated Packaging,Packaging,0.2,1410.67,USD,45,250,SUP-00242
PRD-02475,SKU-SYN-32433,Heavy Engine Castings Grade-F,Heavy Engine Castings,Steel,0.5,-2684.21,USD,49,,SUP-00772
PRD-02476,SKU-SYN-14749,Copper Conductors & Wiring Grade-G,Copper Conductors & Wiring,Copper,0.65,1861.57,USD,75,500 units,SUP-00914
PRD-02477,SKU-SYN-99071,Industrial Resins & Plastics Grade-H,Industrial Resins & Plastics,Crude Oil / Polymers,0.7,218.72,USD,26,500,SUP-00171
PRD-02478,SKU-SYN-73433,Printed Circuit Boards Grade-I,Printed Circuit Boards,Copper,0.35,$2670.52,USD,38,,SUP-00173
PRD-02479,SKU-SYN-32499,Heavy Engine Castings Grade-J,Heavy Engine Castings,Steel,0.5,708.06,USD,55,,SUP-00590
PRD-02480,SKU-SYN-71649,corrugated packaging grade-2480,,Packaging,0.2,1186.72,USD,74,500 units,SUP-99999
PRD-02481,SKU-SYN-98780,Synthetic Lubricants Grade-L,Synthetic Lubricants,Crude Oil / Polymers,0.8,518.91,USD,18,100,SUP-00429
PRD-02482,SKU-SYN-93581,Heavy Engine Castings Grade-M,Heavy Engine Castings,Steel,0.5,1064.04,USD,9,500,SUP-00988
PRD-02483,SKU-SYN-80725,Copper Conductors & Wiring Grade-N,Copper Conductors & Wiring,Copper,0.65,1984.75,USD,35,250,SUP-00873
PRD-02484,sku_2484,Industrial Resins & Plastics Grade-O,Industrial Resins & Plastics,Crude Oil / Polymers,0.7,$1609.44,USD,-10,,SUP-00075
PRD-02485,SKU-SYN-26746,Printed Circuit Boards Grade-P,Printed Circuit Boards,Copper,0.35,428.55,USD,32,500 units,SUP-00502
PRD-02486,SKU-SYN-47035,Copper Conductors & Wiring Grade-Q,Copper Conductors & Wiring,Copper,0.65,2903.7,USD,46,,SUP-00817
PRD-02487,SKU-SYN-12176,Heavy Engine Castings Grade-R,Heavy Engine Castings,Steel,0.5,3143.22,USD,63,500,SUP-00859
PRD-02488,SKU-SYN-19825,Printed Circuit Boards Grade-S,,Copper,0.35,273.89,USD,66,500,SUP-00555
PRD-02489,SKU-SYN-50979,Copper Conductors & Wiring Grade-T,Copper Conductors & Wiring,Copper,0.65,1614.71,USD,45,100,SUP-00234
PRD-02490,SKU-SYN-22698,printed circuit boards grade-2490,Printed Circuit Boards,Copper,0.35,$503.3,USD,61,250,SUP-00233
PRD-02491,SKU-SYN-32092,Printed Circuit Boards Grade-V,Printed Circuit Boards,Copper,0.35,1970.09,USD,45,500,SUP-00598
PRD-02492,SKU-SYN-43232,Heavy Engine Castings Grade-W,Heavy Engine Castings,Steel,0.5,714.23,USD,60,,SUP-00131
PRD-02493,SKU-SYN-31410,Industrial Resins & Plastics Grade-X,Industrial Resins & Plastics,Crude Oil / Polymers,0.7,131.57,USD,52,,SUP-00254
PRD-02494,SKU-SYN-97119,Heavy Engine Castings Grade-Y,Heavy Engine Castings,Steel,0.5,2091.97,USD,63,500,SUP-00289
PRD-02495,SKU-SYN-82336,Copper Conductors & Wiring Grade-Z,Copper Conductors & Wiring,Copper,0.65,383.13,USD,14,500 units,SUP-00887
PRD-02496,sku_2496,Heavy Engine Castings Grade-A,,Steel,0.5,$619.9,USD,35,,SUP-00344
PRD-02497,SKU-SYN-80281,Corrugated Packaging Grade-B,Corrugated Packaging,Packaging,0.2,3158.15,USD,88,100,SUP-00216
PRD-02498,SKU-SYN-55862,Heavy Engine Castings Grade-C,Heavy Engine Castings,Steel,0.5,2507.36,USD,86,100,SUP-00255
PRD-02499,SKU-SYN-70256,Synthetic Lubricants Grade-D,Synthetic Lubricants,Crude Oil / Polymers,0.8,897.03,USD,69,500,SUP-00324
PRD-02500,SKU-SYN-30995,copper conductors & wiring grade-2500,Copper Conductors & Wiring,Copper,0.65,-2765.44,USD,58,100,SUP-99999
PRD-02501,SKU-SYN-79622,Copper Conductors & Wiring Grade-F,Copper Conductors & Wiring,Copper,0.65,2833.12,USD,67,500,SUP-00637
PRD-02502,SKU-SYN-62235,Printed Circuit Boards Grade-G,Printed Circuit Boards,Copper,0.35,$2234.74,USD,-10,250,SUP-00020
PRD-02503,SKU-SYN-30648,Heavy Engine Castings Grade-H,Heavy Engine Castings,Steel,0.5,2905.27,USD,11,250,SUP-00190
PRD-02504,SKU-SYN-83025,Synthetic Lubricants Grade-I,,Crude Oil / Polymers,0.8,2726.93,USD,6,,SUP-00205
PRD-02505,SKU-SYN-24319,Corrugated Packaging Grade-J,Corrugated Packaging,Packaging,0.2,1747.34,USD,44,,SUP-00464
PRD-02506,SKU-SYN-81503,Corrugated Packaging Grade-K,Corrugated Packaging,Packaging,0.2,1198.66,USD,63,100,SUP-00716
PRD-02507,SKU-SYN-93178,Industrial Resins & Plastics Grade-L,Industrial Resins & Plastics,Crude Oil / Polymers,0.7,3051.85,USD,56,100,SUP-00907
PRD-02508,sku_2508,Synthetic Lubricants Grade-M,Synthetic Lubricants,Crude Oil / Polymers,0.8,$1513.9,USD,7,100,SUP-00443
PRD-02509,SKU-SYN-76665,Industrial Resins & Plastics Grade-N,Industrial Resins & Plastics,Crude Oil / Polymers,0.7,1986.88,USD,5,,SUP-00390
PRD-02510,SKU-SYN-29208,industrial resins & plastics grade-2510,Industrial Resins & Plastics,Crude Oil / Polymers,0.7,2515.99,USD,58,100,SUP-00649
PRD-02511,SKU-SYN-96499,Heavy Engine Castings Grade-P,Heavy Engine Castings,Steel,0.5,1968.91,USD,6,500 units,SUP-00205
PRD-02512,SKU-SYN-83361,Printed Circuit Boards Grade-Q,,Copper,0.35,2289.07,USD,15,,SUP-00741
PRD-02513,SKU-SYN-79687,Printed Circuit Boards Grade-R,Printed Circuit Boards,Copper,0.35,596.18,USD,11,,SUP-00244
PRD-02514,SKU-SYN-81439,Synthetic Lubricants Grade-S,Synthetic Lubricants,Crude Oil / Polymers,0.8,$92.26,USD,37,500,SUP-00589
PRD-02515,SKU-SYN-62480,Synthetic Lubricants Grade-T,Synthetic Lubricants,Crude Oil / Polymers,0.8,2425.13,USD,22,500 units,SUP-00014
PRD-02516,SKU-SYN-55383,Corrugated Packaging Grade-U,Corrugated Packaging,Packaging,0.2,3100.88,USD,90,250,SUP-00358
PRD-02517,SKU-SYN-32853,Copper Conductors & Wiring Grade-V,Copper Conductors & Wiring,Copper,0.65,1688.04,USD,13,,SUP-00983
PRD-02518,SKU-SYN-14430,Synthetic Lubricants Grade-W,Synthetic Lubricants,Crude Oil / Polymers,0.8,1835.24,USD,40,500,SUP-00381
PRD-02519,SKU-SYN-48413,Synthetic Lubricants Grade-X,Synthetic Lubricants,Crude Oil / Polymers,0.8,2336.91,USD,58,250,SUP-00292
PRD-02520,sku_2520,heavy engine castings grade-2520,,Steel,0.5,$1059.05,USD,-10,500,SUP-99999
PRD-02521,SKU-SYN-29956,Corrugated Packaging Grade-Z,Corrugated Packaging,Packaging,0.2,296.23,USD,70,100,SUP-00855
PRD-02522,SKU-SYN-33155,Copper Conductors & Wiring Grade-A,Copper Conductors & Wiring,Copper,0.65,1179.59,USD,52,,SUP-00251
PRD-02523,SKU-SYN-85857,Corrugated Packaging Grade-B,Corrugated Packaging,Packaging,0.2,1393.5,USD,35,250,SUP-00492
PRD-02524,SKU-SYN-77108,Corrugated Packaging Grade-C,Corrugated Packaging,Packaging,0.2,408.81,USD,20,250,SUP-00159
PRD-02525,SKU-SYN-68162,Heavy Engine Castings Grade-D,Heavy Engine Castings,Steel,0.5,-1132.14,USD,73,500 units,SUP-00202
PRD-02526,SKU-SYN-47278,Heavy Engine Castings Grade-E,Heavy Engine Castings,Steel,0.5,$797.54,USD,25,100,SUP-00556
PRD-02527,SKU-SYN-46360,Synthetic Lubricants Grade-F,Synthetic Lubricants,Crude Oil / Polymers,0.8,2697.69,USD,20,250,SUP-00601
PRD-02528,SKU-SYN-46406,Synthetic Lubricants Grade-G,,Crude Oil / Polymers,0.8,1840.87,USD,83,500 units,SUP-00270
PRD-02529,SKU-SYN-75674,Copper Conductors & Wiring Grade-H,Copper Conductors & Wiring,Copper,0.65,2133.55,USD,42,500 units,SUP-00576
PRD-02530,SKU-SYN-48216,heavy engine castings grade-2530,Heavy Engine Castings,Steel,0.5,2150.27,USD,46,100,SUP-00007
PRD-02531,SKU-SYN-11966,Industrial Resins & Plastics Grade-J,Industrial Resins & Plastics,Crude Oil / Polymers,0.7,2525.19,USD,23,500,SUP-00973
PRD-02532,sku_2532,Printed Circuit Boards Grade-K,Printed Circuit Boards,Copper,0.35,$1968.6,USD,11,500 units,SUP-00718
PRD-02533,SKU-SYN-59262,Printed Circuit Boards Grade-L,Printed Circuit Boards,Copper,0.35,283.04,USD,16,250,SUP-00209
PRD-02534,SKU-SYN-29703,Corrugated Packaging Grade-M,Corrugated Packaging,Packaging,0.2,3077.24,USD,27,500 units,SUP-00868
PRD-02535,SKU-SYN-21239,Synthetic Lubricants Grade-N,Synthetic Lubricants,Crude Oil / Polymers,0.8,905.39,USD,78,500,SUP-00267
PRD-02536,SKU-SYN-91925,Printed Circuit Boards Grade-O,,Copper,0.35,242.16,USD,25,100,SUP-00702
PRD-02537,SKU-SYN-84213,Copper Conductors & Wiring Grade-P,Copper Conductors & Wiring,Copper,0.65,377.07,USD,17,100,SUP-00927
PRD-02538,SKU-SYN-38290,Industrial Resins & Plastics Grade-Q,Industrial Resins & Plastics,Crude Oil / Polymers,0.7,$1238.25,USD,-10,100,SUP-00866
PRD-02539,SKU-SYN-85837,Copper Conductors & Wiring Grade-R,Copper Conductors & Wiring,Copper,0.65,1135.06,USD,55,500,SUP-00131
PRD-02540,SKU-SYN-63452,heavy engine castings grade-2540,Heavy Engine Castings,Steel,0.5,521.58,USD,36,500 units,SUP-99999
PRD-02541,SKU-SYN-98934,Printed Circuit Boards Grade-T,Printed Circuit Boards,Copper,0.35,2865.36,USD,86,100,SUP-00136
PRD-02542,SKU-SYN-45701,Corrugated Packaging Grade-U,Corrugated Packaging,Packaging,0.2,564.87,USD,59,250,SUP-00553
PRD-02543,SKU-SYN-46693,Copper Conductors & Wiring Grade-V,Copper Conductors & Wiring,Copper,0.65,1127.8,USD,19,100,SUP-00809
PRD-02544,sku_2544,Industrial Resins & Plastics Grade-W,,Crude Oil / Polymers,0.7,$33.6,USD,17,500,SUP-00995
PRD-02545,SKU-SYN-80241,Heavy Engine Castings Grade-X,Heavy Engine Castings,Steel,0.5,1950.48,USD,26,500,SUP-00994
PRD-02546,SKU-SYN-73492,Printed Circuit Boards Grade-Y,Printed Circuit Boards,Copper,0.35,831.93,USD,79,,SUP-00582
PRD-02547,SKU-SYN-85853,Copper Conductors & Wiring Grade-Z,Copper Conductors & Wiring,Copper,0.65,666.59,USD,18,500 units,SUP-00194
PRD-02548,SKU-SYN-79341,Heavy Engine Castings Grade-A,Heavy Engine Castings,Steel,0.5,1314.8,USD,16,500,SUP-00185
PRD-02549,SKU-SYN-77701,Printed Circuit Boards Grade-B,Printed Circuit Boards,Copper,0.35,442.17,USD,47,,SUP-00202
PRD-02550,SKU-SYN-93667,printed circuit boards grade-2550,Printed Circuit Boards,Copper,0.35,$48.88,USD,12,100,SUP-00173
PRD-02551,SKU-SYN-39108,Heavy Engine Castings Grade-D,Heavy Engine Castings,Steel,0.5,3154.31,USD,81,500 units,SUP-00697
PRD-02552,SKU-SYN-18217,Synthetic Lubricants Grade-E,,Crude Oil / Polymers,0.8,130.16,USD,78,250,SUP-00336
PRD-02553,SKU-SYN-10049,Corrugated Packaging Grade-F,Corrugated Packaging,Packaging,0.2,1614.13,USD,55,500,SUP-00347
PRD-02554,SKU-SYN-11108,Copper Conductors & Wiring Grade-G,Copper Conductors & Wiring,Copper,0.65,3018.94,USD,59,250,SUP-00050
PRD-02555,SKU-SYN-22337,Copper Conductors & Wiring Grade-H,Copper Conductors & Wiring,Copper,0.65,2449.84,USD,75,,SUP-00981
PRD-02556,sku_2556,Synthetic Lubricants Grade-I,Synthetic Lubricants,Crude Oil / Polymers,0.8,$2042.75,USD,-10,,SUP-00709
PRD-02557,SKU-SYN-21087,Heavy Engine Castings Grade-J,Heavy Engine Castings,Steel,0.5,2454.12,USD,6,250,SUP-00009
PRD-02558,SKU-SYN-82820,Copper Conductors & Wiring Grade-K,Copper Conductors & Wiring,Copper,0.65,1814.79,USD,83,500,SUP-00774
PRD-02559,SKU-SYN-91367,Industrial Resins & Plastics Grade-L,Industrial Resins & Plastics,Crude Oil / Polymers,0.7,1784.52,USD,56,250,SUP-00046
PRD-02560,SKU-SYN-26354,heavy engine castings grade-2560,,Steel,0.5,86.96,USD,88,100,SUP-99999
PRD-02561,SKU-SYN-89797,Copper Conductors & Wiring Grade-N,Copper Conductors & Wiring,Copper,0.65,2295.25,USD,73,,SUP-00028
PRD-02562,SKU-SYN-38158,Industrial Resins & Plastics Grade-O,Industrial Resins & Plastics,Crude Oil / Polymers,0.7,$2739.8,USD,61,,SUP-00492
PRD-02563,SKU-SYN-16449,Heavy Engine Castings Grade-P,Heavy Engine Castings,Steel,0.5,2396.15,USD,44,100,SUP-00003
PRD-02564,SKU-SYN-16249,Printed Circuit Boards Grade-Q,Printed Circuit Boards,Copper,0.35,2748.91,USD,77,500 units,SUP-00593
PRD-02565,SKU-SYN-65942,Copper Conductors & Wiring Grade-R,Copper Conductors & Wiring,Copper,0.65,945.25,USD,64,250,SUP-00111
PRD-02566,SKU-SYN-56359,Heavy Engine Castings Grade-S,Heavy Engine Castings,Steel,0.5,1857.14,USD,33,100,SUP-00669
PRD-02567,SKU-SYN-65208,Heavy Engine Castings Grade-T,Heavy Engine Castings,Steel,0.5,209.51,USD,71,500 units,SUP-00155
PRD-02568,sku_2568,Copper Conductors & Wiring Grade-U,,Copper,0.65,$2188.28,USD,63,500 units,SUP-00584
PRD-02569,SKU-SYN-59288,Corrugated Packaging Grade-V,Corrugated Packaging,Packaging,0.2,977.42,USD,34,100,SUP-00495
PRD-02570,SKU-SYN-42336,heavy engine castings grade-2570,Heavy Engine Castings,Steel,0.5,1799.12,USD,31,,SUP-00717
PRD-02571,SKU-SYN-98525,Heavy Engine Castings Grade-X,Heavy Engine Castings,Steel,0.5,1955.92,USD,52,500,SUP-00240
PRD-02572,SKU-SYN-64583,Synthetic Lubricants Grade-Y,Synthetic Lubricants,Crude Oil / Polymers,0.8,247.37,USD,77,500 units,SUP-00287
PRD-02573,SKU-SYN-86516,Printed Circuit Boards Grade-Z,Printed Circuit Boards,Copper,0.35,1863.92,USD,18,250,SUP-00664
PRD-02574,SKU-SYN-24413,Synthetic Lubricants Grade-A,Synthetic Lubricants,Crude Oil / Polymers,0.8,$1684.04,USD,-10,250,SUP-00865
PRD-02575,SKU-SYN-38869,Copper Conductors & Wiring Grade-B,Copper Conductors & Wiring,Copper,0.65,-2692.25,USD,56,,SUP-00812
PRD-02576,SKU-SYN-99763,Heavy Engine Castings Grade-C,,Steel,0.5,764.82,USD,23,,SUP-00868
PRD-02577,SKU-SYN-39038,Printed Circuit Boards Grade-D,Printed Circuit Boards,Copper,0.35,2486.07,USD,13,500 units,SUP-00216
PRD-02578,SKU-SYN-38727,Industrial Resins & Plastics Grade-E,Industrial Resins & Plastics,Crude Oil / Polymers,0.7,1888.44,USD,90,500 units,SUP-00815
PRD-02579,SKU-SYN-39697,Industrial Resins & Plastics Grade-F,Industrial Resins & Plastics,Crude Oil / Polymers,0.7,15.91,USD,72,500 units,SUP-00570
PRD-02580,sku_2580,copper conductors & wiring grade-2580,Copper Conductors & Wiring,Copper,0.65,$244.89,USD,10,500,SUP-99999
PRD-02581,SKU-SYN-47887,Industrial Resins & Plastics Grade-H,Industrial Resins & Plastics,Crude Oil / Polymers,0.7,700.99,USD,34,500 units,SUP-00626
PRD-02582,SKU-SYN-38577,Printed Circuit Boards Grade-I,Printed Circuit Boards,Copper,0.35,2809.36,USD,31,,SUP-00819
PRD-02583,SKU-SYN-16781,Heavy Engine Castings Grade-J,Heavy Engine Castings,Steel,0.5,3000.74,USD,55,250,SUP-00894
PRD-02584,SKU-SYN-74735,Copper Conductors & Wiring Grade-K,,Copper,0.65,515.0,USD,49,100,SUP-00574
PRD-02585,SKU-SYN-84422,Heavy Engine Castings Grade-L,Heavy Engine Castings,Steel,0.5,546.33,USD,85,500,SUP-00752
PRD-02586,SKU-SYN-93971,Synthetic Lubricants Grade-M,Synthetic Lubricants,Crude Oil / Polymers,0.8,$2317.44,USD,47,500 units,SUP-00764
PRD-02587,SKU-SYN-31344,Corrugated Packaging Grade-N,Corrugated Packaging,Packaging,0.2,673.08,USD,8,100,SUP-00028
PRD-02588,SKU-SYN-92634,Industrial Resins & Plastics Grade-O,Industrial Resins & Plastics,Crude Oil / Polymers,0.7,1724.0,USD,8,250,SUP-00595
PRD-02589,SKU-SYN-27233,Copper Conductors & Wiring Grade-P,Copper Conductors & Wiring,Copper,0.65,2849.65,USD,31,500 units,SUP-00567
PRD-02590,SKU-SYN-41788,printed circuit boards grade-2590,Printed Circuit Boards,Copper,0.35,552.04,USD,14,250,SUP-00484
PRD-02591,SKU-SYN-36449,Printed Circuit Boards Grade-R,Printed Circuit Boards,Copper,0.35,1430.87,USD,24,,SUP-00198
PRD-02592,sku_2592,Heavy Engine Castings Grade-S,,Steel,0.5,$2249.87,USD,-10,500,SUP-00370
PRD-02593,SKU-SYN-56996,Copper Conductors & Wiring Grade-T,Copper Conductors & Wiring,Copper,0.65,3134.44,USD,74,500 units,SUP-00010
PRD-02594,SKU-SYN-94836,Heavy Engine Castings Grade-U,Heavy Engine Castings,Steel,0.5,1714.69,USD,14,500 units,SUP-00504
PRD-02595,SKU-SYN-68315,Industrial Resins & Plastics Grade-V,Industrial Resins & Plastics,Crude Oil / Polymers,0.7,132.7,USD,63,100,SUP-00112
PRD-02596,SKU-SYN-95463,Heavy Engine Castings Grade-W,Heavy Engine Castings,Steel,0.5,1999.3,USD,87,250,SUP-00018
PRD-02597,SKU-SYN-97682,Printed Circuit Boards Grade-X,Printed Circuit Boards,Copper,0.35,55.24,USD,42,250,SUP-00701
PRD-02598,SKU-SYN-67747,Heavy Engine Castings Grade-Y,Heavy Engine Castings,Steel,0.5,$471.94,USD,24,,SUP-00316
PRD-02599,SKU-SYN-31167,Printed Circuit Boards Grade-Z,Printed Circuit Boards,Copper,0.35,2569.46,USD,79,,SUP-00428
PRD-02600,SKU-SYN-50720,corrugated packaging grade-2600,,Packaging,0.2,-2141.6,USD,80,500 units,SUP-99999
PRD-02601,SKU-SYN-16913,Printed Circuit Boards Grade-B,Printed Circuit Boards,Copper,0.35,2708.38,USD,40,250,SUP-00564
PRD-02602,SKU-SYN-90178,Heavy Engine Castings Grade-C,Heavy Engine Castings,Steel,0.5,2311.82,USD,44,500,SUP-00856
PRD-02603,SKU-SYN-86770,Heavy Engine Castings Grade-D,Heavy Engine Castings,Steel,0.5,1637.01,USD,71,250,SUP-00817
PRD-02604,sku_2604,Printed Circuit Boards Grade-E,Printed Circuit Boards,Copper,0.35,$1642.1,USD,24,500 units,SUP-00788
PRD-02605,SKU-SYN-91694,Copper Conductors & Wiring Grade-F,Copper Conductors & Wiring,Copper,0.65,2541.21,USD,23,,SUP-00601
PRD-02606,SKU-SYN-84434,Corrugated Packaging Grade-G,Corrugated Packaging,Packaging,0.2,2672.18,USD,73,100,SUP-00113
PRD-02607,SKU-SYN-14446,Copper Conductors & Wiring Grade-H,Copper Conductors & Wiring,Copper,0.65,249.44,USD,38,100,SUP-00721
PRD-02608,SKU-SYN-79371,Heavy Engine Castings Grade-I,,Steel,0.5,147.53,USD,29,500 units,SUP-00906
PRD-02609,SKU-SYN-66251,Corrugated Packaging Grade-J,Corrugated Packaging,Packaging,0.2,170.56,USD,61,500,SUP-00994
PRD-02610,SKU-SYN-43300,copper conductors & wiring grade-2610,Copper Conductors & Wiring,Copper,0.65,$1223.48,USD,-10,500 units,SUP-00389
PRD-02611,SKU-SYN-96940,Synthetic Lubricants Grade-L,Synthetic Lubricants,Crude Oil / Polymers,0.8,1472.94,USD,76,100,SUP-00897
PRD-02612,SKU-SYN-41453,Synthetic Lubricants Grade-M,Synthetic Lubricants,Crude Oil / Polymers,0.8,2764.67,USD,28,250,SUP-00536
PRD-02613,SKU-SYN-58361,Copper Conductors & Wiring Grade-N,Copper Conductors & Wiring,Copper,0.65,2995.45,USD,68,,SUP-00259
PRD-02614,SKU-SYN-20255,Copper Conductors & Wiring Grade-O,Copper Conductors & Wiring,Copper,0.65,1501.02,USD,48,500 units,SUP-00608
PRD-02615,SKU-SYN-85326,Synthetic Lubricants Grade-P,Synthetic Lubricants,Crude Oil / Polymers,0.8,2503.83,USD,68,,SUP-00210
PRD-02616,sku_2616,Synthetic Lubricants Grade-Q,,Crude Oil / Polymers,0.8,$1740.92,USD,54,100,SUP-00715
PRD-02617,SKU-SYN-41205,Heavy Engine Castings Grade-R,Heavy Engine Castings,Steel,0.5,1558.92,USD,83,,SUP-00777
PRD-02618,SKU-SYN-99202,Heavy Engine Castings Grade-S,Heavy Engine Castings,Steel,0.5,336.15,USD,68,500,SUP-00647
PRD-02619,SKU-SYN-36514,Corrugated Packaging Grade-T,Corrugated Packaging,Packaging,0.2,1571.97,USD,15,500 units,SUP-00865
PRD-02620,SKU-SYN-34104,printed circuit boards grade-2620,Printed Circuit Boards,Copper,0.35,1917.52,USD,14,100,SUP-99999
PRD-02621,SKU-SYN-30988,Corrugated Packaging Grade-V,Corrugated Packaging,Packaging,0.2,255.7,USD,49,,SUP-00024
PRD-02622,SKU-SYN-29332,Industrial Resins & Plastics Grade-W,Industrial Resins & Plastics,Crude Oil / Polymers,0.7,$733.52,USD,71,250,SUP-00487
PRD-02623,SKU-SYN-79764,Corrugated Packaging Grade-X,Corrugated Packaging,Packaging,0.2,1381.92,USD,76,250,SUP-00120
PRD-02624,SKU-SYN-81563,Heavy Engine Castings Grade-Y,,Steel,0.5,2978.72,USD,60,,SUP-00584
PRD-02625,SKU-SYN-13676,Industrial Resins & Plastics Grade-Z,Industrial Resins & Plastics,Crude Oil / Polymers,0.7,-406.78,USD,24,500,SUP-00226
PRD-02626,SKU-SYN-98897,Corrugated Packaging Grade-A,Corrugated Packaging,Packaging,0.2,2394.2,USD,75,,SUP-00460
PRD-02627,SKU-SYN-76568,Heavy Engine Castings Grade-B,Heavy Engine Castings,Steel,0.5,1155.6,USD,40,,SUP-00017
PRD-02628,sku_2628,Copper Conductors & Wiring Grade-C,Copper Conductors & Wiring,Copper,0.65,$1043.08,USD,-10,500,SUP-00024
PRD-02629,SKU-SYN-69789,Copper Conductors & Wiring Grade-D,Copper Conductors & Wiring,Copper,0.65,177.95,USD,25,250,SUP-00427
PRD-02630,SKU-SYN-39360,synthetic lubricants grade-2630,Synthetic Lubricants,Crude Oil / Polymers,0.8,1811.52,USD,11,500,SUP-00013
PRD-02631,SKU-SYN-39883,Industrial Resins & Plastics Grade-F,Industrial Resins & Plastics,Crude Oil / Polymers,0.7,2734.12,USD,52,500,SUP-00376
PRD-02632,SKU-SYN-28936,Synthetic Lubricants Grade-G,,Crude Oil / Polymers,0.8,2368.9,USD,47,500 units,SUP-00466
PRD-02633,SKU-SYN-24583,Printed Circuit Boards Grade-H,Printed Circuit Boards,Copper,0.35,2714.74,USD,62,,SUP-00798
PRD-02634,SKU-SYN-35109,Industrial Resins & Plastics Grade-I,Industrial Resins & Plastics,Crude Oil / Polymers,0.7,$3143.18,USD,52,500 units,SUP-00931
PRD-02635,SKU-SYN-39329,Industrial Resins & Plastics Grade-J,Industrial Resins & Plastics,Crude Oil / Polymers,0.7,1950.98,USD,49,500 units,SUP-00511
PRD-02636,SKU-SYN-72218,Printed Circuit Boards Grade-K,Printed Circuit Boards,Copper,0.35,299.94,USD,18,,SUP-00193
PRD-02637,SKU-SYN-21093,Printed Circuit Boards Grade-L,Printed Circuit Boards,Copper,0.35,535.85,USD,10,250,SUP-00551
PRD-02638,SKU-SYN-74608,Copper Conductors & Wiring Grade-M,Copper Conductors & Wiring,Copper,0.65,2991.53,USD,73,,SUP-00095
PRD-02639,SKU-SYN-24211,Corrugated Packaging Grade-N,Corrugated Packaging,Packaging,0.2,1047.43,USD,30,250,SUP-00811
PRD-02640,sku_2640,printed circuit boards grade-2640,,Copper,0.35,$2830.23,USD,48,100,SUP-99999
PRD-02641,SKU-SYN-81272,Synthetic Lubricants Grade-P,Synthetic Lubricants,Crude Oil / Polymers,0.8,2315.52,USD,84,500 units,SUP-00577
PRD-02642,SKU-SYN-64422,Corrugated Packaging Grade-Q,Corrugated Packaging,Packaging,0.2,1645.6,USD,43,500,SUP-00362
PRD-02643,SKU-SYN-34848,Heavy Engine Castings Grade-R,Heavy Engine Castings,Steel,0.5,74.3,USD,14,500 units,SUP-00208
PRD-02644,SKU-SYN-70773,Copper Conductors & Wiring Grade-S,Copper Conductors & Wiring,Copper,0.65,1860.31,USD,53,500 units,SUP-00523
PRD-02645,SKU-SYN-48203,Corrugated Packaging Grade-T,Corrugated Packaging,Packaging,0.2,2009.87,USD,19,100,SUP-00016
PRD-02646,SKU-SYN-71945,Printed Circuit Boards Grade-U,Printed Circuit Boards,Copper,0.35,$1810.55,USD,-10,100,SUP-00948
PRD-02647,SKU-SYN-52795,Corrugated Packaging Grade-V,Corrugated Packaging,Packaging,0.2,1849.66,USD,77,100,SUP-00241
PRD-02648,SKU-SYN-50460,Corrugated Packaging Grade-W,,Packaging,0.2,2036.29,USD,36,100,SUP-00567
PRD-02649,SKU-SYN-71933,Heavy Engine Castings Grade-X,Heavy Engine Castings,Steel,0.5,3137.66,USD,49,,SUP-00318
PRD-02650,SKU-SYN-96473,printed circuit boards grade-2650,Printed Circuit Boards,Copper,0.35,-1404.82,USD,88,500 units,SUP-00944
PRD-02651,SKU-SYN-15191,Synthetic Lubricants Grade-Z,Synthetic Lubricants,Crude Oil / Polymers,0.8,693.95,USD,23,,SUP-00197
PRD-02652,sku_2652,Copper Conductors & Wiring Grade-A,Copper Conductors & Wiring,Copper,0.65,$45.12,USD,27,250,SUP-00760
PRD-02653,SKU-SYN-26897,Industrial Resins & Plastics Grade-B,Industrial Resins & Plastics,Crude Oil / Polymers,0.7,1895.82,USD,62,100,SUP-00730
PRD-02654,SKU-SYN-58029,Synthetic Lubricants Grade-C,Synthetic Lubricants,Crude Oil / Polymers,0.8,167.5,USD,57,500,SUP-00228
PRD-02655,SKU-SYN-20375,Synthetic Lubricants Grade-D,Synthetic Lubricants,Crude Oil / Polymers,0.8,3108.14,USD,52,100,SUP-00382
PRD-02656,SKU-SYN-58652,Industrial Resins & Plastics Grade-E,,Crude Oil / Polymers,0.7,2261.68,USD,83,250,SUP-00053
PRD-02657,SKU-SYN-99839,Heavy Engine Castings Grade-F,Heavy Engine Castings,Steel,0.5,569.85,USD,89,500,SUP-00198
PRD-02658,SKU-SYN-37882,Industrial Resins & Plastics Grade-G,Industrial Resins & Plastics,Crude Oil / Polymers,0.7,$680.93,USD,53,500,SUP-00519
PRD-02659,SKU-SYN-68021,Heavy Engine Castings Grade-H,Heavy Engine Castings,Steel,0.5,1784.37,USD,17,250,SUP-00007
PRD-02660,SKU-SYN-60725,heavy engine castings grade-2660,Heavy Engine Castings,Steel,0.5,326.98,USD,36,250,SUP-99999
PRD-02661,SKU-SYN-12924,Printed Circuit Boards Grade-J,Printed Circuit Boards,Copper,0.35,1933.05,USD,76,500,SUP-01000
PRD-02662,SKU-SYN-33862,Industrial Resins & Plastics Grade-K,Industrial Resins & Plastics,Crude Oil / Polymers,0.7,2468.37,USD,37,500,SUP-00968
PRD-02663,SKU-SYN-19239,Industrial Resins & Plastics Grade-L,Industrial Resins & Plastics,Crude Oil / Polymers,0.7,2575.58,USD,35,,SUP-00558
PRD-02664,sku_2664,Industrial Resins & Plastics Grade-M,,Crude Oil / Polymers,0.7,$902.34,USD,-10,500,SUP-00742
PRD-02665,SKU-SYN-65394,Industrial Resins & Plastics Grade-N,Industrial Resins & Plastics,Crude Oil / Polymers,0.7,2461.39,USD,75,250,SUP-00302
PRD-02666,SKU-SYN-30650,Heavy Engine Castings Grade-O,Heavy Engine Castings,Steel,0.5,2980.31,USD,86,,SUP-00544
PRD-02667,SKU-SYN-11616,Synthetic Lubricants Grade-P,Synthetic Lubricants,Crude Oil / Polymers,0.8,473.62,USD,77,500,SUP-00106
PRD-02668,SKU-SYN-69068,Industrial Resins & Plastics Grade-Q,Industrial Resins & Plastics,Crude Oil / Polymers,0.7,46.81,USD,79,500 units,SUP-00801
PRD-02669,SKU-SYN-18765,Corrugated Packaging Grade-R,Corrugated Packaging,Packaging,0.2,3042.29,USD,79,500 units,SUP-00800
PRD-02670,SKU-SYN-80525,printed circuit boards grade-2670,Printed Circuit Boards,Copper,0.35,$370.7,USD,25,250,SUP-00998
PRD-02671,SKU-SYN-81437,Corrugated Packaging Grade-T,Corrugated Packaging,Packaging,0.2,1838.94,USD,13,500 units,SUP-01000
PRD-02672,SKU-SYN-97704,Heavy Engine Castings Grade-U,,Steel,0.5,1355.96,USD,11,250,SUP-00614
PRD-02673,SKU-SYN-36960,Heavy Engine Castings Grade-V,Heavy Engine Castings,Steel,0.5,865.91,USD,50,100,SUP-00826
PRD-02674,SKU-SYN-78294,Printed Circuit Boards Grade-W,Printed Circuit Boards,Copper,0.35,1515.62,USD,35,100,SUP-00790
PRD-02675,SKU-SYN-17692,Heavy Engine Castings Grade-X,Heavy Engine Castings,Steel,0.5,-76.97,USD,86,500 units,SUP-00498
PRD-02676,sku_2676,Corrugated Packaging Grade-Y,Corrugated Packaging,Packaging,0.2,$1646.93,USD,38,100,SUP-00792
PRD-02677,SKU-SYN-71550,Heavy Engine Castings Grade-Z,Heavy Engine Castings,Steel,0.5,1359.24,USD,5,500,SUP-00125
PRD-02678,SKU-SYN-22277,Heavy Engine Castings Grade-A,Heavy Engine Castings,Steel,0.5,1606.77,USD,44,500,SUP-00988
PRD-02679,SKU-SYN-28905,Copper Conductors & Wiring Grade-B,Copper Conductors & Wiring,Copper,0.65,2582.06,USD,78,250,SUP-00645
PRD-02680,SKU-SYN-56584,printed circuit boards grade-2680,,Copper,0.35,263.03,USD,29,500 units,SUP-99999
PRD-02681,SKU-SYN-76018,Industrial Resins & Plastics Grade-D,Industrial Resins & Plastics,Crude Oil / Polymers,0.7,3122.92,USD,9,500,SUP-00108
PRD-02682,SKU-SYN-64502,Synthetic Lubricants Grade-E,Synthetic Lubricants,Crude Oil / Polymers,0.8,$1558.65,USD,-10,,SUP-00671
PRD-02683,SKU-SYN-11729,Corrugated Packaging Grade-F,Corrugated Packaging,Packaging,0.2,166.48,USD,17,500 units,SUP-00641
PRD-02684,SKU-SYN-33914,Industrial Resins & Plastics Grade-G,Industrial Resins & Plastics,Crude Oil / Polymers,0.7,2129.48,USD,70,250,SUP-00741
PRD-02685,SKU-SYN-25519,Heavy Engine Castings Grade-H,Heavy Engine Castings,Steel,0.5,2140.46,USD,56,100,SUP-00525
PRD-02686,SKU-SYN-39663,Copper Conductors & Wiring Grade-I,Copper Conductors & Wiring,Copper,0.65,2575.08,USD,12,100,SUP-00949
PRD-02687,SKU-SYN-74895,Synthetic Lubricants Grade-J,Synthetic Lubricants,Crude Oil / Polymers,0.8,1953.61,USD,39,,SUP-00727
PRD-02688,sku_2688,Synthetic Lubricants Grade-K,,Crude Oil / Polymers,0.8,$482.69,USD,57,500,SUP-00362
PRD-02689,SKU-SYN-51027,Copper Conductors & Wiring Grade-L,Copper Conductors & Wiring,Copper,0.65,3104.0,USD,54,500 units,SUP-00049
PRD-02690,SKU-SYN-36034,corrugated packaging grade-2690,Corrugated Packaging,Packaging,0.2,2336.32,USD,74,,SUP-00895
PRD-02691,SKU-SYN-97157,Synthetic Lubricants Grade-N,Synthetic Lubricants,Crude Oil / Polymers,0.8,2800.92,USD,61,250,SUP-00392
PRD-02692,SKU-SYN-31040,Synthetic Lubricants Grade-O,Synthetic Lubricants,Crude Oil / Polymers,0.8,1564.16,USD,53,250,SUP-00607
PRD-02693,SKU-SYN-70872,Heavy Engine Castings Grade-P,Heavy Engine Castings,Steel,0.5,924.82,USD,65,,SUP-00738
PRD-02694,SKU-SYN-86309,Industrial Resins & Plastics Grade-Q,Industrial Resins & Plastics,Crude Oil / Polymers,0.7,$310.63,USD,7,100,SUP-00935
PRD-02695,SKU-SYN-51375,Heavy Engine Castings Grade-R,Heavy Engine Castings,Steel,0.5,1726.6,USD,75,250,SUP-00452
PRD-02696,SKU-SYN-61659,Synthetic Lubricants Grade-S,,Crude Oil / Polymers,0.8,1687.33,USD,32,100,SUP-00532
PRD-02697,SKU-SYN-91126,Heavy Engine Castings Grade-T,Heavy Engine Castings,Steel,0.5,2183.24,USD,47,500,SUP-00847
PRD-02698,SKU-SYN-51276,Industrial Resins & Plastics Grade-U,Industrial Resins & Plastics,Crude Oil / Polymers,0.7,412.12,USD,25,500 units,SUP-00152
PRD-02699,SKU-SYN-38689,Industrial Resins & Plastics Grade-V,Industrial Resins & Plastics,Crude Oil / Polymers,0.7,756.89,USD,53,,SUP-00958
prd_2700,sku_2700,industrial resins & plastics grade-2700,Industrial Resins & Plastics,Crude Oil / Polymers,0.7,$1723.64,USD,-10,100,SUP-99999
PRD-02701,SKU-SYN-11766,Heavy Engine Castings Grade-X,Heavy Engine Castings,Steel,0.5,2133.38,USD,67,100,SUP-00573
PRD-02702,SKU-SYN-67232,Corrugated Packaging Grade-Y,Corrugated Packaging,Packaging,0.2,623.44,USD,72,500 units,SUP-00314
PRD-02703,SKU-SYN-27645,Heavy Engine Castings Grade-Z,Heavy Engine Castings,Steel,0.5,181.14,USD,86,100,SUP-00996
PRD-02704,SKU-SYN-96928,Industrial Resins & Plastics Grade-A,,Crude Oil / Polymers,0.7,1215.71,USD,59,250,SUP-00801
PRD-02705,SKU-SYN-51517,Heavy Engine Castings Grade-B,Heavy Engine Castings,Steel,0.5,1512.43,USD,42,500,SUP-00244
PRD-02706,SKU-SYN-16116,Printed Circuit Boards Grade-C,Printed Circuit Boards,Copper,0.35,$156.04,USD,68,,SUP-00778
PRD-02707,SKU-SYN-15202,Synthetic Lubricants Grade-D,Synthetic Lubricants,Crude Oil / Polymers,0.8,645.51,USD,67,500 units,SUP-00864
PRD-02708,SKU-SYN-71862,Printed Circuit Boards Grade-E,Printed Circuit Boards,Copper,0.35,2812.7,USD,76,500,SUP-00891
PRD-02709,SKU-SYN-98872,Copper Conductors & Wiring Grade-F,Copper Conductors & Wiring,Copper,0.65,2520.28,USD,34,100,SUP-00404
PRD-02710,SKU-SYN-52843,heavy engine castings grade-2710,Heavy Engine Castings,Steel,0.5,443.67,USD,71,250,SUP-00655
PRD-02711,SKU-SYN-68763,Copper Conductors & Wiring Grade-H,Copper Conductors & Wiring,Copper,0.65,1631.48,USD,83,250,SUP-00668
PRD-02712,sku_2712,Industrial Resins & Plastics Grade-I,,Crude Oil / Polymers,0.7,$1126.39,USD,67,100,SUP-00017
PRD-02713,SKU-SYN-14296,Heavy Engine Castings Grade-J,Heavy Engine Castings,Steel,0.5,760.0,USD,6,100,SUP-00238
PRD-02714,SKU-SYN-20558,Heavy Engine Castings Grade-K,Heavy Engine Castings,Steel,0.5,1064.34,USD,61,,SUP-00705
PRD-02715,SKU-SYN-97439,Synthetic Lubricants Grade-L,Synthetic Lubricants,Crude Oil / Polymers,0.8,519.14,USD,79,100,SUP-00153
PRD-02716,SKU-SYN-96034,Copper Conductors & Wiring Grade-M,Copper Conductors & Wiring,Copper,0.65,2756.95,USD,58,250,SUP-00519
PRD-02717,SKU-SYN-12153,Printed Circuit Boards Grade-N,Printed Circuit Boards,Copper,0.35,2083.01,USD,75,500 units,SUP-00756
PRD-02718,SKU-SYN-75593,Synthetic Lubricants Grade-O,Synthetic Lubricants,Crude Oil / Polymers,0.8,$1300.8,USD,-10,250,SUP-00680
PRD-02719,SKU-SYN-74131,Copper Conductors & Wiring Grade-P,Copper Conductors & Wiring,Copper,0.65,1527.02,USD,16,,SUP-00132
PRD-02720,SKU-SYN-88786,synthetic lubricants grade-2720,,Crude Oil / Polymers,0.8,1415.26,USD,50,250,SUP-99999
PRD-02721,SKU-SYN-48787,Heavy Engine Castings Grade-R,Heavy Engine Castings,Steel,0.5,1532.22,USD,18,500 units,SUP-00323
PRD-02722,SKU-SYN-92721,Corrugated Packaging Grade-S,Corrugated Packaging,Packaging,0.2,1244.08,USD,62,500 units,SUP-00591
PRD-02723,SKU-SYN-45660,Corrugated Packaging Grade-T,Corrugated Packaging,Packaging,0.2,105.65,USD,11,500,SUP-00810
PRD-02724,sku_2724,Corrugated Packaging Grade-U,Corrugated Packaging,Packaging,0.2,$2708.08,USD,56,250,SUP-00800
PRD-02725,SKU-SYN-22333,Heavy Engine Castings Grade-V,Heavy Engine Castings,Steel,0.5,-604.9,USD,28,500,SUP-00964
PRD-02726,SKU-SYN-85830,Industrial Resins & Plastics Grade-W,Industrial Resins & Plastics,Crude Oil / Polymers,0.7,296.65,USD,79,500,SUP-00671
PRD-02727,SKU-SYN-51152,Copper Conductors & Wiring Grade-X,Copper Conductors & Wiring,Copper,0.65,2383.7,USD,8,100,SUP-00394
PRD-02728,SKU-SYN-19229,Printed Circuit Boards Grade-Y,,Copper,0.35,369.56,USD,57,250,SUP-00208
PRD-02729,SKU-SYN-55405,Copper Conductors & Wiring Grade-Z,Copper Conductors & Wiring,Copper,0.65,3198.12,USD,27,,SUP-00047
PRD-02730,SKU-SYN-90923,industrial resins & plastics grade-2730,Industrial Resins & Plastics,Crude Oil / Polymers,0.7,$1878.05,USD,76,,SUP-00908
PRD-02731,SKU-SYN-17486,Corrugated Packaging Grade-B,Corrugated Packaging,Packaging,0.2,2589.21,USD,31,100,SUP-00377
PRD-02732,SKU-SYN-96151,Industrial Resins & Plastics Grade-C,Industrial Resins & Plastics,Crude Oil / Polymers,0.7,186.94,USD,80,,SUP-00165
PRD-02733,SKU-SYN-81266,Synthetic Lubricants Grade-D,Synthetic Lubricants,Crude Oil / Polymers,0.8,2532.01,USD,25,250,SUP-00154
PRD-02734,SKU-SYN-55852,Printed Circuit Boards Grade-E,Printed Circuit Boards,Copper,0.35,2954.81,USD,55,250,SUP-00678
PRD-02735,SKU-SYN-25041,Heavy Engine Castings Grade-F,Heavy Engine Castings,Steel,0.5,1878.78,USD,54,500 units,SUP-00751
PRD-02736,sku_2736,Corrugated Packaging Grade-G,,Packaging,0.2,$2550.85,USD,-10,500,SUP-00138
PRD-02737,SKU-SYN-43255,Copper Conductors & Wiring Grade-H,Copper Conductors & Wiring,Copper,0.65,3041.83,USD,72,500 units,SUP-00316
PRD-02738,SKU-SYN-52896,Synthetic Lubricants Grade-I,Synthetic Lubricants,Crude Oil / Polymers,0.8,3138.51,USD,43,500 units,SUP-00842
PRD-02739,SKU-SYN-60943,Printed Circuit Boards Grade-J,Printed Circuit Boards,Copper,0.35,2385.77,USD,59,500,SUP-00240
PRD-02740,SKU-SYN-40497,heavy engine castings grade-2740,Heavy Engine Castings,Steel,0.5,2406.4,USD,50,100,SUP-99999
PRD-02741,SKU-SYN-53410,Corrugated Packaging Grade-L,Corrugated Packaging,Packaging,0.2,2589.6,USD,83,500,SUP-00684
PRD-02742,SKU-SYN-46770,Corrugated Packaging Grade-M,Corrugated Packaging,Packaging,0.2,$1667.5,USD,79,500 units,SUP-00393
PRD-02743,SKU-SYN-26126,Copper Conductors & Wiring Grade-N,Copper Conductors & Wiring,Copper,0.65,593.42,USD,43,250,SUP-00647
PRD-02744,SKU-SYN-46486,Heavy Engine Castings Grade-O,,Steel,0.5,1681.86,USD,47,,SUP-00315
PRD-02745,SKU-SYN-14675,Industrial Resins & Plastics Grade-P,Industrial Resins & Plastics,Crude Oil / Polymers,0.7,1501.23,USD,66,,SUP-00693
PRD-02746,SKU-SYN-87061,Industrial Resins & Plastics Grade-Q,Industrial Resins & Plastics,Crude Oil / Polymers,0.7,2565.86,USD,40,,SUP-00205
PRD-02747,SKU-SYN-30267,Industrial Resins & Plastics Grade-R,Industrial Resins & Plastics,Crude Oil / Polymers,0.7,285.51,USD,71,500 units,SUP-00343
PRD-02748,sku_2748,Copper Conductors & Wiring Grade-S,Copper Conductors & Wiring,Copper,0.65,$933.0,USD,42,100,SUP-00591
PRD-02749,SKU-SYN-56692,Copper Conductors & Wiring Grade-T,Copper Conductors & Wiring,Copper,0.65,2773.8,USD,52,500 units,SUP-00957
PRD-02750,SKU-SYN-26759,synthetic lubricants grade-2750,Synthetic Lubricants,Crude Oil / Polymers,0.8,-203.67,USD,18,250,SUP-00597
PRD-02751,SKU-SYN-77483,Copper Conductors & Wiring Grade-V,Copper Conductors & Wiring,Copper,0.65,2442.44,USD,90,500,SUP-00115
PRD-02752,SKU-SYN-83062,Industrial Resins & Plastics Grade-W,,Crude Oil / Polymers,0.7,759.15,USD,60,500 units,SUP-00949
PRD-02753,SKU-SYN-58268,Heavy Engine Castings Grade-X,Heavy Engine Castings,Steel,0.5,1537.2,USD,58,500 units,SUP-00693
PRD-02754,SKU-SYN-62817,Industrial Resins & Plastics Grade-Y,Industrial Resins & Plastics,Crude Oil / Polymers,0.7,$563.2,USD,-10,100,SUP-00759
PRD-02755,SKU-SYN-97614,Copper Conductors & Wiring Grade-Z,Copper Conductors & Wiring,Copper,0.65,1064.17,USD,22,250,SUP-00043
PRD-02756,SKU-SYN-85808,Copper Conductors & Wiring Grade-A,Copper Conductors & Wiring,Copper,0.65,1490.63,USD,57,100,SUP-00072
PRD-02757,SKU-SYN-11653,Industrial Resins & Plastics Grade-B,Industrial Resins & Plastics,Crude Oil / Polymers,0.7,1562.91,USD,31,500 units,SUP-00192
PRD-02758,SKU-SYN-12414,Industrial Resins & Plastics Grade-C,Industrial Resins & Plastics,Crude Oil / Polymers,0.7,2662.89,USD,22,500 units,SUP-00292
PRD-02759,SKU-SYN-61788,Synthetic Lubricants Grade-D,Synthetic Lubricants,Crude Oil / Polymers,0.8,2050.89,USD,84,500,SUP-00025
PRD-02760,sku_2760,printed circuit boards grade-2760,,Copper,0.35,$188.91,USD,38,100,SUP-99999
PRD-02761,SKU-SYN-92784,Copper Conductors & Wiring Grade-F,Copper Conductors & Wiring,Copper,0.65,2538.9,USD,59,,SUP-00459
PRD-02762,SKU-SYN-97219,Copper Conductors & Wiring Grade-G,Copper Conductors & Wiring,Copper,0.65,221.2,USD,5,,SUP-00031
PRD-02763,SKU-SYN-86088,Corrugated Packaging Grade-H,Corrugated Packaging,Packaging,0.2,188.08,USD,24,500 units,SUP-00380
PRD-02764,SKU-SYN-95699,Copper Conductors & Wiring Grade-I,Copper Conductors & Wiring,Copper,0.65,2009.06,USD,47,100,SUP-00141
PRD-02765,SKU-SYN-94995,Synthetic Lubricants Grade-J,Synthetic Lubricants,Crude Oil / Polymers,0.8,637.41,USD,6,500 units,SUP-00317
PRD-02766,SKU-SYN-79221,Copper Conductors & Wiring Grade-K,Copper Conductors & Wiring,Copper,0.65,$1553.39,USD,46,500,SUP-00594
PRD-02767,SKU-SYN-76032,Heavy Engine Castings Grade-L,Heavy Engine Castings,Steel,0.5,2700.44,USD,37,500,SUP-00115
PRD-02768,SKU-SYN-54123,Industrial Resins & Plastics Grade-M,,Crude Oil / Polymers,0.7,1394.0,USD,64,100,SUP-00740
PRD-02769,SKU-SYN-52025,Printed Circuit Boards Grade-N,Printed Circuit Boards,Copper,0.35,655.48,USD,89,100,SUP-00902
PRD-02770,SKU-SYN-42928,synthetic lubricants grade-2770,Synthetic Lubricants,Crude Oil / Polymers,0.8,3084.17,USD,8,,SUP-00262
PRD-02771,SKU-SYN-30734,Industrial Resins & Plastics Grade-P,Industrial Resins & Plastics,Crude Oil / Polymers,0.7,782.83,USD,66,500 units,SUP-00471
PRD-02772,sku_2772,Heavy Engine Castings Grade-Q,Heavy Engine Castings,Steel,0.5,$2825.72,USD,-10,500 units,SUP-00187
PRD-02773,SKU-SYN-28427,Corrugated Packaging Grade-R,Corrugated Packaging,Packaging,0.2,136.2,USD,11,500,SUP-00176
PRD-02774,SKU-SYN-90746,Copper Conductors & Wiring Grade-S,Copper Conductors & Wiring,Copper,0.65,2817.43,USD,19,500 units,SUP-00204
PRD-02775,SKU-SYN-24714,Synthetic Lubricants Grade-T,Synthetic Lubricants,Crude Oil / Polymers,0.8,-2785.15,USD,11,500 units,SUP-00629
PRD-02776,SKU-SYN-95485,Synthetic Lubricants Grade-U,,Crude Oil / Polymers,0.8,2500.92,USD,70,500 units,SUP-00348
PRD-02777,SKU-SYN-47125,Heavy Engine Castings Grade-V,Heavy Engine Castings,Steel,0.5,610.76,USD,68,500,SUP-00869
PRD-02778,SKU-SYN-15946,Corrugated Packaging Grade-W,Corrugated Packaging,Packaging,0.2,$1642.64,USD,56,250,SUP-00830
PRD-02779,SKU-SYN-77382,Synthetic Lubricants Grade-X,Synthetic Lubricants,Crude Oil / Polymers,0.8,1356.99,USD,66,,SUP-00044
PRD-02780,SKU-SYN-19169,copper conductors & wiring grade-2780,Copper Conductors & Wiring,Copper,0.65,2009.23,USD,45,500 units,SUP-99999
PRD-02781,SKU-SYN-70526,Corrugated Packaging Grade-Z,Corrugated Packaging,Packaging,0.2,1621.98,USD,64,250,SUP-00476
PRD-02782,SKU-SYN-83697,Copper Conductors & Wiring Grade-A,Copper Conductors & Wiring,Copper,0.65,2283.4,USD,52,500,SUP-00822
PRD-02783,SKU-SYN-42586,Heavy Engine Castings Grade-B,Heavy Engine Castings,Steel,0.5,2189.91,USD,64,500 units,SUP-00109
PRD-02784,sku_2784,Printed Circuit Boards Grade-C,,Copper,0.35,$2222.76,USD,15,250,SUP-00792
PRD-02785,SKU-SYN-97817,Printed Circuit Boards Grade-D,Printed Circuit Boards,Copper,0.35,1759.82,USD,90,250,SUP-00269
PRD-02786,SKU-SYN-43834,Printed Circuit Boards Grade-E,Printed Circuit Boards,Copper,0.35,2703.77,USD,72,500,SUP-00269
PRD-02787,SKU-SYN-65418,Synthetic Lubricants Grade-F,Synthetic Lubricants,Crude Oil / Polymers,0.8,631.55,USD,84,,SUP-00795
PRD-02788,SKU-SYN-83670,Copper Conductors & Wiring Grade-G,Copper Conductors & Wiring,Copper,0.65,2470.43,USD,23,500,SUP-00586
PRD-02789,SKU-SYN-75403,Synthetic Lubricants Grade-H,Synthetic Lubricants,Crude Oil / Polymers,0.8,3066.59,USD,79,500 units,SUP-00838
PRD-02790,SKU-SYN-53744,synthetic lubricants grade-2790,Synthetic Lubricants,Crude Oil / Polymers,0.8,$388.81,USD,-10,500 units,SUP-00993
PRD-02791,SKU-SYN-71637,Copper Conductors & Wiring Grade-J,Copper Conductors & Wiring,Copper,0.65,1596.8,USD,14,,SUP-00962
PRD-02792,SKU-SYN-67110,Copper Conductors & Wiring Grade-K,,Copper,0.65,637.03,USD,58,250,SUP-00039
PRD-02793,SKU-SYN-82923,Copper Conductors & Wiring Grade-L,Copper Conductors & Wiring,Copper,0.65,46.55,USD,68,,SUP-00844
PRD-02794,SKU-SYN-20613,Industrial Resins & Plastics Grade-M,Industrial Resins & Plastics,Crude Oil / Polymers,0.7,249.04,USD,79,250,SUP-00891
PRD-02795,SKU-SYN-89515,Industrial Resins & Plastics Grade-N,Industrial Resins & Plastics,Crude Oil / Polymers,0.7,312.71,USD,66,500 units,SUP-00151
PRD-02796,sku_2796,Synthetic Lubricants Grade-O,Synthetic Lubricants,Crude Oil / Polymers,0.8,$1795.14,USD,35,,SUP-00814
PRD-02797,SKU-SYN-64079,Industrial Resins & Plastics Grade-P,Industrial Resins & Plastics,Crude Oil / Polymers,0.7,1352.98,USD,16,500,SUP-00804
PRD-02798,SKU-SYN-61122,Industrial Resins & Plastics Grade-Q,Industrial Resins & Plastics,Crude Oil / Polymers,0.7,1844.26,USD,21,,SUP-00906
PRD-02799,SKU-SYN-54118,Industrial Resins & Plastics Grade-R,Industrial Resins & Plastics,Crude Oil / Polymers,0.7,2891.29,USD,83,500,SUP-00702
PRD-02800,SKU-SYN-95058,copper conductors & wiring grade-2800,,Copper,0.65,-2677.75,USD,79,,SUP-99999
PRD-02801,SKU-SYN-89141,Synthetic Lubricants Grade-T,Synthetic Lubricants,Crude Oil / Polymers,0.8,578.16,USD,6,500,SUP-00063
PRD-02802,SKU-SYN-33120,Copper Conductors & Wiring Grade-U,Copper Conductors & Wiring,Copper,0.65,$2331.02,USD,27,500,SUP-00457
PRD-02803,SKU-SYN-88904,Copper Conductors & Wiring Grade-V,Copper Conductors & Wiring,Copper,0.65,2115.13,USD,30,,SUP-00607
PRD-02804,SKU-SYN-79720,Industrial Resins & Plastics Grade-W,Industrial Resins & Plastics,Crude Oil / Polymers,0.7,1877.1,USD,7,500 units,SUP-00272
PRD-02805,SKU-SYN-63357,Copper Conductors & Wiring Grade-X,Copper Conductors & Wiring,Copper,0.65,3132.76,USD,27,,SUP-00522
PRD-02806,SKU-SYN-82517,Corrugated Packaging Grade-Y,Corrugated Packaging,Packaging,0.2,2590.94,USD,67,100,SUP-00220
PRD-02807,SKU-SYN-15028,Copper Conductors & Wiring Grade-Z,Copper Conductors & Wiring,Copper,0.65,749.49,USD,66,500,SUP-00598
PRD-02808,sku_2808,Heavy Engine Castings Grade-A,,Steel,0.5,$218.1,USD,-10,,SUP-00063
PRD-02809,SKU-SYN-46048,Industrial Resins & Plastics Grade-B,Industrial Resins & Plastics,Crude Oil / Polymers,0.7,3149.52,USD,29,100,SUP-00854
PRD-02810,SKU-SYN-17832,copper conductors & wiring grade-2810,Copper Conductors & Wiring,Copper,0.65,1720.61,USD,72,,SUP-00602
PRD-02811,SKU-SYN-46070,Heavy Engine Castings Grade-D,Heavy Engine Castings,Steel,0.5,2261.01,USD,24,250,SUP-00345
PRD-02812,SKU-SYN-68170,Corrugated Packaging Grade-E,Corrugated Packaging,Packaging,0.2,1759.44,USD,11,100,SUP-00259
PRD-02813,SKU-SYN-40899,Printed Circuit Boards Grade-F,Printed Circuit Boards,Copper,0.35,392.18,USD,36,100,SUP-00468
PRD-02814,SKU-SYN-97259,Copper Conductors & Wiring Grade-G,Copper Conductors & Wiring,Copper,0.65,$102.47,USD,36,,SUP-00820
PRD-02815,SKU-SYN-62457,Industrial Resins & Plastics Grade-H,Industrial Resins & Plastics,Crude Oil / Polymers,0.7,2706.3,USD,81,500 units,SUP-00858
PRD-02816,SKU-SYN-58664,Heavy Engine Castings Grade-I,,Steel,0.5,612.69,USD,74,250,SUP-00055
PRD-02817,SKU-SYN-53974,Copper Conductors & Wiring Grade-J,Copper Conductors & Wiring,Copper,0.65,1008.14,USD,90,,SUP-00470
PRD-02818,SKU-SYN-26370,Synthetic Lubricants Grade-K,Synthetic Lubricants,Crude Oil / Polymers,0.8,560.95,USD,57,,SUP-00498
PRD-02819,SKU-SYN-39898,Industrial Resins & Plastics Grade-L,Industrial Resins & Plastics,Crude Oil / Polymers,0.7,2034.04,USD,57,250,SUP-00059
PRD-02820,sku_2820,copper conductors & wiring grade-2820,Copper Conductors & Wiring,Copper,0.65,$2755.6,USD,46,500,SUP-99999
PRD-02821,SKU-SYN-43212,Synthetic Lubricants Grade-N,Synthetic Lubricants,Crude Oil / Polymers,0.8,650.19,USD,20,,SUP-00386
PRD-02822,SKU-SYN-66988,Copper Conductors & Wiring Grade-O,Copper Conductors & Wiring,Copper,0.65,2319.44,USD,41,500 units,SUP-00155
PRD-02823,SKU-SYN-56149,Industrial Resins & Plastics Grade-P,Industrial Resins & Plastics,Crude Oil / Polymers,0.7,2945.18,USD,90,500,SUP-00526
PRD-02824,SKU-SYN-94856,Copper Conductors & Wiring Grade-Q,,Copper,0.65,3161.48,USD,83,500 units,SUP-00311
PRD-02825,SKU-SYN-75145,Industrial Resins & Plastics Grade-R,Industrial Resins & Plastics,Crude Oil / Polymers,0.7,-2012.91,USD,29,500,SUP-00271
PRD-02826,SKU-SYN-14619,Industrial Resins & Plastics Grade-S,Industrial Resins & Plastics,Crude Oil / Polymers,0.7,$820.54,USD,-10,100,SUP-00954
PRD-02827,SKU-SYN-36954,Copper Conductors & Wiring Grade-T,Copper Conductors & Wiring,Copper,0.65,476.83,USD,25,,SUP-00118
PRD-02828,SKU-SYN-85503,Copper Conductors & Wiring Grade-U,Copper Conductors & Wiring,Copper,0.65,1480.75,USD,25,100,SUP-00513
PRD-02829,SKU-SYN-49459,Heavy Engine Castings Grade-V,Heavy Engine Castings,Steel,0.5,3066.06,USD,28,100,SUP-00962
PRD-02830,SKU-SYN-73648,synthetic lubricants grade-2830,Synthetic Lubricants,Crude Oil / Polymers,0.8,2346.3,USD,32,100,SUP-00667
PRD-02831,SKU-SYN-19802,Heavy Engine Castings Grade-X,Heavy Engine Castings,Steel,0.5,115.81,USD,48,500,SUP-00879
PRD-02832,sku_2832,Printed Circuit Boards Grade-Y,,Copper,0.35,$2660.14,USD,65,500 units,SUP-00315
PRD-02833,SKU-SYN-69245,Corrugated Packaging Grade-Z,Corrugated Packaging,Packaging,0.2,910.2,USD,82,250,SUP-00079
PRD-02834,SKU-SYN-82329,Synthetic Lubricants Grade-A,Synthetic Lubricants,Crude Oil / Polymers,0.8,1379.97,USD,45,500 units,SUP-00176
PRD-02835,SKU-SYN-43329,Industrial Resins & Plastics Grade-B,Industrial Resins & Plastics,Crude Oil / Polymers,0.7,2991.25,USD,61,100,SUP-00108
PRD-02836,SKU-SYN-16956,Heavy Engine Castings Grade-C,Heavy Engine Castings,Steel,0.5,1539.27,USD,16,100,SUP-00119
PRD-02837,SKU-SYN-11510,Corrugated Packaging Grade-D,Corrugated Packaging,Packaging,0.2,1560.03,USD,30,250,SUP-00282
PRD-02838,SKU-SYN-93242,Industrial Resins & Plastics Grade-E,Industrial Resins & Plastics,Crude Oil / Polymers,0.7,$2840.22,USD,70,500,SUP-00843
PRD-02839,SKU-SYN-55074,Synthetic Lubricants Grade-F,Synthetic Lubricants,Crude Oil / Polymers,0.8,1774.63,USD,59,500 units,SUP-00874
PRD-02840,SKU-SYN-47786,synthetic lubricants grade-2840,,Crude Oil / Polymers,0.8,2460.06,USD,51,500,SUP-99999
PRD-02841,SKU-SYN-87763,Printed Circuit Boards Grade-H,Printed Circuit Boards,Copper,0.35,1777.17,USD,55,500,SUP-00902
PRD-02842,SKU-SYN-98712,Corrugated Packaging Grade-I,Corrugated Packaging,Packaging,0.2,2255.25,USD,52,500,SUP-00701
PRD-02843,SKU-SYN-70078,Copper Conductors & Wiring Grade-J,Copper Conductors & Wiring,Copper,0.65,2696.29,USD,40,250,SUP-00697
PRD-02844,sku_2844,Industrial Resins & Plastics Grade-K,Industrial Resins & Plastics,Crude Oil / Polymers,0.7,$1262.16,USD,-10,,SUP-00098
PRD-02845,SKU-SYN-60756,Synthetic Lubricants Grade-L,Synthetic Lubricants,Crude Oil / Polymers,0.8,333.87,USD,19,250,SUP-00662
PRD-02846,SKU-SYN-12781,Printed Circuit Boards Grade-M,Printed Circuit Boards,Copper,0.35,1193.58,USD,32,250,SUP-00738
PRD-02847,SKU-SYN-73780,Synthetic Lubricants Grade-N,Synthetic Lubricants,Crude Oil / Polymers,0.8,3157.29,USD,10,250,SUP-00583
PRD-02848,SKU-SYN-25085,Printed Circuit Boards Grade-O,,Copper,0.35,1607.45,USD,35,100,SUP-00930
PRD-02849,SKU-SYN-14239,Printed Circuit Boards Grade-P,Printed Circuit Boards,Copper,0.35,1902.16,USD,63,100,SUP-00097
PRD-02850,SKU-SYN-59359,industrial resins & plastics grade-2850,Industrial Resins & Plastics,Crude Oil / Polymers,0.7,$2395.47,USD,15,100,SUP-00297
PRD-02851,SKU-SYN-26109,Heavy Engine Castings Grade-R,Heavy Engine Castings,Steel,0.5,1116.54,USD,75,,SUP-00875
PRD-02852,SKU-SYN-24630,Corrugated Packaging Grade-S,Corrugated Packaging,Packaging,0.2,1348.67,USD,46,500 units,SUP-00728
PRD-02853,SKU-SYN-52507,Copper Conductors & Wiring Grade-T,Copper Conductors & Wiring,Copper,0.65,770.47,USD,40,,SUP-00927
PRD-02854,SKU-SYN-67585,Industrial Resins & Plastics Grade-U,Industrial Resins & Plastics,Crude Oil / Polymers,0.7,1724.91,USD,80,250,SUP-00885
PRD-02855,SKU-SYN-53277,Copper Conductors & Wiring Grade-V,Copper Conductors & Wiring,Copper,0.65,1452.18,USD,28,,SUP-00009
PRD-02856,sku_2856,Heavy Engine Castings Grade-W,,Steel,0.5,$2811.45,USD,56,500 units,SUP-00761
PRD-02857,SKU-SYN-75389,Heavy Engine Castings Grade-X,Heavy Engine Castings,Steel,0.5,2536.07,USD,73,,SUP-00081
PRD-02858,SKU-SYN-47383,Corrugated Packaging Grade-Y,Corrugated Packaging,Packaging,0.2,821.56,USD,62,,SUP-00140
PRD-02859,SKU-SYN-77293,Synthetic Lubricants Grade-Z,Synthetic Lubricants,Crude Oil / Polymers,0.8,2904.41,USD,12,500,SUP-00942
PRD-02860,SKU-SYN-87995,printed circuit boards grade-2860,Printed Circuit Boards,Copper,0.35,2580.91,USD,56,100,SUP-99999
PRD-02861,SKU-SYN-60853,Synthetic Lubricants Grade-B,Synthetic Lubricants,Crude Oil / Polymers,0.8,813.57,USD,70,250,SUP-00472
PRD-02862,SKU-SYN-78869,Corrugated Packaging Grade-C,Corrugated Packaging,Packaging,0.2,$2019.88,USD,-10,500 units,SUP-00452
PRD-02863,SKU-SYN-38090,Corrugated Packaging Grade-D,Corrugated Packaging,Packaging,0.2,2608.12,USD,33,100,SUP-00621
PRD-02864,SKU-SYN-74640,Synthetic Lubricants Grade-E,,Crude Oil / Polymers,0.8,1288.14,USD,8,500 units,SUP-00631
PRD-02865,SKU-SYN-60057,Heavy Engine Castings Grade-F,Heavy Engine Castings,Steel,0.5,2625.37,USD,56,500,SUP-00550
PRD-02866,SKU-SYN-67706,Industrial Resins & Plastics Grade-G,Industrial Resins & Plastics,Crude Oil / Polymers,0.7,1136.92,USD,48,,SUP-00698
PRD-02867,SKU-SYN-18169,Heavy Engine Castings Grade-H,Heavy Engine Castings,Steel,0.5,1327.95,USD,25,,SUP-00495
PRD-02868,sku_2868,Printed Circuit Boards Grade-I,Printed Circuit Boards,Copper,0.35,$450.6,USD,7,,SUP-00720
PRD-02869,SKU-SYN-72076,Industrial Resins & Plastics Grade-J,Industrial Resins & Plastics,Crude Oil / Polymers,0.7,2160.78,USD,28,500,SUP-00272
PRD-02870,SKU-SYN-44298,industrial resins & plastics grade-2870,Industrial Resins & Plastics,Crude Oil / Polymers,0.7,2271.48,USD,82,100,SUP-00192
PRD-02871,SKU-SYN-78931,Corrugated Packaging Grade-L,Corrugated Packaging,Packaging,0.2,27.05,USD,19,100,SUP-00265
PRD-02872,SKU-SYN-22330,Corrugated Packaging Grade-M,,Packaging,0.2,2200.13,USD,69,250,SUP-00865
PRD-02873,SKU-SYN-15624,Printed Circuit Boards Grade-N,Printed Circuit Boards,Copper,0.35,369.55,USD,19,100,SUP-00156
PRD-02874,SKU-SYN-38642,Corrugated Packaging Grade-O,Corrugated Packaging,Packaging,0.2,$3153.05,USD,15,,SUP-00448
PRD-02875,SKU-SYN-24835,Synthetic Lubricants Grade-P,Synthetic Lubricants,Crude Oil / Polymers,0.8,-2374.91,USD,56,500,SUP-00581
PRD-02876,SKU-SYN-58072,Heavy Engine Castings Grade-Q,Heavy Engine Castings,Steel,0.5,97.29,USD,35,500 units,SUP-00247
PRD-02877,SKU-SYN-19568,Copper Conductors & Wiring Grade-R,Copper Conductors & Wiring,Copper,0.65,1121.62,USD,80,500 units,SUP-00230
PRD-02878,SKU-SYN-79938,Copper Conductors & Wiring Grade-S,Copper Conductors & Wiring,Copper,0.65,2207.67,USD,85,500 units,SUP-00169
PRD-02879,SKU-SYN-12121,Industrial Resins & Plastics Grade-T,Industrial Resins & Plastics,Crude Oil / Polymers,0.7,238.96,USD,40,500,SUP-00637
PRD-02880,sku_2880,heavy engine castings grade-2880,,Steel,0.5,$2049.04,USD,-10,500,SUP-99999
PRD-02881,SKU-SYN-17338,Corrugated Packaging Grade-V,Corrugated Packaging,Packaging,0.2,323.17,USD,84,250,SUP-00556
PRD-02882,SKU-SYN-51370,Copper Conductors & Wiring Grade-W,Copper Conductors & Wiring,Copper,0.65,1240.16,USD,50,500 units,SUP-00015
PRD-02883,SKU-SYN-75484,Printed Circuit Boards Grade-X,Printed Circuit Boards,Copper,0.35,221.26,USD,32,500,SUP-00564
PRD-02884,SKU-SYN-35086,Synthetic Lubricants Grade-Y,Synthetic Lubricants,Crude Oil / Polymers,0.8,728.93,USD,11,500,SUP-00486
PRD-02885,SKU-SYN-85609,Heavy Engine Castings Grade-Z,Heavy Engine Castings,Steel,0.5,1616.41,USD,78,500 units,SUP-00929
PRD-02886,SKU-SYN-31784,Printed Circuit Boards Grade-A,Printed Circuit Boards,Copper,0.35,$621.34,USD,78,,SUP-00151
PRD-02887,SKU-SYN-16666,Corrugated Packaging Grade-B,Corrugated Packaging,Packaging,0.2,2021.87,USD,77,500 units,SUP-00226
PRD-02888,SKU-SYN-53144,Industrial Resins & Plastics Grade-C,,Crude Oil / Polymers,0.7,456.08,USD,24,100,SUP-00029
PRD-02889,SKU-SYN-11176,Heavy Engine Castings Grade-D,Heavy Engine Castings,Steel,0.5,2177.35,USD,63,100,SUP-00386
PRD-02890,SKU-SYN-79311,corrugated packaging grade-2890,Corrugated Packaging,Packaging,0.2,1425.92,USD,5,250,SUP-00700
PRD-02891,SKU-SYN-61300,Industrial Resins & Plastics Grade-F,Industrial Resins & Plastics,Crude Oil / Polymers,0.7,1185.38,USD,75,250,SUP-00509
PRD-02892,sku_2892,Synthetic Lubricants Grade-G,Synthetic Lubricants,Crude Oil / Polymers,0.8,$3175.7,USD,8,500,SUP-00385
PRD-02893,SKU-SYN-12138,Heavy Engine Castings Grade-H,Heavy Engine Castings,Steel,0.5,1040.03,USD,59,250,SUP-00288
PRD-02894,SKU-SYN-55788,Heavy Engine Castings Grade-I,Heavy Engine Castings,Steel,0.5,2674.5,USD,41,100,SUP-00326
PRD-02895,SKU-SYN-67572,Synthetic Lubricants Grade-J,Synthetic Lubricants,Crude Oil / Polymers,0.8,2643.95,USD,47,,SUP-00075
PRD-02896,SKU-SYN-33186,Heavy Engine Castings Grade-K,,Steel,0.5,1621.97,USD,22,100,SUP-00629
PRD-02897,SKU-SYN-62676,Synthetic Lubricants Grade-L,Synthetic Lubricants,Crude Oil / Polymers,0.8,1098.09,USD,23,100,SUP-00731
PRD-02898,SKU-SYN-62254,Industrial Resins & Plastics Grade-M,Industrial Resins & Plastics,Crude Oil / Polymers,0.7,$718.42,USD,-10,500,SUP-00039
PRD-02899,SKU-SYN-71115,Industrial Resins & Plastics Grade-N,Industrial Resins & Plastics,Crude Oil / Polymers,0.7,2696.33,USD,39,,SUP-00440
PRD-02900,SKU-SYN-19029,copper conductors & wiring grade-2900,Copper Conductors & Wiring,Copper,0.65,-124.94,USD,78,500 units,SUP-99999
PRD-02901,SKU-SYN-30638,Synthetic Lubricants Grade-P,Synthetic Lubricants,Crude Oil / Polymers,0.8,595.23,USD,16,500,SUP-00764
PRD-02902,SKU-SYN-63903,Printed Circuit Boards Grade-Q,Printed Circuit Boards,Copper,0.35,2162.93,USD,73,100,SUP-00446
PRD-02903,SKU-SYN-56937,Industrial Resins & Plastics Grade-R,Industrial Resins & Plastics,Crude Oil / Polymers,0.7,2855.22,USD,23,100,SUP-00506
PRD-02904,sku_2904,Printed Circuit Boards Grade-S,,Copper,0.35,$478.51,USD,11,500 units,SUP-00323
PRD-02905,SKU-SYN-41171,Printed Circuit Boards Grade-T,Printed Circuit Boards,Copper,0.35,2986.69,USD,32,500 units,SUP-00299
PRD-02906,SKU-SYN-45097,Corrugated Packaging Grade-U,Corrugated Packaging,Packaging,0.2,2985.33,USD,16,500 units,SUP-00647
PRD-02907,SKU-SYN-40628,Printed Circuit Boards Grade-V,Printed Circuit Boards,Copper,0.35,1591.26,USD,81,100,SUP-00136
PRD-02908,SKU-SYN-43191,Heavy Engine Castings Grade-W,Heavy Engine Castings,Steel,0.5,2674.23,USD,87,100,SUP-00164
PRD-02909,SKU-SYN-79206,Printed Circuit Boards Grade-X,Printed Circuit Boards,Copper,0.35,2861.49,USD,25,500 units,SUP-00047
PRD-02910,SKU-SYN-94287,industrial resins & plastics grade-2910,Industrial Resins & Plastics,Crude Oil / Polymers,0.7,$3000.8,USD,48,,SUP-00034
PRD-02911,SKU-SYN-49805,Heavy Engine Castings Grade-Z,Heavy Engine Castings,Steel,0.5,2503.84,USD,23,,SUP-00715
PRD-02912,SKU-SYN-56952,Heavy Engine Castings Grade-A,,Steel,0.5,337.37,USD,39,100,SUP-00406
PRD-02913,SKU-SYN-83825,Heavy Engine Castings Grade-B,Heavy Engine Castings,Steel,0.5,171.77,USD,10,500,SUP-00231
PRD-02914,SKU-SYN-85430,Corrugated Packaging Grade-C,Corrugated Packaging,Packaging,0.2,2565.24,USD,25,250,SUP-00049
PRD-02915,SKU-SYN-26350,Corrugated Packaging Grade-D,Corrugated Packaging,Packaging,0.2,124.61,USD,34,100,SUP-00403
PRD-02916,sku_2916,Corrugated Packaging Grade-E,Corrugated Packaging,Packaging,0.2,$2467.59,USD,-10,250,SUP-00857
PRD-02917,SKU-SYN-76643,Copper Conductors & Wiring Grade-F,Copper Conductors & Wiring,Copper,0.65,2489.67,USD,47,500 units,SUP-00570
PRD-02918,SKU-SYN-36875,Copper Conductors & Wiring Grade-G,Copper Conductors & Wiring,Copper,0.65,2768.1,USD,26,,SUP-00384
PRD-02919,SKU-SYN-93915,Corrugated Packaging Grade-H,Corrugated Packaging,Packaging,0.2,2546.36,USD,12,,SUP-00916
PRD-02920,SKU-SYN-65889,copper conductors & wiring grade-2920,,Copper,0.65,2061.01,USD,41,100,SUP-99999
PRD-02921,SKU-SYN-46232,Corrugated Packaging Grade-J,Corrugated Packaging,Packaging,0.2,2163.78,USD,59,,SUP-00511
PRD-02922,SKU-SYN-79342,Heavy Engine Castings Grade-K,Heavy Engine Castings,Steel,0.5,$1196.0,USD,90,,SUP-00949
PRD-02923,SKU-SYN-17838,Copper Conductors & Wiring Grade-L,Copper Conductors & Wiring,Copper,0.65,2257.07,USD,72,500,SUP-00627
PRD-02924,SKU-SYN-19154,Corrugated Packaging Grade-M,Corrugated Packaging,Packaging,0.2,1407.35,USD,70,500 units,SUP-00980
PRD-02925,SKU-SYN-72563,Heavy Engine Castings Grade-N,Heavy Engine Castings,Steel,0.5,-2791.79,USD,15,250,SUP-00733
PRD-02926,SKU-SYN-47255,Heavy Engine Castings Grade-O,Heavy Engine Castings,Steel,0.5,2539.18,USD,11,,SUP-00800
PRD-02927,SKU-SYN-77068,Corrugated Packaging Grade-P,Corrugated Packaging,Packaging,0.2,2008.57,USD,70,,SUP-00839
PRD-02928,sku_2928,Heavy Engine Castings Grade-Q,,Steel,0.5,$2097.77,USD,30,250,SUP-00707
PRD-02929,SKU-SYN-50927,Industrial Resins & Plastics Grade-R,Industrial Resins & Plastics,Crude Oil / Polymers,0.7,1697.36,USD,30,250,SUP-00777
PRD-02930,SKU-SYN-10078,corrugated packaging grade-2930,Corrugated Packaging,Packaging,0.2,2482.5,USD,55,500,SUP-00786
PRD-02931,SKU-SYN-50310,Synthetic Lubricants Grade-T,Synthetic Lubricants,Crude Oil / Polymers,0.8,1250.45,USD,5,,SUP-00913
PRD-02932,SKU-SYN-52834,Heavy Engine Castings Grade-U,Heavy Engine Castings,Steel,0.5,657.26,USD,22,500 units,SUP-00666
PRD-02933,SKU-SYN-72017,Corrugated Packaging Grade-V,Corrugated Packaging,Packaging,0.2,1053.8,USD,89,250,SUP-00154
PRD-02934,SKU-SYN-15498,Industrial Resins & Plastics Grade-W,Industrial Resins & Plastics,Crude Oil / Polymers,0.7,$1072.92,USD,-10,100,SUP-00252
PRD-02935,SKU-SYN-49838,Copper Conductors & Wiring Grade-X,Copper Conductors & Wiring,Copper,0.65,686.64,USD,24,250,SUP-00543
PRD-02936,SKU-SYN-75576,Copper Conductors & Wiring Grade-Y,,Copper,0.65,675.91,USD,87,500 units,SUP-00187
PRD-02937,SKU-SYN-32859,Heavy Engine Castings Grade-Z,Heavy Engine Castings,Steel,0.5,2527.93,USD,90,250,SUP-00918
PRD-02938,SKU-SYN-79289,Copper Conductors & Wiring Grade-A,Copper Conductors & Wiring,Copper,0.65,1853.94,USD,61,250,SUP-00248
PRD-02939,SKU-SYN-47131,Copper Conductors & Wiring Grade-B,Copper Conductors & Wiring,Copper,0.65,293.78,USD,77,,SUP-00324
PRD-02940,sku_2940,corrugated packaging grade-2940,Corrugated Packaging,Packaging,0.2,$1319.24,USD,78,,SUP-99999
PRD-02941,SKU-SYN-57180,Corrugated Packaging Grade-D,Corrugated Packaging,Packaging,0.2,669.95,USD,37,250,SUP-00483
PRD-02942,SKU-SYN-62466,Corrugated Packaging Grade-E,Corrugated Packaging,Packaging,0.2,829.86,USD,29,,SUP-00120
PRD-02943,SKU-SYN-60550,Heavy Engine Castings Grade-F,Heavy Engine Castings,Steel,0.5,2720.41,USD,11,,SUP-00905
PRD-02944,SKU-SYN-36143,Synthetic Lubricants Grade-G,,Crude Oil / Polymers,0.8,613.38,USD,65,250,SUP-00723
PRD-02945,SKU-SYN-13503,Synthetic Lubricants Grade-H,Synthetic Lubricants,Crude Oil / Polymers,0.8,2162.64,USD,76,500,SUP-00123
PRD-02946,SKU-SYN-93126,Corrugated Packaging Grade-I,Corrugated Packaging,Packaging,0.2,$2102.0,USD,38,100,SUP-00476
PRD-02947,SKU-SYN-26774,Printed Circuit Boards Grade-J,Printed Circuit Boards,Copper,0.35,155.13,USD,48,250,SUP-00621
PRD-02948,SKU-SYN-71223,Heavy Engine Castings Grade-K,Heavy Engine Castings,Steel,0.5,1703.13,USD,5,500 units,SUP-00709
PRD-02949,SKU-SYN-62982,Industrial Resins & Plastics Grade-L,Industrial Resins & Plastics,Crude Oil / Polymers,0.7,1045.86,USD,48,250,SUP-00589
PRD-02950,SKU-SYN-66676,corrugated packaging grade-2950,Corrugated Packaging,Packaging,0.2,-1208.38,USD,28,500 units,SUP-00191
PRD-02951,SKU-SYN-53981,Copper Conductors & Wiring Grade-N,Copper Conductors & Wiring,Copper,0.65,1831.66,USD,10,250,SUP-00748
PRD-02952,sku_2952,Synthetic Lubricants Grade-O,,Crude Oil / Polymers,0.8,$772.53,USD,-10,500 units,SUP-00413
PRD-02953,SKU-SYN-24192,Industrial Resins & Plastics Grade-P,Industrial Resins & Plastics,Crude Oil / Polymers,0.7,584.17,USD,13,,SUP-00456
PRD-02954,SKU-SYN-42857,Copper Conductors & Wiring Grade-Q,Copper Conductors & Wiring,Copper,0.65,114.41,USD,18,,SUP-00311
PRD-02955,SKU-SYN-26509,Industrial Resins & Plastics Grade-R,Industrial Resins & Plastics,Crude Oil / Polymers,0.7,2347.22,USD,68,100,SUP-00840
PRD-02956,SKU-SYN-80799,Synthetic Lubricants Grade-S,Synthetic Lubricants,Crude Oil / Polymers,0.8,2467.13,USD,23,500,SUP-00042
PRD-02957,SKU-SYN-91274,Corrugated Packaging Grade-T,Corrugated Packaging,Packaging,0.2,1446.78,USD,32,100,SUP-00446
PRD-02958,SKU-SYN-27969,Industrial Resins & Plastics Grade-U,Industrial Resins & Plastics,Crude Oil / Polymers,0.7,$1355.37,USD,57,100,SUP-00536
PRD-02959,SKU-SYN-53180,Heavy Engine Castings Grade-V,Heavy Engine Castings,Steel,0.5,1672.48,USD,86,,SUP-00473
PRD-02960,SKU-SYN-74691,synthetic lubricants grade-2960,,Crude Oil / Polymers,0.8,1976.46,USD,52,500,SUP-99999
PRD-02961,SKU-SYN-23569,Copper Conductors & Wiring Grade-X,Copper Conductors & Wiring,Copper,0.65,1428.91,USD,34,500 units,SUP-00332
PRD-02962,SKU-SYN-40266,Printed Circuit Boards Grade-Y,Printed Circuit Boards,Copper,0.35,2730.82,USD,90,250,SUP-00995
PRD-02963,SKU-SYN-78219,Corrugated Packaging Grade-Z,Corrugated Packaging,Packaging,0.2,3119.75,USD,84,,SUP-00370
PRD-02964,sku_2964,Industrial Resins & Plastics Grade-A,Industrial Resins & Plastics,Crude Oil / Polymers,0.7,$2270.09,USD,45,500,SUP-00312
PRD-02965,SKU-SYN-80850,Corrugated Packaging Grade-B,Corrugated Packaging,Packaging,0.2,2824.91,USD,40,100,SUP-00192
PRD-02966,SKU-SYN-96189,Copper Conductors & Wiring Grade-C,Copper Conductors & Wiring,Copper,0.65,1495.34,USD,62,250,SUP-00202
PRD-02967,SKU-SYN-59547,Printed Circuit Boards Grade-D,Printed Circuit Boards,Copper,0.35,2574.53,USD,11,250,SUP-00376
PRD-02968,SKU-SYN-56783,Printed Circuit Boards Grade-E,,Copper,0.35,3043.51,USD,17,100,SUP-00572
PRD-02969,SKU-SYN-58240,Heavy Engine Castings Grade-F,Heavy Engine Castings,Steel,0.5,413.39,USD,28,250,SUP-00236
PRD-02970,SKU-SYN-49850,copper conductors & wiring grade-2970,Copper Conductors & Wiring,Copper,0.65,$2154.01,USD,-10,250,SUP-00500
PRD-02971,SKU-SYN-87243,Corrugated Packaging Grade-H,Corrugated Packaging,Packaging,0.2,282.68,USD,16,,SUP-00053
PRD-02972,SKU-SYN-55584,Industrial Resins & Plastics Grade-I,Industrial Resins & Plastics,Crude Oil / Polymers,0.7,727.74,USD,85,500,SUP-00875
PRD-02973,SKU-SYN-97811,Heavy Engine Castings Grade-J,Heavy Engine Castings,Steel,0.5,767.66,USD,31,250,SUP-00414
PRD-02974,SKU-SYN-47383,Copper Conductors & Wiring Grade-K,Copper Conductors & Wiring,Copper,0.65,1735.03,USD,78,,SUP-00158
PRD-02975,SKU-SYN-35547,Synthetic Lubricants Grade-L,Synthetic Lubricants,Crude Oil / Polymers,0.8,-660.84,USD,43,,SUP-00320
PRD-02976,sku_2976,Synthetic Lubricants Grade-M,,Crude Oil / Polymers,0.8,$2899.45,USD,48,250,SUP-00425
PRD-02977,SKU-SYN-37006,Printed Circuit Boards Grade-N,Printed Circuit Boards,Copper,0.35,859.8,USD,58,500,SUP-00910
PRD-02978,SKU-SYN-21635,Heavy Engine Castings Grade-O,Heavy Engine Castings,Steel,0.5,945.44,USD,13,100,SUP-00517
PRD-02979,SKU-SYN-11776,Printed Circuit Boards Grade-P,Printed Circuit Boards,Copper,0.35,2281.46,USD,80,500 units,SUP-00819
PRD-02980,SKU-SYN-19509,synthetic lubricants grade-2980,Synthetic Lubricants,Crude Oil / Polymers,0.8,828.85,USD,75,500 units,SUP-99999
PRD-02981,SKU-SYN-75040,Industrial Resins & Plastics Grade-R,Industrial Resins & Plastics,Crude Oil / Polymers,0.7,2015.26,USD,56,500 units,SUP-00714
PRD-02982,SKU-SYN-27273,Synthetic Lubricants Grade-S,Synthetic Lubricants,Crude Oil / Polymers,0.8,$3063.14,USD,45,250,SUP-00664
PRD-02983,SKU-SYN-44581,Copper Conductors & Wiring Grade-T,Copper Conductors & Wiring,Copper,0.65,2625.41,USD,22,250,SUP-00921
PRD-02984,SKU-SYN-55039,Industrial Resins & Plastics Grade-U,,Crude Oil / Polymers,0.7,2718.14,USD,85,250,SUP-00855
PRD-02985,SKU-SYN-92706,Heavy Engine Castings Grade-V,Heavy Engine Castings,Steel,0.5,2699.81,USD,75,,SUP-00234
PRD-02986,SKU-SYN-50641,Copper Conductors & Wiring Grade-W,Copper Conductors & Wiring,Copper,0.65,1983.49,USD,24,100,SUP-00624
PRD-02987,SKU-SYN-91783,Copper Conductors & Wiring Grade-X,Copper Conductors & Wiring,Copper,0.65,38.57,USD,28,100,SUP-00938
PRD-02988,sku_2988,Heavy Engine Castings Grade-Y,Heavy Engine Castings,Steel,0.5,$907.36,USD,-10,,SUP-00874
PRD-02989,SKU-SYN-62087,Copper Conductors & Wiring Grade-Z,Copper Conductors & Wiring,Copper,0.65,2866.58,USD,55,,SUP-00951
PRD-02990,SKU-SYN-46671,industrial resins & plastics grade-2990,Industrial Resins & Plastics,Crude Oil / Polymers,0.7,3036.13,USD,29,,SUP-00785
PRD-02991,SKU-SYN-53027,Heavy Engine Castings Grade-B,Heavy Engine Castings,Steel,0.5,1221.34,USD,71,500,SUP-00933
PRD-02992,SKU-SYN-99975,Synthetic Lubricants Grade-C,,Crude Oil / Polymers,0.8,2850.34,USD,82,500 units,SUP-00956
PRD-02993,SKU-SYN-28504,Heavy Engine Castings Grade-D,Heavy Engine Castings,Steel,0.5,3104.15,USD,41,500 units,SUP-00734
PRD-02994,SKU-SYN-22705,Industrial Resins & Plastics Grade-E,Industrial Resins & Plastics,Crude Oil / Polymers,0.7,$3155.98,USD,88,,SUP-00525
PRD-02995,SKU-SYN-90219,Synthetic Lubricants Grade-F,Synthetic Lubricants,Crude Oil / Polymers,0.8,3152.21,USD,65,500,SUP-00720
PRD-02996,SKU-SYN-26130,Heavy Engine Castings Grade-G,Heavy Engine Castings,Steel,0.5,593.43,USD,69,,SUP-00778
PRD-02997,SKU-SYN-79323,Heavy Engine Castings Grade-H,Heavy Engine Castings,Steel,0.5,2218.86,USD,21,100,SUP-00126
PRD-02998,SKU-SYN-31717,Copper Conductors & Wiring Grade-I,Copper Conductors & Wiring,Copper,0.65,2038.84,USD,18,500,SUP-00859
PRD-02999,SKU-SYN-93023,Printed Circuit Boards Grade-J,Printed Circuit Boards,Copper,0.35,909.92,USD,71,500 units,SUP-00528
prd_3000,sku_3000,heavy engine castings grade-3000,,Steel,0.5,$283.2,USD,5,250,SUP-99999
PRD-03001,SKU-SYN-49487,Industrial Resins & Plastics Grade-L,Industrial Resins & Plastics,Crude Oil / Polymers,0.7,1462.66,USD,72,500,SUP-00985
PRD-03002,SKU-SYN-22861,Industrial Resins & Plastics Grade-M,Industrial Resins & Plastics,Crude Oil / Polymers,0.7,2024.45,USD,17,,SUP-00233
PRD-03003,SKU-SYN-27143,Heavy Engine Castings Grade-N,Heavy Engine Castings,Steel,0.5,2667.34,USD,12,500 units,SUP-00632
PRD-03004,SKU-SYN-57418,Heavy Engine Castings Grade-O,Heavy Engine Castings,Steel,0.5,373.33,USD,38,100,SUP-00182
PRD-03005,SKU-SYN-69202,Corrugated Packaging Grade-P,Corrugated Packaging,Packaging,0.2,494.97,USD,70,500 units,SUP-00157
PRD-03006,SKU-SYN-23707,Industrial Resins & Plastics Grade-Q,Industrial Resins & Plastics,Crude Oil / Polymers,0.7,$268.03,USD,-10,250,SUP-00042
PRD-03007,SKU-SYN-46258,Synthetic Lubricants Grade-R,Synthetic Lubricants,Crude Oil / Polymers,0.8,722.36,USD,58,500 units,SUP-00396
PRD-03008,SKU-SYN-78662,Copper Conductors & Wiring Grade-S,,Copper,0.65,2880.19,USD,12,500,SUP-00767
PRD-03009,SKU-SYN-36588,Synthetic Lubricants Grade-T,Synthetic Lubricants,Crude Oil / Polymers,0.8,1348.74,USD,22,500,SUP-00261
PRD-03010,SKU-SYN-92291,corrugated packaging grade-3010,Corrugated Packaging,Packaging,0.2,208.31,USD,39,500 units,SUP-00350
PRD-03011,SKU-SYN-91078,Printed Circuit Boards Grade-V,Printed Circuit Boards,Copper,0.35,3134.41,USD,22,250,SUP-00347
PRD-03012,sku_3012,Printed Circuit Boards Grade-W,Printed Circuit Boards,Copper,0.35,$1452.71,USD,11,,SUP-00799
PRD-03013,SKU-SYN-95368,Synthetic Lubricants Grade-X,Synthetic Lubricants,Crude Oil / Polymers,0.8,1664.15,USD,69,500 units,SUP-00462
PRD-03014,SKU-SYN-46234,Heavy Engine Castings Grade-Y,Heavy Engine Castings,Steel,0.5,856.65,USD,90,250,SUP-00164
PRD-03015,SKU-SYN-17175,Industrial Resins & Plastics Grade-Z,Industrial Resins & Plastics,Crude Oil / Polymers,0.7,308.97,USD,24,250,SUP-00877
PRD-03016,SKU-SYN-85502,Industrial Resins & Plastics Grade-A,,Crude Oil / Polymers,0.7,467.12,USD,38,500,SUP-00322
PRD-03017,SKU-SYN-88793,Heavy Engine Castings Grade-B,Heavy Engine Castings,Steel,0.5,1353.27,USD,22,250,SUP-00345
PRD-03018,SKU-SYN-61442,Corrugated Packaging Grade-C,Corrugated Packaging,Packaging,0.2,$2595.34,USD,48,100,SUP-00965
PRD-03019,SKU-SYN-17223,Corrugated Packaging Grade-D,Corrugated Packaging,Packaging,0.2,2645.65,USD,74,500 units,SUP-00761
PRD-03020,SKU-SYN-55199,copper conductors & wiring grade-3020,Copper Conductors & Wiring,Copper,0.65,2591.3,USD,6,500,SUP-99999
PRD-03021,SKU-SYN-31991,Synthetic Lubricants Grade-F,Synthetic Lubricants,Crude Oil / Polymers,0.8,526.39,USD,58,500 units,SUP-00232
PRD-03022,SKU-SYN-49774,Heavy Engine Castings Grade-G,Heavy Engine Castings,Steel,0.5,2086.47,USD,82,500,SUP-00370
PRD-03023,SKU-SYN-77503,Printed Circuit Boards Grade-H,Printed Circuit Boards,Copper,0.35,2607.6,USD,58,250,SUP-00428
PRD-03024,sku_3024,Copper Conductors & Wiring Grade-I,,Copper,0.65,$2894.58,USD,-10,,SUP-00519
PRD-03025,SKU-SYN-77059,Heavy Engine Castings Grade-J,Heavy Engine Castings,Steel,0.5,-968.15,USD,61,500,SUP-00962
PRD-03026,SKU-SYN-19835,Printed Circuit Boards Grade-K,Printed Circuit Boards,Copper,0.35,671.76,USD,25,500 units,SUP-00558
PRD-03027,SKU-SYN-40546,Copper Conductors & Wiring Grade-L,Copper Conductors & Wiring,Copper,0.65,823.87,USD,14,500 units,SUP-00414
PRD-03028,SKU-SYN-19592,Printed Circuit Boards Grade-M,Printed Circuit Boards,Copper,0.35,1771.96,USD,31,500 units,SUP-00988
PRD-03029,SKU-SYN-42205,Copper Conductors & Wiring Grade-N,Copper Conductors & Wiring,Copper,0.65,57.03,USD,47,100,SUP-00055
PRD-03030,SKU-SYN-49589,corrugated packaging grade-3030,Corrugated Packaging,Packaging,0.2,$1439.76,USD,31,100,SUP-00891
PRD-03031,SKU-SYN-74089,Copper Conductors & Wiring Grade-P,Copper Conductors & Wiring,Copper,0.65,13.44,USD,37,100,SUP-00678
PRD-03032,SKU-SYN-85275,Corrugated Packaging Grade-Q,,Packaging,0.2,359.8,USD,16,,SUP-00439
PRD-03033,SKU-SYN-80069,Synthetic Lubricants Grade-R,Synthetic Lubricants,Crude Oil / Polymers,0.8,254.2,USD,32,100,SUP-00629
PRD-03034,SKU-SYN-81972,Printed Circuit Boards Grade-S,Printed Circuit Boards,Copper,0.35,1354.32,USD,58,500,SUP-00415
PRD-03035,SKU-SYN-45981,Printed Circuit Boards Grade-T,Printed Circuit Boards,Copper,0.35,2680.82,USD,22,,SUP-00331
PRD-03036,sku_3036,Industrial Resins & Plastics Grade-U,Industrial Resins & Plastics,Crude Oil / Polymers,0.7,$2462.75,USD,36,100,SUP-00292
PRD-03037,SKU-SYN-56840,Corrugated Packaging Grade-V,Corrugated Packaging,Packaging,0.2,84.02,USD,14,500,SUP-00432
PRD-03038,SKU-SYN-71468,Copper Conductors & Wiring Grade-W,Copper Conductors & Wiring,Copper,0.65,2837.88,USD,38,250,SUP-00560
PRD-03039,SKU-SYN-42739,Corrugated Packaging Grade-X,Corrugated Packaging,Packaging,0.2,2450.11,USD,61,,SUP-00263
PRD-03040,SKU-SYN-33584,copper conductors & wiring grade-3040,,Copper,0.65,152.36,USD,60,500 units,SUP-99999
PRD-03041,SKU-SYN-30220,Corrugated Packaging Grade-Z,Corrugated Packaging,Packaging,0.2,2375.3,USD,11,500,SUP-00623
PRD-03042,SKU-SYN-48419,Synthetic Lubricants Grade-A,Synthetic Lubricants,Crude Oil / Polymers,0.8,$437.1,USD,-10,250,SUP-00307
PRD-03043,SKU-SYN-34974,Industrial Resins & Plastics Grade-B,Industrial Resins & Plastics,Crude Oil / Polymers,0.7,339.84,USD,20,500,SUP-00687
PRD-03044,SKU-SYN-52530,Industrial Resins & Plastics Grade-C,Industrial Resins & Plastics,Crude Oil / Polymers,0.7,2368.12,USD,10,100,SUP-00478
PRD-03045,SKU-SYN-52819,Synthetic Lubricants Grade-D,Synthetic Lubricants,Crude Oil / Polymers,0.8,2440.94,USD,41,250,SUP-00657
PRD-03046,SKU-SYN-57939,Corrugated Packaging Grade-E,Corrugated Packaging,Packaging,0.2,1767.22,USD,12,500 units,SUP-00561
PRD-03047,SKU-SYN-67655,Printed Circuit Boards Grade-F,Printed Circuit Boards,Copper,0.35,925.73,USD,28,250,SUP-00054
PRD-03048,sku_3048,Copper Conductors & Wiring Grade-G,,Copper,0.65,$2794.52,USD,23,100,SUP-00529
PRD-03049,SKU-SYN-53360,Printed Circuit Boards Grade-H,Printed Circuit Boards,Copper,0.35,26.19,USD,44,,SUP-00479
PRD-03050,SKU-SYN-88727,heavy engine castings grade-3050,Heavy Engine Castings,Steel,0.5,-2642.27,USD,40,,SUP-00903
PRD-03051,SKU-SYN-65938,Synthetic Lubricants Grade-J,Synthetic Lubricants,Crude Oil / Polymers,0.8,1450.92,USD,22,250,SUP-00741
PRD-03052,SKU-SYN-87680,Printed Circuit Boards Grade-K,Printed Circuit Boards,Copper,0.35,1090.15,USD,46,250,SUP-00284
PRD-03053,SKU-SYN-91801,Corrugated Packaging Grade-L,Corrugated Packaging,Packaging,0.2,2996.89,USD,54,250,SUP-00982
PRD-03054,SKU-SYN-40434,Printed Circuit Boards Grade-M,Printed Circuit Boards,Copper,0.35,$1715.03,USD,61,,SUP-00727
PRD-03055,SKU-SYN-53402,Corrugated Packaging Grade-N,Corrugated Packaging,Packaging,0.2,1131.36,USD,11,100,SUP-00227
PRD-03056,SKU-SYN-93875,Copper Conductors & Wiring Grade-O,,Copper,0.65,382.34,USD,49,,SUP-00643
PRD-03057,SKU-SYN-57516,Copper Conductors & Wiring Grade-P,Copper Conductors & Wiring,Copper,0.65,2414.69,USD,15,,SUP-00177
PRD-03058,SKU-SYN-51797,Corrugated Packaging Grade-Q,Corrugated Packaging,Packaging,0.2,2022.05,USD,64,,SUP-00188
PRD-03059,SKU-SYN-19450,Printed Circuit Boards Grade-R,Printed Circuit Boards,Copper,0.35,984.65,USD,20,250,SUP-00800
PRD-03060,sku_3060,printed circuit boards grade-3060,Printed Circuit Boards,Copper,0.35,$348.74,USD,-10,250,SUP-99999
PRD-03061,SKU-SYN-80746,Heavy Engine Castings Grade-T,Heavy Engine Castings,Steel,0.5,2701.73,USD,59,,SUP-00220
PRD-03062,SKU-SYN-85391,Industrial Resins & Plastics Grade-U,Industrial Resins & Plastics,Crude Oil / Polymers,0.7,2409.97,USD,81,250,SUP-00097
PRD-03063,SKU-SYN-79984,Copper Conductors & Wiring Grade-V,Copper Conductors & Wiring,Copper,0.65,86.21,USD,26,500,SUP-00622
PRD-03064,SKU-SYN-70777,Industrial Resins & Plastics Grade-W,,Crude Oil / Polymers,0.7,580.13,USD,70,100,SUP-00508
PRD-03065,SKU-SYN-81864,Copper Conductors & Wiring Grade-X,Copper Conductors & Wiring,Copper,0.65,1378.92,USD,25,250,SUP-00594
PRD-03066,SKU-SYN-74604,Industrial Resins & Plastics Grade-Y,Industrial Resins & Plastics,Crude Oil / Polymers,0.7,$227.73,USD,29,100,SUP-00065
PRD-03067,SKU-SYN-36688,Corrugated Packaging Grade-Z,Corrugated Packaging,Packaging,0.2,1212.83,USD,38,,SUP-00299
PRD-03068,SKU-SYN-65470,Printed Circuit Boards Grade-A,Printed Circuit Boards,Copper,0.35,1618.36,USD,57,100,SUP-00148
PRD-03069,SKU-SYN-87697,Synthetic Lubricants Grade-B,Synthetic Lubricants,Crude Oil / Polymers,0.8,1770.39,USD,30,250,SUP-00982
PRD-03070,SKU-SYN-67332,industrial resins & plastics grade-3070,Industrial Resins & Plastics,Crude Oil / Polymers,0.7,2140.1,USD,49,100,SUP-00445
PRD-03071,SKU-SYN-19510,Copper Conductors & Wiring Grade-D,Copper Conductors & Wiring,Copper,0.65,1588.48,USD,52,500,SUP-00059
PRD-03072,sku_3072,Corrugated Packaging Grade-E,,Packaging,0.2,$358.7,USD,58,,SUP-00001
PRD-03073,SKU-SYN-20987,Synthetic Lubricants Grade-F,Synthetic Lubricants,Crude Oil / Polymers,0.8,579.83,USD,53,100,SUP-00515
PRD-03074,SKU-SYN-57672,Copper Conductors & Wiring Grade-G,Copper Conductors & Wiring,Copper,0.65,819.48,USD,5,100,SUP-00805
PRD-03075,SKU-SYN-32107,Printed Circuit Boards Grade-H,Printed Circuit Boards,Copper,0.35,-2695.34,USD,76,250,SUP-00100
PRD-03076,SKU-SYN-53595,Heavy Engine Castings Grade-I,Heavy Engine Castings,Steel,0.5,513.93,USD,55,,SUP-00278
PRD-03077,SKU-SYN-63123,Synthetic Lubricants Grade-J,Synthetic Lubricants,Crude Oil / Polymers,0.8,2650.09,USD,87,,SUP-00926
PRD-03078,SKU-SYN-38858,Printed Circuit Boards Grade-K,Printed Circuit Boards,Copper,0.35,$2064.79,USD,-10,250,SUP-00824
PRD-03079,SKU-SYN-35391,Synthetic Lubricants Grade-L,Synthetic Lubricants,Crude Oil / Polymers,0.8,2944.67,USD,28,500,SUP-00689
PRD-03080,SKU-SYN-14524,synthetic lubricants grade-3080,,Crude Oil / Polymers,0.8,2460.31,USD,59,,SUP-99999
PRD-03081,SKU-SYN-94680,Printed Circuit Boards Grade-N,Printed Circuit Boards,Copper,0.35,1107.69,USD,59,100,SUP-00227
PRD-03082,SKU-SYN-26906,Printed Circuit Boards Grade-O,Printed Circuit Boards,Copper,0.35,2588.08,USD,34,500 units,SUP-00548
PRD-03083,SKU-SYN-90176,Heavy Engine Castings Grade-P,Heavy Engine Castings,Steel,0.5,2404.92,USD,85,500 units,SUP-00704
PRD-03084,sku_3084,Printed Circuit Boards Grade-Q,Printed Circuit Boards,Copper,0.35,$1347.94,USD,10,100,SUP-00390
PRD-03085,SKU-SYN-78927,Printed Circuit Boards Grade-R,Printed Circuit Boards,Copper,0.35,2100.24,USD,62,500 units,SUP-00383
PRD-03086,SKU-SYN-82492,Heavy Engine Castings Grade-S,Heavy Engine Castings,Steel,0.5,2436.58,USD,23,100,SUP-00071
PRD-03087,SKU-SYN-17949,Copper Conductors & Wiring Grade-T,Copper Conductors & Wiring,Copper,0.65,431.72,USD,41,,SUP-00238
PRD-03088,SKU-SYN-64337,Copper Conductors & Wiring Grade-U,,Copper,0.65,1025.76,USD,31,500,SUP-00284
PRD-03089,SKU-SYN-22347,Copper Conductors & Wiring Grade-V,Copper Conductors & Wiring,Copper,0.65,40.32,USD,39,100,SUP-00383
PRD-03090,SKU-SYN-37337,corrugated packaging grade-3090,Corrugated Packaging,Packaging,0.2,$652.34,USD,87,100,SUP-00433
PRD-03091,SKU-SYN-55707,Printed Circuit Boards Grade-X,Printed Circuit Boards,Copper,0.35,1806.86,USD,28,,SUP-00505
PRD-03092,SKU-SYN-60917,Corrugated Packaging Grade-Y,Corrugated Packaging,Packaging,0.2,2372.61,USD,25,100,SUP-00703
PRD-03093,SKU-SYN-55476,Corrugated Packaging Grade-Z,Corrugated Packaging,Packaging,0.2,1328.41,USD,63,500,SUP-00971
PRD-03094,SKU-SYN-32700,Printed Circuit Boards Grade-A,Printed Circuit Boards,Copper,0.35,734.47,USD,83,500 units,SUP-00291
PRD-03095,SKU-SYN-25665,Corrugated Packaging Grade-B,Corrugated Packaging,Packaging,0.2,1457.41,USD,76,250,SUP-00619
PRD-03096,sku_3096,Copper Conductors & Wiring Grade-C,,Copper,0.65,$1492.23,USD,-10,250,SUP-00671
PRD-03097,SKU-SYN-30211,Printed Circuit Boards Grade-D,Printed Circuit Boards,Copper,0.35,1271.58,USD,83,100,SUP-00508
PRD-03098,SKU-SYN-89733,Copper Conductors & Wiring Grade-E,Copper Conductors & Wiring,Copper,0.65,2161.16,USD,21,250,SUP-00927
PRD-03099,SKU-SYN-76495,Heavy Engine Castings Grade-F,Heavy Engine Castings,Steel,0.5,1949.63,USD,80,250,SUP-00144
PRD-03100,SKU-SYN-70011,industrial resins & plastics grade-3100,Industrial Resins & Plastics,Crude Oil / Polymers,0.7,-64.1,USD,84,100,SUP-99999
PRD-03101,SKU-SYN-19690,Printed Circuit Boards Grade-H,Printed Circuit Boards,Copper,0.35,1542.39,USD,6,500,SUP-00867
PRD-03102,SKU-SYN-53923,Industrial Resins & Plastics Grade-I,Industrial Resins & Plastics,Crude Oil / Polymers,0.7,$1589.21,USD,31,500,SUP-00083
PRD-03103,SKU-SYN-46549,Industrial Resins & Plastics Grade-J,Industrial Resins & Plastics,Crude Oil / Polymers,0.7,1004.91,USD,64,100,SUP-00907
PRD-03104,SKU-SYN-10673,Copper Conductors & Wiring Grade-K,,Copper,0.65,1485.01,USD,13,500 units,SUP-00303
PRD-03105,SKU-SYN-58644,Printed Circuit Boards Grade-L,Printed Circuit Boards,Copper,0.35,2800.59,USD,13,,SUP-00320
PRD-03106,SKU-SYN-55605,Printed Circuit Boards Grade-M,Printed Circuit Boards,Copper,0.35,2056.71,USD,67,500 units,SUP-00960
PRD-03107,SKU-SYN-79289,Heavy Engine Castings Grade-N,Heavy Engine Castings,Steel,0.5,2164.9,USD,23,500 units,SUP-00160
PRD-03108,sku_3108,Industrial Resins & Plastics Grade-O,Industrial Resins & Plastics,Crude Oil / Polymers,0.7,$2001.28,USD,40,500,SUP-00654
PRD-03109,SKU-SYN-62149,Corrugated Packaging Grade-P,Corrugated Packaging,Packaging,0.2,1818.71,USD,10,500,SUP-00910
PRD-03110,SKU-SYN-52951,industrial resins & plastics grade-3110,Industrial Resins & Plastics,Crude Oil / Polymers,0.7,2284.74,USD,27,,SUP-00005
PRD-03111,SKU-SYN-96748,Corrugated Packaging Grade-R,Corrugated Packaging,Packaging,0.2,2778.86,USD,19,500 units,SUP-00166
PRD-03112,SKU-SYN-41808,Industrial Resins & Plastics Grade-S,,Crude Oil / Polymers,0.7,2351.2,USD,35,250,SUP-00690
PRD-03113,SKU-SYN-10436,Synthetic Lubricants Grade-T,Synthetic Lubricants,Crude Oil / Polymers,0.8,1074.6,USD,23,100,SUP-00748
PRD-03114,SKU-SYN-98782,Heavy Engine Castings Grade-U,Heavy Engine Castings,Steel,0.5,$2616.71,USD,-10,,SUP-00115
PRD-03115,SKU-SYN-11653,Heavy Engine Castings Grade-V,Heavy Engine Castings,Steel,0.5,986.0,USD,85,250,SUP-00962
PRD-03116,SKU-SYN-32206,Heavy Engine Castings Grade-W,Heavy Engine Castings,Steel,0.5,2975.6,USD,62,,SUP-00911
PRD-03117,SKU-SYN-25592,Printed Circuit Boards Grade-X,Printed Circuit Boards,Copper,0.35,1389.3,USD,52,500 units,SUP-00078
PRD-03118,SKU-SYN-58777,Copper Conductors & Wiring Grade-Y,Copper Conductors & Wiring,Copper,0.65,2068.09,USD,14,500,SUP-00404
PRD-03119,SKU-SYN-74656,Heavy Engine Castings Grade-Z,Heavy Engine Castings,Steel,0.5,625.64,USD,68,500 units,SUP-00307
PRD-03120,sku_3120,heavy engine castings grade-3120,,Steel,0.5,$1547.49,USD,48,500 units,SUP-99999
PRD-03121,SKU-SYN-12787,Heavy Engine Castings Grade-B,Heavy Engine Castings,Steel,0.5,2992.4,USD,68,100,SUP-00982
PRD-03122,SKU-SYN-49379,Printed Circuit Boards Grade-C,Printed Circuit Boards,Copper,0.35,2726.16,USD,21,250,SUP-00508
PRD-03123,SKU-SYN-43613,Industrial Resins & Plastics Grade-D,Industrial Resins & Plastics,Crude Oil / Polymers,0.7,1762.95,USD,62,500,SUP-00170
PRD-03124,SKU-SYN-79702,Industrial Resins & Plastics Grade-E,Industrial Resins & Plastics,Crude Oil / Polymers,0.7,1399.3,USD,12,500 units,SUP-00514
PRD-03125,SKU-SYN-69167,Copper Conductors & Wiring Grade-F,Copper Conductors & Wiring,Copper,0.65,-1816.99,USD,65,250,SUP-00987
PRD-03126,SKU-SYN-42482,Industrial Resins & Plastics Grade-G,Industrial Resins & Plastics,Crude Oil / Polymers,0.7,$3068.22,USD,73,,SUP-00122
PRD-03127,SKU-SYN-56149,Copper Conductors & Wiring Grade-H,Copper Conductors & Wiring,Copper,0.65,2754.89,USD,74,100,SUP-00602
PRD-03128,SKU-SYN-65812,Heavy Engine Castings Grade-I,,Steel,0.5,2482.5,USD,89,500,SUP-00572
PRD-03129,SKU-SYN-12675,Copper Conductors & Wiring Grade-J,Copper Conductors & Wiring,Copper,0.65,627.19,USD,73,,SUP-00902
PRD-03130,SKU-SYN-25821,copper conductors & wiring grade-3130,Copper Conductors & Wiring,Copper,0.65,1734.37,USD,65,500,SUP-00625
PRD-03131,SKU-SYN-42352,Corrugated Packaging Grade-L,Corrugated Packaging,Packaging,0.2,2156.88,USD,23,100,SUP-00743
PRD-03132,sku_3132,Corrugated Packaging Grade-M,Corrugated Packaging,Packaging,0.2,$2512.04,USD,-10,500,SUP-00916
PRD-03133,SKU-SYN-54908,Heavy Engine Castings Grade-N,Heavy Engine Castings,Steel,0.5,1491.09,USD,67,100,SUP-00048
PRD-03134,SKU-SYN-57060,Industrial Resins & Plastics Grade-O,Industrial Resins & Plastics,Crude Oil / Polymers,0.7,244.45,USD,69,500,SUP-00003
PRD-03135,SKU-SYN-88059,Copper Conductors & Wiring Grade-P,Copper Conductors & Wiring,Copper,0.65,1191.98,USD,56,500 units,SUP-00696
PRD-03136,SKU-SYN-78205,Industrial Resins & Plastics Grade-Q,,Crude Oil / Polymers,0.7,2890.74,USD,89,500 units,SUP-00007
PRD-03137,SKU-SYN-35776,Corrugated Packaging Grade-R,Corrugated Packaging,Packaging,0.2,1954.37,USD,71,500,SUP-00756
PRD-03138,SKU-SYN-17701,Corrugated Packaging Grade-S,Corrugated Packaging,Packaging,0.2,$2691.94,USD,12,500,SUP-00963
PRD-03139,SKU-SYN-94636,Synthetic Lubricants Grade-T,Synthetic Lubricants,Crude Oil / Polymers,0.8,180.45,USD,17,100,SUP-00494
PRD-03140,SKU-SYN-70236,printed circuit boards grade-3140,Printed Circuit Boards,Copper,0.35,383.08,USD,58,250,SUP-99999
PRD-03141,SKU-SYN-46097,Industrial Resins & Plastics Grade-V,Industrial Resins & Plastics,Crude Oil / Polymers,0.7,1302.22,USD,69,500,SUP-00639
PRD-03142,SKU-SYN-75380,Industrial Resins & Plastics Grade-W,Industrial Resins & Plastics,Crude Oil / Polymers,0.7,2077.55,USD,47,500 units,SUP-00182
PRD-03143,SKU-SYN-54202,Synthetic Lubricants Grade-X,Synthetic Lubricants,Crude Oil / Polymers,0.8,2995.66,USD,71,250,SUP-00856
PRD-03144,sku_3144,Copper Conductors & Wiring Grade-Y,,Copper,0.65,$1553.81,USD,36,500,SUP-00548
PRD-03145,SKU-SYN-87492,Printed Circuit Boards Grade-Z,Printed Circuit Boards,Copper,0.35,2546.63,USD,16,500,SUP-00501
PRD-03146,SKU-SYN-87686,Industrial Resins & Plastics Grade-A,Industrial Resins & Plastics,Crude Oil / Polymers,0.7,1354.23,USD,16,100,SUP-00081
PRD-03147,SKU-SYN-15149,Copper Conductors & Wiring Grade-B,Copper Conductors & Wiring,Copper,0.65,2670.38,USD,43,250,SUP-00276
PRD-03148,SKU-SYN-28305,Synthetic Lubricants Grade-C,Synthetic Lubricants,Crude Oil / Polymers,0.8,3127.71,USD,86,,SUP-00127
PRD-03149,SKU-SYN-58106,Copper Conductors & Wiring Grade-D,Copper Conductors & Wiring,Copper,0.65,2119.77,USD,15,,SUP-00497
PRD-03150,SKU-SYN-47292,industrial resins & plastics grade-3150,Industrial Resins & Plastics,Crude Oil / Polymers,0.7,$1022.78,USD,-10,100,SUP-00265
PRD-03151,SKU-SYN-66291,Synthetic Lubricants Grade-F,Synthetic Lubricants,Crude Oil / Polymers,0.8,917.38,USD,7,,SUP-00035
PRD-03152,SKU-SYN-11508,Corrugated Packaging Grade-G,,Packaging,0.2,2864.38,USD,21,,SUP-00301
PRD-03153,SKU-SYN-61154,Corrugated Packaging Grade-H,Corrugated Packaging,Packaging,0.2,2317.58,USD,34,500,SUP-00442
PRD-03154,SKU-SYN-45724,Heavy Engine Castings Grade-I,Heavy Engine Castings,Steel,0.5,2227.22,USD,18,500,SUP-00866
PRD-03155,SKU-SYN-83712,Heavy Engine Castings Grade-J,Heavy Engine Castings,Steel,0.5,985.86,USD,20,,SUP-00456
PRD-03156,sku_3156,Corrugated Packaging Grade-K,Corrugated Packaging,Packaging,0.2,$1482.02,USD,33,250,SUP-00746
PRD-03157,SKU-SYN-24872,Heavy Engine Castings Grade-L,Heavy Engine Castings,Steel,0.5,2526.56,USD,64,250,SUP-00987
PRD-03158,SKU-SYN-40295,Industrial Resins & Plastics Grade-M,Industrial Resins & Plastics,Crude Oil / Polymers,0.7,760.93,USD,62,100,SUP-00798
PRD-03159,SKU-SYN-62708,Copper Conductors & Wiring Grade-N,Copper Conductors & Wiring,Copper,0.65,1436.53,USD,79,250,SUP-00969
PRD-03160,SKU-SYN-72774,synthetic lubricants grade-3160,,Crude Oil / Polymers,0.8,2020.64,USD,25,,SUP-99999
PRD-03161,SKU-SYN-70828,Heavy Engine Castings Grade-P,Heavy Engine Castings,Steel,0.5,2975.19,USD,73,500,SUP-00270
PRD-03162,SKU-SYN-10478,Synthetic Lubricants Grade-Q,Synthetic Lubricants,Crude Oil / Polymers,0.8,$500.0,USD,87,500,SUP-00948
PRD-03163,SKU-SYN-48667,Corrugated Packaging Grade-R,Corrugated Packaging,Packaging,0.2,838.08,USD,57,500 units,SUP-00653
PRD-03164,SKU-SYN-26995,Copper Conductors & Wiring Grade-S,Copper Conductors & Wiring,Copper,0.65,2063.57,USD,81,250,SUP-00971
PRD-03165,SKU-SYN-91009,Industrial Resins & Plastics Grade-T,Industrial Resins & Plastics,Crude Oil / Polymers,0.7,2010.82,USD,78,100,SUP-00250
PRD-03166,SKU-SYN-93316,Corrugated Packaging Grade-U,Corrugated Packaging,Packaging,0.2,1562.9,USD,32,500,SUP-00548
PRD-03167,SKU-SYN-13052,Corrugated Packaging Grade-V,Corrugated Packaging,Packaging,0.2,2977.61,USD,63,,SUP-00177
PRD-03168,sku_3168,Corrugated Packaging Grade-W,,Packaging,0.2,$2271.15,USD,-10,250,SUP-00027
PRD-03169,SKU-SYN-98308,Printed Circuit Boards Grade-X,Printed Circuit Boards,Copper,0.35,658.53,USD,88,500 units,SUP-00244
PRD-03170,SKU-SYN-18675,synthetic lubricants grade-3170,Synthetic Lubricants,Crude Oil / Polymers,0.8,136.49,USD,73,500 units,SUP-00397
PRD-03171,SKU-SYN-76995,Printed Circuit Boards Grade-Z,Printed Circuit Boards,Copper,0.35,1746.24,USD,88,,SUP-00327
PRD-03172,SKU-SYN-98524,Heavy Engine Castings Grade-A,Heavy Engine Castings,Steel,0.5,996.48,USD,30,250,SUP-00012
PRD-03173,SKU-SYN-53402,Synthetic Lubricants Grade-B,Synthetic Lubricants,Crude Oil / Polymers,0.8,2376.44,USD,6,250,SUP-00965
PRD-03174,SKU-SYN-52669,Printed Circuit Boards Grade-C,Printed Circuit Boards,Copper,0.35,$864.76,USD,74,250,SUP-00525
PRD-03175,SKU-SYN-27023,Synthetic Lubricants Grade-D,Synthetic Lubricants,Crude Oil / Polymers,0.8,-337.2,USD,69,500 units,SUP-00626
PRD-03176,SKU-SYN-90764,Copper Conductors & Wiring Grade-E,,Copper,0.65,1183.12,USD,25,500,SUP-00226
PRD-03177,SKU-SYN-61181,Copper Conductors & Wiring Grade-F,Copper Conductors & Wiring,Copper,0.65,884.53,USD,80,,SUP-00791
PRD-03178,SKU-SYN-54640,Synthetic Lubricants Grade-G,Synthetic Lubricants,Crude Oil / Polymers,0.8,721.71,USD,28,500 units,SUP-00738
PRD-03179,SKU-SYN-30285,Heavy Engine Castings Grade-H,Heavy Engine Castings,Steel,0.5,1465.27,USD,39,500 units,SUP-00237
PRD-03180,sku_3180,synthetic lubricants grade-3180,Synthetic Lubricants,Crude Oil / Polymers,0.8,$2530.69,USD,79,,SUP-99999
PRD-03181,SKU-SYN-90597,Copper Conductors & Wiring Grade-J,Copper Conductors & Wiring,Copper,0.65,963.61,USD,12,500,SUP-00912
PRD-03182,SKU-SYN-38249,Corrugated Packaging Grade-K,Corrugated Packaging,Packaging,0.2,341.54,USD,60,100,SUP-00825
PRD-03183,SKU-SYN-16514,Copper Conductors & Wiring Grade-L,Copper Conductors & Wiring,Copper,0.65,1098.02,USD,7,500 units,SUP-00877
PRD-03184,SKU-SYN-94140,Heavy Engine Castings Grade-M,,Steel,0.5,901.53,USD,37,500,SUP-00393
PRD-03185,SKU-SYN-80933,Industrial Resins & Plastics Grade-N,Industrial Resins & Plastics,Crude Oil / Polymers,0.7,190.15,USD,23,500,SUP-00373
PRD-03186,SKU-SYN-19969,Corrugated Packaging Grade-O,Corrugated Packaging,Packaging,0.2,$2817.8,USD,-10,250,SUP-00007
PRD-03187,SKU-SYN-20830,Industrial Resins & Plastics Grade-P,Industrial Resins & Plastics,Crude Oil / Polymers,0.7,1688.03,USD,61,250,SUP-00603
PRD-03188,SKU-SYN-83022,Printed Circuit Boards Grade-Q,Printed Circuit Boards,Copper,0.35,1986.14,USD,23,500 units,SUP-00366
PRD-03189,SKU-SYN-93683,Synthetic Lubricants Grade-R,Synthetic Lubricants,Crude Oil / Polymers,0.8,1964.21,USD,54,,SUP-00071
PRD-03190,SKU-SYN-86067,synthetic lubricants grade-3190,Synthetic Lubricants,Crude Oil / Polymers,0.8,1850.88,USD,31,100,SUP-00779
PRD-03191,SKU-SYN-24855,Printed Circuit Boards Grade-T,Printed Circuit Boards,Copper,0.35,386.38,USD,25,500,SUP-00662
PRD-03192,sku_3192,Heavy Engine Castings Grade-U,,Steel,0.5,$2990.57,USD,49,,SUP-00867
PRD-03193,SKU-SYN-83987,Corrugated Packaging Grade-V,Corrugated Packaging,Packaging,0.2,2201.35,USD,7,500 units,SUP-00263
PRD-03194,SKU-SYN-12349,Heavy Engine Castings Grade-W,Heavy Engine Castings,Steel,0.5,1616.06,USD,64,,SUP-00337
PRD-03195,SKU-SYN-16666,Heavy Engine Castings Grade-X,Heavy Engine Castings,Steel,0.5,2283.38,USD,33,250,SUP-00177
PRD-03196,SKU-SYN-46785,Corrugated Packaging Grade-Y,Corrugated Packaging,Packaging,0.2,2227.59,USD,71,500,SUP-00919
PRD-03197,SKU-SYN-91077,Synthetic Lubricants Grade-Z,Synthetic Lubricants,Crude Oil / Polymers,0.8,1541.69,USD,53,250,SUP-00118
PRD-03198,SKU-SYN-30812,Corrugated Packaging Grade-A,Corrugated Packaging,Packaging,0.2,$402.69,USD,31,100,SUP-00826
PRD-03199,SKU-SYN-73740,Heavy Engine Castings Grade-B,Heavy Engine Castings,Steel,0.5,3027.13,USD,71,100,SUP-00470
PRD-03200,SKU-SYN-50455,printed circuit boards grade-3200,,Copper,0.35,-2132.22,USD,9,100,SUP-99999
PRD-03201,SKU-SYN-11345,Industrial Resins & Plastics Grade-D,Industrial Resins & Plastics,Crude Oil / Polymers,0.7,770.98,USD,52,500 units,SUP-00151
PRD-03202,SKU-SYN-34605,Printed Circuit Boards Grade-E,Printed Circuit Boards,Copper,0.35,2552.94,USD,13,,SUP-00752
PRD-03203,SKU-SYN-13378,Heavy Engine Castings Grade-F,Heavy Engine Castings,Steel,0.5,1840.17,USD,59,500,SUP-00222
PRD-03204,sku_3204,Synthetic Lubricants Grade-G,Synthetic Lubricants,Crude Oil / Polymers,0.8,$2355.1,USD,-10,100,SUP-00158
PRD-03205,SKU-SYN-87894,Copper Conductors & Wiring Grade-H,Copper Conductors & Wiring,Copper,0.65,2307.54,USD,70,500,SUP-00671
PRD-03206,SKU-SYN-37632,Industrial Resins & Plastics Grade-I,Industrial Resins & Plastics,Crude Oil / Polymers,0.7,1874.66,USD,76,100,SUP-00529
PRD-03207,SKU-SYN-60808,Corrugated Packaging Grade-J,Corrugated Packaging,Packaging,0.2,1219.45,USD,70,500 units,SUP-00502
PRD-03208,SKU-SYN-80381,Industrial Resins & Plastics Grade-K,,Crude Oil / Polymers,0.7,1954.51,USD,22,500,SUP-00416
PRD-03209,SKU-SYN-75581,Industrial Resins & Plastics Grade-L,Industrial Resins & Plastics,Crude Oil / Polymers,0.7,2701.94,USD,66,500 units,SUP-00121
PRD-03210,SKU-SYN-23327,industrial resins & plastics grade-3210,Industrial Resins & Plastics,Crude Oil / Polymers,0.7,$1997.16,USD,43,500,SUP-00174
PRD-03211,SKU-SYN-29941,Synthetic Lubricants Grade-N,Synthetic Lubricants,Crude Oil / Polymers,0.8,1896.38,USD,82,500 units,SUP-00761
PRD-03212,SKU-SYN-30359,Corrugated Packaging Grade-O,Corrugated Packaging,Packaging,0.2,2710.01,USD,76,250,SUP-00848
PRD-03213,SKU-SYN-35125,Printed Circuit Boards Grade-P,Printed Circuit Boards,Copper,0.35,2304.28,USD,75,100,SUP-00337
PRD-03214,SKU-SYN-36024,Synthetic Lubricants Grade-Q,Synthetic Lubricants,Crude Oil / Polymers,0.8,1302.8,USD,53,250,SUP-00467
PRD-03215,SKU-SYN-33415,Synthetic Lubricants Grade-R,Synthetic Lubricants,Crude Oil / Polymers,0.8,1013.82,USD,65,500,SUP-00308
PRD-03216,sku_3216,Synthetic Lubricants Grade-S,,Crude Oil / Polymers,0.8,$2315.73,USD,11,100,SUP-00124
PRD-03217,SKU-SYN-19517,Synthetic Lubricants Grade-T,Synthetic Lubricants,Crude Oil / Polymers,0.8,2841.74,USD,54,500 units,SUP-00325
PRD-03218,SKU-SYN-52097,Corrugated Packaging Grade-U,Corrugated Packaging,Packaging,0.2,362.09,USD,57,250,SUP-00490
PRD-03219,SKU-SYN-32849,Heavy Engine Castings Grade-V,Heavy Engine Castings,Steel,0.5,2387.42,USD,15,250,SUP-00955
PRD-03220,SKU-SYN-11976,printed circuit boards grade-3220,Printed Circuit Boards,Copper,0.35,343.3,USD,78,,SUP-99999
PRD-03221,SKU-SYN-33432,Heavy Engine Castings Grade-X,Heavy Engine Castings,Steel,0.5,128.73,USD,57,500,SUP-00772
PRD-03222,SKU-SYN-67827,Copper Conductors & Wiring Grade-Y,Copper Conductors & Wiring,Copper,0.65,$527.63,USD,-10,100,SUP-00404
PRD-03223,SKU-SYN-19145,Synthetic Lubricants Grade-Z,Synthetic Lubricants,Crude Oil / Polymers,0.8,522.9,USD,85,250,SUP-00155
PRD-03224,SKU-SYN-67786,Printed Circuit Boards Grade-A,,Copper,0.35,1950.5,USD,55,,SUP-00968
PRD-03225,SKU-SYN-20490,Corrugated Packaging Grade-B,Corrugated Packaging,Packaging,0.2,-1455.8,USD,57,500,SUP-00560
PRD-03226,SKU-SYN-83118,Synthetic Lubricants Grade-C,Synthetic Lubricants,Crude Oil / Polymers,0.8,2067.85,USD,15,,SUP-00488
PRD-03227,SKU-SYN-72147,Heavy Engine Castings Grade-D,Heavy Engine Castings,Steel,0.5,1124.21,USD,64,500 units,SUP-00290
PRD-03228,sku_3228,Copper Conductors & Wiring Grade-E,Copper Conductors & Wiring,Copper,0.65,$1442.39,USD,67,500,SUP-00200
PRD-03229,SKU-SYN-63780,Copper Conductors & Wiring Grade-F,Copper Conductors & Wiring,Copper,0.65,2913.89,USD,31,,SUP-00872
PRD-03230,SKU-SYN-32487,heavy engine castings grade-3230,Heavy Engine Castings,Steel,0.5,1560.1,USD,23,100,SUP-00611
PRD-03231,SKU-SYN-10505,Heavy Engine Castings Grade-H,Heavy Engine Castings,Steel,0.5,697.54,USD,89,500,SUP-00058
PRD-03232,SKU-SYN-29092,Heavy Engine Castings Grade-I,,Steel,0.5,2451.12,USD,75,500 units,SUP-00313
PRD-03233,SKU-SYN-41192,Heavy Engine Castings Grade-J,Heavy Engine Castings,Steel,0.5,416.41,USD,66,100,SUP-00072
PRD-03234,SKU-SYN-49971,Industrial Resins & Plastics Grade-K,Industrial Resins & Plastics,Crude Oil / Polymers,0.7,$651.1,USD,10,500,SUP-00064
PRD-03235,SKU-SYN-80611,Corrugated Packaging Grade-L,Corrugated Packaging,Packaging,0.2,2074.45,USD,9,500,SUP-00214
PRD-03236,SKU-SYN-96287,Synthetic Lubricants Grade-M,Synthetic Lubricants,Crude Oil / Polymers,0.8,626.86,USD,25,500,SUP-00052
PRD-03237,SKU-SYN-68201,Industrial Resins & Plastics Grade-N,Industrial Resins & Plastics,Crude Oil / Polymers,0.7,2658.14,USD,11,250,SUP-00594
PRD-03238,SKU-SYN-23666,Copper Conductors & Wiring Grade-O,Copper Conductors & Wiring,Copper,0.65,2885.73,USD,46,500,SUP-00300
PRD-03239,SKU-SYN-83511,Heavy Engine Castings Grade-P,Heavy Engine Castings,Steel,0.5,1697.22,USD,53,500 units,SUP-00602
PRD-03240,sku_3240,synthetic lubricants grade-3240,,Crude Oil / Polymers,0.8,$432.62,USD,-10,500 units,SUP-99999
PRD-03241,SKU-SYN-75780,Corrugated Packaging Grade-R,Corrugated Packaging,Packaging,0.2,2258.24,USD,18,,SUP-00093
PRD-03242,SKU-SYN-70822,Corrugated Packaging Grade-S,Corrugated Packaging,Packaging,0.2,48.19,USD,5,500 units,SUP-00289
PRD-03243,SKU-SYN-93341,Copper Conductors & Wiring Grade-T,Copper Conductors & Wiring,Copper,0.65,323.65,USD,14,500 units,SUP-00414
PRD-03244,SKU-SYN-77854,Heavy Engine Castings Grade-U,Heavy Engine Castings,Steel,0.5,747.82,USD,32,500,SUP-00489
PRD-03245,SKU-SYN-12701,Copper Conductors & Wiring Grade-V,Copper Conductors & Wiring,Copper,0.65,1196.89,USD,77,100,SUP-00714
PRD-03246,SKU-SYN-10059,Corrugated Packaging Grade-W,Corrugated Packaging,Packaging,0.2,$3062.19,USD,17,250,SUP-00540
PRD-03247,SKU-SYN-19878,Corrugated Packaging Grade-X,Corrugated Packaging,Packaging,0.2,1803.84,USD,74,100,SUP-00182
PRD-03248,SKU-SYN-94267,Heavy Engine Castings Grade-Y,,Steel,0.5,1423.76,USD,48,100,SUP-00317
PRD-03249,SKU-SYN-67249,Printed Circuit Boards Grade-Z,Printed Circuit Boards,Copper,0.35,547.04,USD,66,250,SUP-00190
PRD-03250,SKU-SYN-12340,synthetic lubricants grade-3250,Synthetic Lubricants,Crude Oil / Polymers,0.8,-3175.18,USD,79,,SUP-00936
PRD-03251,SKU-SYN-21363,Industrial Resins & Plastics Grade-B,Industrial Resins & Plastics,Crude Oil / Polymers,0.7,2482.35,USD,63,100,SUP-00267
PRD-03252,sku_3252,Synthetic Lubricants Grade-C,Synthetic Lubricants,Crude Oil / Polymers,0.8,$2276.82,USD,85,250,SUP-00873
PRD-03253,SKU-SYN-56679,Copper Conductors & Wiring Grade-D,Copper Conductors & Wiring,Copper,0.65,1146.5,USD,65,,SUP-00569
PRD-03254,SKU-SYN-36535,Synthetic Lubricants Grade-E,Synthetic Lubricants,Crude Oil / Polymers,0.8,1427.17,USD,48,100,SUP-00345
PRD-03255,SKU-SYN-79177,Corrugated Packaging Grade-F,Corrugated Packaging,Packaging,0.2,3098.19,USD,90,,SUP-00941
PRD-03256,SKU-SYN-23743,Corrugated Packaging Grade-G,,Packaging,0.2,2197.27,USD,10,100,SUP-00178
PRD-03257,SKU-SYN-70008,Heavy Engine Castings Grade-H,Heavy Engine Castings,Steel,0.5,212.11,USD,87,,SUP-00572
PRD-03258,SKU-SYN-89235,Copper Conductors & Wiring Grade-I,Copper Conductors & Wiring,Copper,0.65,$856.69,USD,-10,,SUP-00820
PRD-03259,SKU-SYN-29997,Heavy Engine Castings Grade-J,Heavy Engine Castings,Steel,0.5,1950.65,USD,55,250,SUP-00212
PRD-03260,SKU-SYN-64927,industrial resins & plastics grade-3260,Industrial Resins & Plastics,Crude Oil / Polymers,0.7,2308.61,USD,75,500 units,SUP-99999
PRD-03261,SKU-SYN-42377,Industrial Resins & Plastics Grade-L,Industrial Resins & Plastics,Crude Oil / Polymers,0.7,2492.75,USD,34,100,SUP-00880
PRD-03262,SKU-SYN-58605,Industrial Resins & Plastics Grade-M,Industrial Resins & Plastics,Crude Oil / Polymers,0.7,2094.22,USD,12,500,SUP-00006
PRD-03263,SKU-SYN-42685,Printed Circuit Boards Grade-N,Printed Circuit Boards,Copper,0.35,1343.16,USD,30,500 units,SUP-00558
PRD-03264,sku_3264,Corrugated Packaging Grade-O,,Packaging,0.2,$97.77,USD,61,,SUP-00957
PRD-03265,SKU-SYN-11259,Copper Conductors & Wiring Grade-P,Copper Conductors & Wiring,Copper,0.65,3037.36,USD,19,,SUP-00727
PRD-03266,SKU-SYN-90909,Copper Conductors & Wiring Grade-Q,Copper Conductors & Wiring,Copper,0.65,1339.12,USD,75,250,SUP-00597
PRD-03267,SKU-SYN-27040,Synthetic Lubricants Grade-R,Synthetic Lubricants,Crude Oil / Polymers,0.8,1432.86,USD,9,500 units,SUP-00839
PRD-03268,SKU-SYN-39592,Heavy Engine Castings Grade-S,Heavy Engine Castings,Steel,0.5,2258.9,USD,7,100,SUP-00201
PRD-03269,SKU-SYN-14511,Heavy Engine Castings Grade-T,Heavy Engine Castings,Steel,0.5,285.39,USD,78,250,SUP-00614
PRD-03270,SKU-SYN-47184,industrial resins & plastics grade-3270,Industrial Resins & Plastics,Crude Oil / Polymers,0.7,$1362.42,USD,13,500 units,SUP-00494
PRD-03271,SKU-SYN-41517,Synthetic Lubricants Grade-V,Synthetic Lubricants,Crude Oil / Polymers,0.8,2065.93,USD,53,500,SUP-00337
PRD-03272,SKU-SYN-54398,Printed Circuit Boards Grade-W,,Copper,0.35,2858.04,USD,44,500 units,SUP-00610
PRD-03273,SKU-SYN-12144,Heavy Engine Castings Grade-X,Heavy Engine Castings,Steel,0.5,727.91,USD,15,500,SUP-00529
PRD-03274,SKU-SYN-44034,Corrugated Packaging Grade-Y,Corrugated Packaging,Packaging,0.2,2644.79,USD,76,500,SUP-00468
PRD-03275,SKU-SYN-64687,Copper Conductors & Wiring Grade-Z,Copper Conductors & Wiring,Copper,0.65,-286.22,USD,76,500,SUP-00044
PRD-03276,sku_3276,Heavy Engine Castings Grade-A,Heavy Engine Castings,Steel,0.5,$846.35,USD,-10,250,SUP-00121
PRD-03277,SKU-SYN-90636,Synthetic Lubricants Grade-B,Synthetic Lubricants,Crude Oil / Polymers,0.8,1503.58,USD,28,,SUP-00976
PRD-03278,SKU-SYN-85615,Synthetic Lubricants Grade-C,Synthetic Lubricants,Crude Oil / Polymers,0.8,316.55,USD,89,500,SUP-00648
PRD-03279,SKU-SYN-47277,Industrial Resins & Plastics Grade-D,Industrial Resins & Plastics,Crude Oil / Polymers,0.7,2445.14,USD,72,100,SUP-00637
PRD-03280,SKU-SYN-97458,heavy engine castings grade-3280,,Steel,0.5,2327.9,USD,85,250,SUP-99999
PRD-03281,SKU-SYN-38088,Copper Conductors & Wiring Grade-F,Copper Conductors & Wiring,Copper,0.65,2929.06,USD,50,100,SUP-00226
PRD-03282,SKU-SYN-59581,Synthetic Lubricants Grade-G,Synthetic Lubricants,Crude Oil / Polymers,0.8,$536.89,USD,49,500 units,SUP-00251
PRD-03283,SKU-SYN-15282,Copper Conductors & Wiring Grade-H,Copper Conductors & Wiring,Copper,0.65,2145.22,USD,57,500,SUP-00213
PRD-03284,SKU-SYN-66381,Industrial Resins & Plastics Grade-I,Industrial Resins & Plastics,Crude Oil / Polymers,0.7,817.23,USD,24,,SUP-00611
PRD-03285,SKU-SYN-47321,Printed Circuit Boards Grade-J,Printed Circuit Boards,Copper,0.35,1142.24,USD,22,250,SUP-00259
PRD-03286,SKU-SYN-15553,Corrugated Packaging Grade-K,Corrugated Packaging,Packaging,0.2,998.17,USD,9,,SUP-00436
PRD-03287,SKU-SYN-93741,Copper Conductors & Wiring Grade-L,Copper Conductors & Wiring,Copper,0.65,940.93,USD,35,100,SUP-00571
PRD-03288,sku_3288,Corrugated Packaging Grade-M,,Packaging,0.2,$117.42,USD,42,500 units,SUP-00338
PRD-03289,SKU-SYN-19859,Copper Conductors & Wiring Grade-N,Copper Conductors & Wiring,Copper,0.65,1183.34,USD,67,,SUP-00452
PRD-03290,SKU-SYN-33660,heavy engine castings grade-3290,Heavy Engine Castings,Steel,0.5,2539.44,USD,29,500,SUP-00494
PRD-03291,SKU-SYN-11090,Industrial Resins & Plastics Grade-P,Industrial Resins & Plastics,Crude Oil / Polymers,0.7,2611.24,USD,31,100,SUP-00036
PRD-03292,SKU-SYN-80813,Heavy Engine Castings Grade-Q,Heavy Engine Castings,Steel,0.5,386.73,USD,52,500 units,SUP-00603
PRD-03293,SKU-SYN-75519,Copper Conductors & Wiring Grade-R,Copper Conductors & Wiring,Copper,0.65,1660.06,USD,69,250,SUP-00696
PRD-03294,SKU-SYN-21522,Industrial Resins & Plastics Grade-S,Industrial Resins & Plastics,Crude Oil / Polymers,0.7,$3147.89,USD,-10,,SUP-00069
PRD-03295,SKU-SYN-40598,Corrugated Packaging Grade-T,Corrugated Packaging,Packaging,0.2,1881.57,USD,10,500 units,SUP-00344
PRD-03296,SKU-SYN-15772,Corrugated Packaging Grade-U,,Packaging,0.2,1075.66,USD,32,100,SUP-00966
PRD-03297,SKU-SYN-97735,Synthetic Lubricants Grade-V,Synthetic Lubricants,Crude Oil / Polymers,0.8,2437.83,USD,30,,SUP-00416
PRD-03298,SKU-SYN-66760,Corrugated Packaging Grade-W,Corrugated Packaging,Packaging,0.2,653.96,USD,89,100,SUP-00794
PRD-03299,SKU-SYN-34635,Corrugated Packaging Grade-X,Corrugated Packaging,Packaging,0.2,2804.11,USD,30,100,SUP-00998
prd_3300,sku_3300,printed circuit boards grade-3300,Printed Circuit Boards,Copper,0.35,$918.14,USD,61,,SUP-99999
PRD-03301,SKU-SYN-39432,Synthetic Lubricants Grade-Z,Synthetic Lubricants,Crude Oil / Polymers,0.8,1071.38,USD,50,500,SUP-00479
PRD-03302,SKU-SYN-83679,Heavy Engine Castings Grade-A,Heavy Engine Castings,Steel,0.5,1506.09,USD,34,500 units,SUP-00455
PRD-03303,SKU-SYN-84382,Copper Conductors & Wiring Grade-B,Copper Conductors & Wiring,Copper,0.65,1432.54,USD,43,500,SUP-00345
PRD-03304,SKU-SYN-63085,Industrial Resins & Plastics Grade-C,,Crude Oil / Polymers,0.7,278.33,USD,71,500,SUP-00616
PRD-03305,SKU-SYN-52452,Copper Conductors & Wiring Grade-D,Copper Conductors & Wiring,Copper,0.65,137.0,USD,48,500 units,SUP-00806
PRD-03306,SKU-SYN-79905,Heavy Engine Castings Grade-E,Heavy Engine Castings,Steel,0.5,$324.56,USD,58,,SUP-00186
PRD-03307,SKU-SYN-48892,Synthetic Lubricants Grade-F,Synthetic Lubricants,Crude Oil / Polymers,0.8,2095.0,USD,62,100,SUP-00323
PRD-03308,SKU-SYN-15772,Heavy Engine Castings Grade-G,Heavy Engine Castings,Steel,0.5,1403.44,USD,10,250,SUP-00673
PRD-03309,SKU-SYN-36707,Printed Circuit Boards Grade-H,Printed Circuit Boards,Copper,0.35,2508.41,USD,70,250,SUP-00060
PRD-03310,SKU-SYN-57254,heavy engine castings grade-3310,Heavy Engine Castings,Steel,0.5,127.69,USD,59,500 units,SUP-00935
PRD-03311,SKU-SYN-25369,Printed Circuit Boards Grade-J,Printed Circuit Boards,Copper,0.35,165.94,USD,13,500,SUP-00794
PRD-03312,sku_3312,Industrial Resins & Plastics Grade-K,,Crude Oil / Polymers,0.7,$701.45,USD,-10,100,SUP-00340
PRD-03313,SKU-SYN-78584,Copper Conductors & Wiring Grade-L,Copper Conductors & Wiring,Copper,0.65,375.45,USD,52,,SUP-00226
PRD-03314,SKU-SYN-46979,Corrugated Packaging Grade-M,Corrugated Packaging,Packaging,0.2,1830.5,USD,62,500 units,SUP-00919
PRD-03315,SKU-SYN-76840,Copper Conductors & Wiring Grade-N,Copper Conductors & Wiring,Copper,0.65,624.86,USD,33,,SUP-00170
PRD-03316,SKU-SYN-24254,Corrugated Packaging Grade-O,Corrugated Packaging,Packaging,0.2,1792.78,USD,30,100,SUP-00742
PRD-03317,SKU-SYN-69814,Corrugated Packaging Grade-P,Corrugated Packaging,Packaging,0.2,2893.11,USD,55,500 units,SUP-00788
PRD-03318,SKU-SYN-23399,Industrial Resins & Plastics Grade-Q,Industrial Resins & Plastics,Crude Oil / Polymers,0.7,$132.17,USD,74,250,SUP-00847
PRD-03319,SKU-SYN-49229,Printed Circuit Boards Grade-R,Printed Circuit Boards,Copper,0.35,1761.35,USD,16,250,SUP-00753
PRD-03320,SKU-SYN-15052,copper conductors & wiring grade-3320,,Copper,0.65,2566.02,USD,22,,SUP-99999
PRD-03321,SKU-SYN-75262,Copper Conductors & Wiring Grade-T,Copper Conductors & Wiring,Copper,0.65,2990.42,USD,85,250,SUP-00007
PRD-03322,SKU-SYN-39767,Copper Conductors & Wiring Grade-U,Copper Conductors & Wiring,Copper,0.65,626.68,USD,81,500,SUP-00082
PRD-03323,SKU-SYN-66372,Heavy Engine Castings Grade-V,Heavy Engine Castings,Steel,0.5,2717.69,USD,69,500 units,SUP-00740
PRD-03324,sku_3324,Copper Conductors & Wiring Grade-W,Copper Conductors & Wiring,Copper,0.65,$309.42,USD,28,500,SUP-00291
PRD-03325,SKU-SYN-70455,Synthetic Lubricants Grade-X,Synthetic Lubricants,Crude Oil / Polymers,0.8,-1436.08,USD,15,250,SUP-00130
PRD-03326,SKU-SYN-65602,Synthetic Lubricants Grade-Y,Synthetic Lubricants,Crude Oil / Polymers,0.8,2117.4,USD,66,500 units,SUP-00128
PRD-03327,SKU-SYN-42605,Corrugated Packaging Grade-Z,Corrugated Packaging,Packaging,0.2,1765.01,USD,10,,SUP-00685
PRD-03328,SKU-SYN-81865,Corrugated Packaging Grade-A,,Packaging,0.2,2538.66,USD,55,,SUP-00561
PRD-03329,SKU-SYN-38530,Heavy Engine Castings Grade-B,Heavy Engine Castings,Steel,0.5,3079.33,USD,50,100,SUP-00750
PRD-03330,SKU-SYN-84269,industrial resins & plastics grade-3330,Industrial Resins & Plastics,Crude Oil / Polymers,0.7,$2107.59,USD,-10,500,SUP-00856
PRD-03331,SKU-SYN-28495,Copper Conductors & Wiring Grade-D,Copper Conductors & Wiring,Copper,0.65,2061.31,USD,70,500 units,SUP-00647
PRD-03332,SKU-SYN-12278,Heavy Engine Castings Grade-E,Heavy Engine Castings,Steel,0.5,1270.01,USD,41,,SUP-00662
PRD-03333,SKU-SYN-71494,Industrial Resins & Plastics Grade-F,Industrial Resins & Plastics,Crude Oil / Polymers,0.7,2101.04,USD,33,250,SUP-00653
PRD-03334,SKU-SYN-13853,Synthetic Lubricants Grade-G,Synthetic Lubricants,Crude Oil / Polymers,0.8,2872.04,USD,29,100,SUP-00286
PRD-03335,SKU-SYN-21755,Copper Conductors & Wiring Grade-H,Copper Conductors & Wiring,Copper,0.65,2779.57,USD,78,100,SUP-00494
PRD-03336,sku_3336,Heavy Engine Castings Grade-I,,Steel,0.5,$710.26,USD,29,500 units,SUP-00879
PRD-03337,SKU-SYN-15635,Synthetic Lubricants Grade-J,Synthetic Lubricants,Crude Oil / Polymers,0.8,3055.47,USD,68,500 units,SUP-00781
PRD-03338,SKU-SYN-76309,Printed Circuit Boards Grade-K,Printed Circuit Boards,Copper,0.35,2941.8,USD,9,,SUP-00232
PRD-03339,SKU-SYN-74219,Copper Conductors & Wiring Grade-L,Copper Conductors & Wiring,Copper,0.65,3179.31,USD,23,500 units,SUP-00734
PRD-03340,SKU-SYN-58835,corrugated packaging grade-3340,Corrugated Packaging,Packaging,0.2,3107.36,USD,75,500,SUP-99999
PRD-03341,SKU-SYN-16816,Industrial Resins & Plastics Grade-N,Industrial Resins & Plastics,Crude Oil / Polymers,0.7,621.08,USD,13,250,SUP-00318
PRD-03342,SKU-SYN-36672,Industrial Resins & Plastics Grade-O,Industrial Resins & Plastics,Crude Oil / Polymers,0.7,$1565.08,USD,25,500 units,SUP-00357
PRD-03343,SKU-SYN-60512,Copper Conductors & Wiring Grade-P,Copper Conductors & Wiring,Copper,0.65,2454.32,USD,89,250,SUP-00110
PRD-03344,SKU-SYN-26968,Corrugated Packaging Grade-Q,,Packaging,0.2,634.15,USD,76,,SUP-00242
PRD-03345,SKU-SYN-58644,Industrial Resins & Plastics Grade-R,Industrial Resins & Plastics,Crude Oil / Polymers,0.7,1526.18,USD,74,500 units,SUP-00926
PRD-03346,SKU-SYN-59147,Industrial Resins & Plastics Grade-S,Industrial Resins & Plastics,Crude Oil / Polymers,0.7,2294.52,USD,41,250,SUP-00256
PRD-03347,SKU-SYN-83155,Industrial Resins & Plastics Grade-T,Industrial Resins & Plastics,Crude Oil / Polymers,0.7,621.08,USD,71,500,SUP-00715
PRD-03348,sku_3348,Heavy Engine Castings Grade-U,Heavy Engine Castings,Steel,0.5,$241.93,USD,-10,250,SUP-00770
PRD-03349,SKU-SYN-96521,Copper Conductors & Wiring Grade-V,Copper Conductors & Wiring,Copper,0.65,864.51,USD,23,,SUP-00734
PRD-03350,SKU-SYN-15352,industrial resins & plastics grade-3350,Industrial Resins & Plastics,Crude Oil / Polymers,0.7,-1723.89,USD,37,250,SUP-00580
PRD-03351,SKU-SYN-26259,Corrugated Packaging Grade-X,Corrugated Packaging,Packaging,0.2,430.41,USD,29,,SUP-00506
PRD-03352,SKU-SYN-53303,Heavy Engine Castings Grade-Y,,Steel,0.5,746.89,USD,55,,SUP-00367
PRD-03353,SKU-SYN-45167,Printed Circuit Boards Grade-Z,Printed Circuit Boards,Copper,0.35,165.1,USD,54,100,SUP-00037
PRD-03354,SKU-SYN-52457,Heavy Engine Castings Grade-A,Heavy Engine Castings,Steel,0.5,$2578.81,USD,34,,SUP-00638
PRD-03355,SKU-SYN-68971,Printed Circuit Boards Grade-B,Printed Circuit Boards,Copper,0.35,505.8,USD,17,100,SUP-00609
PRD-03356,SKU-SYN-71691,Copper Conductors & Wiring Grade-C,Copper Conductors & Wiring,Copper,0.65,1770.88,USD,24,500,SUP-00043
PRD-03357,SKU-SYN-34702,Copper Conductors & Wiring Grade-D,Copper Conductors & Wiring,Copper,0.65,2105.42,USD,85,500,SUP-00854
PRD-03358,SKU-SYN-25377,Industrial Resins & Plastics Grade-E,Industrial Resins & Plastics,Crude Oil / Polymers,0.7,2538.93,USD,68,500,SUP-00812
PRD-03359,SKU-SYN-54752,Synthetic Lubricants Grade-F,Synthetic Lubricants,Crude Oil / Polymers,0.8,3184.68,USD,29,500,SUP-00608
PRD-03360,sku_3360,corrugated packaging grade-3360,,Packaging,0.2,$2152.57,USD,75,100,SUP-99999
PRD-03361,SKU-SYN-18118,Industrial Resins & Plastics Grade-H,Industrial Resins & Plastics,Crude Oil / Polymers,0.7,2817.57,USD,23,500,SUP-00498
PRD-03362,SKU-SYN-57180,Industrial Resins & Plastics Grade-I,Industrial Resins & Plastics,Crude Oil / Polymers,0.7,3145.65,USD,47,,SUP-00842
PRD-03363,SKU-SYN-16077,Synthetic Lubricants Grade-J,Synthetic Lubricants,Crude Oil / Polymers,0.8,1000.91,USD,61,500 units,SUP-00314
PRD-03364,SKU-SYN-65233,Copper Conductors & Wiring Grade-K,Copper Conductors & Wiring,Copper,0.65,887.27,USD,36,250,SUP-00616
PRD-03365,SKU-SYN-17257,Heavy Engine Castings Grade-L,Heavy Engine Castings,Steel,0.5,339.45,USD,84,,SUP-00973
PRD-03366,SKU-SYN-86724,Printed Circuit Boards Grade-M,Printed Circuit Boards,Copper,0.35,$2619.28,USD,-10,500,SUP-00995
PRD-03367,SKU-SYN-64193,Synthetic Lubricants Grade-N,Synthetic Lubricants,Crude Oil / Polymers,0.8,3085.35,USD,39,500 units,SUP-00454
PRD-03368,SKU-SYN-16161,Copper Conductors & Wiring Grade-O,,Copper,0.65,3071.77,USD,80,500 units,SUP-00357
PRD-03369,SKU-SYN-51616,Corrugated Packaging Grade-P,Corrugated Packaging,Packaging,0.2,2674.29,USD,68,500 units,SUP-00775
PRD-03370,SKU-SYN-47665,industrial resins & plastics grade-3370,Industrial Resins & Plastics,Crude Oil / Polymers,0.7,3010.65,USD,90,500,SUP-00098
PRD-03371,SKU-SYN-48599,Corrugated Packaging Grade-R,Corrugated Packaging,Packaging,0.2,98.01,USD,24,100,SUP-00772
PRD-03372,sku_3372,Printed Circuit Boards Grade-S,Printed Circuit Boards,Copper,0.35,$1522.55,USD,78,250,SUP-00023
PRD-03373,SKU-SYN-45552,Printed Circuit Boards Grade-T,Printed Circuit Boards,Copper,0.35,1918.85,USD,40,500 units,SUP-00224
PRD-03374,SKU-SYN-44751,Corrugated Packaging Grade-U,Corrugated Packaging,Packaging,0.2,1449.49,USD,5,100,SUP-00026
PRD-03375,SKU-SYN-86373,Industrial Resins & Plastics Grade-V,Industrial Resins & Plastics,Crude Oil / Polymers,0.7,-2502.86,USD,81,,SUP-00830
PRD-03376,SKU-SYN-48713,Industrial Resins & Plastics Grade-W,,Crude Oil / Polymers,0.7,536.04,USD,48,500,SUP-00223
PRD-03377,SKU-SYN-81589,Copper Conductors & Wiring Grade-X,Copper Conductors & Wiring,Copper,0.65,2863.97,USD,44,500 units,SUP-00890
PRD-03378,SKU-SYN-13220,Printed Circuit Boards Grade-Y,Printed Circuit Boards,Copper,0.35,$2114.9,USD,71,,SUP-00036
PRD-03379,SKU-SYN-99245,Printed Circuit Boards Grade-Z,Printed Circuit Boards,Copper,0.35,835.4,USD,42,500,SUP-00339
PRD-03380,SKU-SYN-44348,industrial resins & plastics grade-3380,Industrial Resins & Plastics,Crude Oil / Polymers,0.7,673.16,USD,49,100,SUP-99999
PRD-03381,SKU-SYN-71128,Heavy Engine Castings Grade-B,Heavy Engine Castings,Steel,0.5,651.06,USD,8,250,SUP-00830
PRD-03382,SKU-SYN-45639,Corrugated Packaging Grade-C,Corrugated Packaging,Packaging,0.2,241.8,USD,52,,SUP-00172
PRD-03383,SKU-SYN-70537,Corrugated Packaging Grade-D,Corrugated Packaging,Packaging,0.2,1573.95,USD,81,,SUP-00895
PRD-03384,sku_3384,Industrial Resins & Plastics Grade-E,,Crude Oil / Polymers,0.7,$201.41,USD,-10,500 units,SUP-00948
PRD-03385,SKU-SYN-20606,Industrial Resins & Plastics Grade-F,Industrial Resins & Plastics,Crude Oil / Polymers,0.7,1207.3,USD,24,500 units,SUP-00593
PRD-03386,SKU-SYN-83059,Industrial Resins & Plastics Grade-G,Industrial Resins & Plastics,Crude Oil / Polymers,0.7,367.9,USD,24,500,SUP-00095
PRD-03387,SKU-SYN-71511,Copper Conductors & Wiring Grade-H,Copper Conductors & Wiring,Copper,0.65,1592.21,USD,84,500 units,SUP-00254
PRD-03388,SKU-SYN-44654,Printed Circuit Boards Grade-I,Printed Circuit Boards,Copper,0.35,368.82,USD,76,500,SUP-00479
PRD-03389,SKU-SYN-14499,Corrugated Packaging Grade-J,Corrugated Packaging,Packaging,0.2,429.16,USD,85,,SUP-00625
PRD-03390,SKU-SYN-40356,synthetic lubricants grade-3390,Synthetic Lubricants,Crude Oil / Polymers,0.8,$684.56,USD,51,500,SUP-00308
PRD-03391,SKU-SYN-31952,Synthetic Lubricants Grade-L,Synthetic Lubricants,Crude Oil / Polymers,0.8,1895.73,USD,28,500 units,SUP-00290
PRD-03392,SKU-SYN-96167,Copper Conductors & Wiring Grade-M,,Copper,0.65,1104.04,USD,79,500,SUP-00339
PRD-03393,SKU-SYN-85278,Heavy Engine Castings Grade-N,Heavy Engine Castings,Steel,0.5,1763.72,USD,10,250,SUP-00898
PRD-03394,SKU-SYN-29597,Synthetic Lubricants Grade-O,Synthetic Lubricants,Crude Oil / Polymers,0.8,357.31,USD,20,100,SUP-00980
PRD-03395,SKU-SYN-35196,Industrial Resins & Plastics Grade-P,Industrial Resins & Plastics,Crude Oil / Polymers,0.7,1873.76,USD,23,100,SUP-00442
PRD-03396,sku_3396,Synthetic Lubricants Grade-Q,Synthetic Lubricants,Crude Oil / Polymers,0.8,$1685.04,USD,7,500,SUP-00226
PRD-03397,SKU-SYN-90352,Heavy Engine Castings Grade-R,Heavy Engine Castings,Steel,0.5,444.0,USD,29,250,SUP-00570
PRD-03398,SKU-SYN-81052,Printed Circuit Boards Grade-S,Printed Circuit Boards,Copper,0.35,3111.64,USD,42,500,SUP-00259
PRD-03399,SKU-SYN-99938,Synthetic Lubricants Grade-T,Synthetic Lubricants,Crude Oil / Polymers,0.8,1382.81,USD,8,,SUP-00853
PRD-03400,SKU-SYN-40359,printed circuit boards grade-3400,,Copper,0.35,-1720.73,USD,30,500 units,SUP-99999
PRD-03401,SKU-SYN-21312,Corrugated Packaging Grade-V,Corrugated Packaging,Packaging,0.2,736.63,USD,46,500 units,SUP-00783
PRD-03402,SKU-SYN-28292,Corrugated Packaging Grade-W,Corrugated Packaging,Packaging,0.2,$2953.1,USD,-10,500,SUP-00441
PRD-03403,SKU-SYN-59599,Printed Circuit Boards Grade-X,Printed Circuit Boards,Copper,0.35,570.57,USD,61,500,SUP-00889
PRD-03404,SKU-SYN-27449,Industrial Resins & Plastics Grade-Y,Industrial Resins & Plastics,Crude Oil / Polymers,0.7,2400.31,USD,37,250,SUP-00978
PRD-03405,SKU-SYN-51211,Synthetic Lubricants Grade-Z,Synthetic Lubricants,Crude Oil / Polymers,0.8,1899.86,USD,82,,SUP-00210
PRD-03406,SKU-SYN-65377,Heavy Engine Castings Grade-A,Heavy Engine Castings,Steel,0.5,2660.04,USD,55,250,SUP-00617
PRD-03407,SKU-SYN-47376,Synthetic Lubricants Grade-B,Synthetic Lubricants,Crude Oil / Polymers,0.8,3146.79,USD,58,250,SUP-00360
PRD-03408,sku_3408,Printed Circuit Boards Grade-C,,Copper,0.35,$415.13,USD,53,100,SUP-00737
PRD-03409,SKU-SYN-55709,Synthetic Lubricants Grade-D,Synthetic Lubricants,Crude Oil / Polymers,0.8,2049.3,USD,20,250,SUP-00558
PRD-03410,SKU-SYN-56474,printed circuit boards grade-3410,Printed Circuit Boards,Copper,0.35,1509.86,USD,90,500 units,SUP-00101
PRD-03411,SKU-SYN-89926,Synthetic Lubricants Grade-F,Synthetic Lubricants,Crude Oil / Polymers,0.8,781.0,USD,58,,SUP-00835
PRD-03412,SKU-SYN-47699,Synthetic Lubricants Grade-G,Synthetic Lubricants,Crude Oil / Polymers,0.8,2856.36,USD,26,,SUP-00045
PRD-03413,SKU-SYN-46440,Heavy Engine Castings Grade-H,Heavy Engine Castings,Steel,0.5,2322.39,USD,48,,SUP-00566
PRD-03414,SKU-SYN-69144,Copper Conductors & Wiring Grade-I,Copper Conductors & Wiring,Copper,0.65,$684.31,USD,75,500 units,SUP-00743
PRD-03415,SKU-SYN-25256,Corrugated Packaging Grade-J,Corrugated Packaging,Packaging,0.2,2630.61,USD,50,250,SUP-00601
PRD-03416,SKU-SYN-35366,Copper Conductors & Wiring Grade-K,,Copper,0.65,2243.76,USD,31,500 units,SUP-00032
PRD-03417,SKU-SYN-78803,Printed Circuit Boards Grade-L,Printed Circuit Boards,Copper,0.35,1616.5,USD,64,500 units,SUP-00601
PRD-03418,SKU-SYN-10446,Synthetic Lubricants Grade-M,Synthetic Lubricants,Crude Oil / Polymers,0.8,1204.62,USD,53,,SUP-00438
PRD-03419,SKU-SYN-15376,Heavy Engine Castings Grade-N,Heavy Engine Castings,Steel,0.5,2185.03,USD,21,,SUP-00405
PRD-03420,sku_3420,copper conductors & wiring grade-3420,Copper Conductors & Wiring,Copper,0.65,$850.63,USD,-10,500 units,SUP-99999
PRD-03421,SKU-SYN-27438,Copper Conductors & Wiring Grade-P,Copper Conductors & Wiring,Copper,0.65,1705.85,USD,67,,SUP-00442
PRD-03422,SKU-SYN-75914,Printed Circuit Boards Grade-Q,Printed Circuit Boards,Copper,0.35,1469.9,USD,88,500 units,SUP-00515
PRD-03423,SKU-SYN-41425,Heavy Engine Castings Grade-R,Heavy Engine Castings,Steel,0.5,654.88,USD,80,500,SUP-00907
PRD-03424,SKU-SYN-15022,Heavy Engine Castings Grade-S,,Steel,0.5,1817.05,USD,72,500 units,SUP-00704
PRD-03425,SKU-SYN-70557,Industrial Resins & Plastics Grade-T,Industrial Resins & Plastics,Crude Oil / Polymers,0.7,-329.73,USD,61,,SUP-00267
PRD-03426,SKU-SYN-86149,Copper Conductors & Wiring Grade-U,Copper Conductors & Wiring,Copper,0.65,$702.98,USD,56,,SUP-00568
PRD-03427,SKU-SYN-38312,Industrial Resins & Plastics Grade-V,Industrial Resins & Plastics,Crude Oil / Polymers,0.7,649.65,USD,38,,SUP-00240
PRD-03428,SKU-SYN-16047,Printed Circuit Boards Grade-W,Printed Circuit Boards,Copper,0.35,3177.94,USD,11,500 units,SUP-00108
PRD-03429,SKU-SYN-50685,Industrial Resins & Plastics Grade-X,Industrial Resins & Plastics,Crude Oil / Polymers,0.7,93.46,USD,23,250,SUP-00746
PRD-03430,SKU-SYN-35940,corrugated packaging grade-3430,Corrugated Packaging,Packaging,0.2,3140.85,USD,41,,SUP-00270
PRD-03431,SKU-SYN-34711,Synthetic Lubricants Grade-Z,Synthetic Lubricants,Crude Oil / Polymers,0.8,1189.37,USD,28,500,SUP-00150
PRD-03432,sku_3432,Heavy Engine Castings Grade-A,,Steel,0.5,$2906.26,USD,11,500,SUP-00121
PRD-03433,SKU-SYN-28777,Heavy Engine Castings Grade-B,Heavy Engine Castings,Steel,0.5,1778.6,USD,52,500 units,SUP-00525
PRD-03434,SKU-SYN-39727,Copper Conductors & Wiring Grade-C,Copper Conductors & Wiring,Copper,0.65,2429.59,USD,25,100,SUP-00288
PRD-03435,SKU-SYN-86261,Corrugated Packaging Grade-D,Corrugated Packaging,Packaging,0.2,2026.81,USD,19,500 units,SUP-00431
PRD-03436,SKU-SYN-29160,Copper Conductors & Wiring Grade-E,Copper Conductors & Wiring,Copper,0.65,1684.6,USD,74,100,SUP-00006
PRD-03437,SKU-SYN-17819,Printed Circuit Boards Grade-F,Printed Circuit Boards,Copper,0.35,442.76,USD,76,100,SUP-00638
PRD-03438,SKU-SYN-22266,Industrial Resins & Plastics Grade-G,Industrial Resins & Plastics,Crude Oil / Polymers,0.7,$2034.78,USD,-10,250,SUP-00012
PRD-03439,SKU-SYN-39627,Synthetic Lubricants Grade-H,Synthetic Lubricants,Crude Oil / Polymers,0.8,956.93,USD,44,500 units,SUP-00480
PRD-03440,SKU-SYN-50160,copper conductors & wiring grade-3440,,Copper,0.65,1880.46,USD,45,250,SUP-99999
PRD-03441,SKU-SYN-27011,Synthetic Lubricants Grade-J,Synthetic Lubricants,Crude Oil / Polymers,0.8,642.7,USD,22,100,SUP-00779
PRD-03442,SKU-SYN-54045,Synthetic Lubricants Grade-K,Synthetic Lubricants,Crude Oil / Polymers,0.8,2908.5,USD,51,,SUP-00562
PRD-03443,SKU-SYN-22095,Corrugated Packaging Grade-L,Corrugated Packaging,Packaging,0.2,2646.72,USD,27,500 units,SUP-00322
PRD-03444,sku_3444,Copper Conductors & Wiring Grade-M,Copper Conductors & Wiring,Copper,0.65,$2881.15,USD,73,500,SUP-00895
PRD-03445,SKU-SYN-28691,Heavy Engine Castings Grade-N,Heavy Engine Castings,Steel,0.5,1792.89,USD,38,250,SUP-00697
PRD-03446,SKU-SYN-72119,Heavy Engine Castings Grade-O,Heavy Engine Castings,Steel,0.5,2523.43,USD,76,500,SUP-00344
PRD-03447,SKU-SYN-65836,Industrial Resins & Plastics Grade-P,Industrial Resins & Plastics,Crude Oil / Polymers,0.7,2890.23,USD,52,,SUP-00083
PRD-03448,SKU-SYN-96570,Printed Circuit Boards Grade-Q,,Copper,0.35,2566.35,USD,82,250,SUP-00263
PRD-03449,SKU-SYN-31901,Synthetic Lubricants Grade-R,Synthetic Lubricants,Crude Oil / Polymers,0.8,867.42,USD,56,250,SUP-00540
PRD-03450,SKU-SYN-34072,industrial resins & plastics grade-3450,Industrial Resins & Plastics,Crude Oil / Polymers,0.7,$1479.5,USD,72,100,SUP-00542
PRD-03451,SKU-SYN-43732,Synthetic Lubricants Grade-T,Synthetic Lubricants,Crude Oil / Polymers,0.8,71.41,USD,79,100,SUP-00436
PRD-03452,SKU-SYN-28152,Printed Circuit Boards Grade-U,Printed Circuit Boards,Copper,0.35,477.22,USD,21,,SUP-00534
PRD-03453,SKU-SYN-59457,Corrugated Packaging Grade-V,Corrugated Packaging,Packaging,0.2,3147.01,USD,23,100,SUP-00131
PRD-03454,SKU-SYN-19016,Copper Conductors & Wiring Grade-W,Copper Conductors & Wiring,Copper,0.65,2864.33,USD,49,500 units,SUP-00926
PRD-03455,SKU-SYN-17506,Synthetic Lubricants Grade-X,Synthetic Lubricants,Crude Oil / Polymers,0.8,698.26,USD,17,250,SUP-00762
PRD-03456,sku_3456,Corrugated Packaging Grade-Y,,Packaging,0.2,$2201.41,USD,-10,500 units,SUP-00677
PRD-03457,SKU-SYN-81340,Heavy Engine Castings Grade-Z,Heavy Engine Castings,Steel,0.5,580.66,USD,33,,SUP-00840
PRD-03458,SKU-SYN-18727,Copper Conductors & Wiring Grade-A,Copper Conductors & Wiring,Copper,0.65,1776.41,USD,46,250,SUP-00374
PRD-03459,SKU-SYN-42449,Industrial Resins & Plastics Grade-B,Industrial Resins & Plastics,Crude Oil / Polymers,0.7,2192.88,USD,17,500 units,SUP-00315
PRD-03460,SKU-SYN-60167,printed circuit boards grade-3460,Printed Circuit Boards,Copper,0.35,2244.12,USD,86,500,SUP-99999
PRD-03461,SKU-SYN-50968,Heavy Engine Castings Grade-D,Heavy Engine Castings,Steel,0.5,979.76,USD,17,250,SUP-00440
PRD-03462,SKU-SYN-96230,Corrugated Packaging Grade-E,Corrugated Packaging,Packaging,0.2,$2251.68,USD,50,500,SUP-00407
PRD-03463,SKU-SYN-50298,Copper Conductors & Wiring Grade-F,Copper Conductors & Wiring,Copper,0.65,1615.96,USD,69,500,SUP-00752
PRD-03464,SKU-SYN-89669,Copper Conductors & Wiring Grade-G,,Copper,0.65,238.11,USD,57,,SUP-00552
PRD-03465,SKU-SYN-64037,Corrugated Packaging Grade-H,Corrugated Packaging,Packaging,0.2,2638.15,USD,8,500 units,SUP-00584
PRD-03466,SKU-SYN-94164,Printed Circuit Boards Grade-I,Printed Circuit Boards,Copper,0.35,2317.29,USD,51,100,SUP-00674
PRD-03467,SKU-SYN-79948,Industrial Resins & Plastics Grade-J,Industrial Resins & Plastics,Crude Oil / Polymers,0.7,1565.7,USD,17,250,SUP-00038
PRD-03468,sku_3468,Synthetic Lubricants Grade-K,Synthetic Lubricants,Crude Oil / Polymers,0.8,$346.42,USD,19,500,SUP-00660
PRD-03469,SKU-SYN-11504,Printed Circuit Boards Grade-L,Printed Circuit Boards,Copper,0.35,2697.71,USD,48,500,SUP-00458
PRD-03470,SKU-SYN-84433,printed circuit boards grade-3470,Printed Circuit Boards,Copper,0.35,1628.47,USD,76,,SUP-00402
PRD-03471,SKU-SYN-14344,Printed Circuit Boards Grade-N,Printed Circuit Boards,Copper,0.35,742.66,USD,19,500,SUP-00710
PRD-03472,SKU-SYN-11831,Copper Conductors & Wiring Grade-O,,Copper,0.65,2048.29,USD,52,,SUP-00057
PRD-03473,SKU-SYN-77405,Heavy Engine Castings Grade-P,Heavy Engine Castings,Steel,0.5,124.27,USD,77,250,SUP-00391
PRD-03474,SKU-SYN-21497,Industrial Resins & Plastics Grade-Q,Industrial Resins & Plastics,Crude Oil / Polymers,0.7,$1146.98,USD,-10,100,SUP-00792
PRD-03475,SKU-SYN-95401,Corrugated Packaging Grade-R,Corrugated Packaging,Packaging,0.2,-2802.97,USD,60,100,SUP-00661
PRD-03476,SKU-SYN-70328,Copper Conductors & Wiring Grade-S,Copper Conductors & Wiring,Copper,0.65,3085.33,USD,50,500 units,SUP-00427
PRD-03477,SKU-SYN-19878,Heavy Engine Castings Grade-T,Heavy Engine Castings,Steel,0.5,14.97,USD,58,500,SUP-00366
PRD-03478,SKU-SYN-85443,Industrial Resins & Plastics Grade-U,Industrial Resins & Plastics,Crude Oil / Polymers,0.7,765.87,USD,42,500,SUP-00932
PRD-03479,SKU-SYN-64642,Corrugated Packaging Grade-V,Corrugated Packaging,Packaging,0.2,2989.88,USD,72,,SUP-00443
PRD-03480,sku_3480,copper conductors & wiring grade-3480,,Copper,0.65,$827.53,USD,53,500 units,SUP-99999
PRD-03481,SKU-SYN-48081,Heavy Engine Castings Grade-X,Heavy Engine Castings,Steel,0.5,3179.64,USD,12,500 units,SUP-00448
PRD-03482,SKU-SYN-60492,Industrial Resins & Plastics Grade-Y,Industrial Resins & Plastics,Crude Oil / Polymers,0.7,1519.96,USD,7,,SUP-00854
PRD-03483,SKU-SYN-22415,Industrial Resins & Plastics Grade-Z,Industrial Resins & Plastics,Crude Oil / Polymers,0.7,2436.02,USD,24,,SUP-00706
PRD-03484,SKU-SYN-82675,Synthetic Lubricants Grade-A,Synthetic Lubricants,Crude Oil / Polymers,0.8,1287.54,USD,64,250,SUP-00384
PRD-03485,SKU-SYN-25475,Copper Conductors & Wiring Grade-B,Copper Conductors & Wiring,Copper,0.65,1263.39,USD,34,500,SUP-00094
PRD-03486,SKU-SYN-98077,Industrial Resins & Plastics Grade-C,Industrial Resins & Plastics,Crude Oil / Polymers,0.7,$1548.17,USD,52,500 units,SUP-00997
PRD-03487,SKU-SYN-31678,Printed Circuit Boards Grade-D,Printed Circuit Boards,Copper,0.35,1643.79,USD,74,250,SUP-00162
PRD-03488,SKU-SYN-98525,Industrial Resins & Plastics Grade-E,,Crude Oil / Polymers,0.7,928.03,USD,80,,SUP-00464
PRD-03489,SKU-SYN-54839,Printed Circuit Boards Grade-F,Printed Circuit Boards,Copper,0.35,999.56,USD,11,250,SUP-00531
PRD-03490,SKU-SYN-88658,printed circuit boards grade-3490,Printed Circuit Boards,Copper,0.35,580.76,USD,33,250,SUP-00546
PRD-03491,SKU-SYN-29317,Industrial Resins & Plastics Grade-H,Industrial Resins & Plastics,Crude Oil / Polymers,0.7,2537.17,USD,13,100,SUP-00279
PRD-03492,sku_3492,Heavy Engine Castings Grade-I,Heavy Engine Castings,Steel,0.5,$883.41,USD,-10,100,SUP-00114
PRD-03493,SKU-SYN-84095,Corrugated Packaging Grade-J,Corrugated Packaging,Packaging,0.2,1458.9,USD,64,,SUP-00344
PRD-03494,SKU-SYN-19034,Industrial Resins & Plastics Grade-K,Industrial Resins & Plastics,Crude Oil / Polymers,0.7,57.28,USD,39,500,SUP-00913
PRD-03495,SKU-SYN-64002,Printed Circuit Boards Grade-L,Printed Circuit Boards,Copper,0.35,365.33,USD,48,500,SUP-00999
PRD-03496,SKU-SYN-21954,Heavy Engine Castings Grade-M,,Steel,0.5,3132.27,USD,51,100,SUP-00064
PRD-03497,SKU-SYN-42490,Printed Circuit Boards Grade-N,Printed Circuit Boards,Copper,0.35,2515.91,USD,57,500 units,SUP-00357
PRD-03498,SKU-SYN-80379,Synthetic Lubricants Grade-O,Synthetic Lubricants,Crude Oil / Polymers,0.8,$275.09,USD,66,250,SUP-00092
PRD-03499,SKU-SYN-24173,Printed Circuit Boards Grade-P,Printed Circuit Boards,Copper,0.35,1681.81,USD,11,500,SUP-00238
PRD-03500,SKU-SYN-21846,corrugated packaging grade-3500,Corrugated Packaging,Packaging,0.2,-2656.79,USD,46,500,SUP-99999
PRD-03501,SKU-SYN-56757,Industrial Resins & Plastics Grade-R,Industrial Resins & Plastics,Crude Oil / Polymers,0.7,2928.59,USD,26,100,SUP-00427
PRD-03502,SKU-SYN-32863,Printed Circuit Boards Grade-S,Printed Circuit Boards,Copper,0.35,2714.75,USD,58,500 units,SUP-00265
PRD-03503,SKU-SYN-90269,Heavy Engine Castings Grade-T,Heavy Engine Castings,Steel,0.5,1878.71,USD,75,500,SUP-00125
PRD-03504,sku_3504,Industrial Resins & Plastics Grade-U,,Crude Oil / Polymers,0.7,$1329.32,USD,17,500,SUP-00266
PRD-03505,SKU-SYN-44842,Synthetic Lubricants Grade-V,Synthetic Lubricants,Crude Oil / Polymers,0.8,2437.86,USD,74,100,SUP-00665
PRD-03506,SKU-SYN-13626,Synthetic Lubricants Grade-W,Synthetic Lubricants,Crude Oil / Polymers,0.8,261.09,USD,45,100,SUP-00063
PRD-03507,SKU-SYN-77069,Corrugated Packaging Grade-X,Corrugated Packaging,Packaging,0.2,2279.77,USD,5,500,SUP-00552
PRD-03508,SKU-SYN-25962,Copper Conductors & Wiring Grade-Y,Copper Conductors & Wiring,Copper,0.65,2415.17,USD,87,250,SUP-00706
PRD-03509,SKU-SYN-15652,Heavy Engine Castings Grade-Z,Heavy Engine Castings,Steel,0.5,2170.64,USD,5,500,SUP-00236
PRD-03510,SKU-SYN-68204,synthetic lubricants grade-3510,Synthetic Lubricants,Crude Oil / Polymers,0.8,$862.49,USD,-10,100,SUP-00536
PRD-03511,SKU-SYN-63882,Copper Conductors & Wiring Grade-B,Copper Conductors & Wiring,Copper,0.65,154.66,USD,53,500 units,SUP-00737
PRD-03512,SKU-SYN-14810,Industrial Resins & Plastics Grade-C,,Crude Oil / Polymers,0.7,2133.85,USD,78,500 units,SUP-00018
PRD-03513,SKU-SYN-68236,Synthetic Lubricants Grade-D,Synthetic Lubricants,Crude Oil / Polymers,0.8,702.11,USD,34,100,SUP-00408
PRD-03514,SKU-SYN-96298,Copper Conductors & Wiring Grade-E,Copper Conductors & Wiring,Copper,0.65,2902.23,USD,65,250,SUP-00213
PRD-03515,SKU-SYN-83504,Synthetic Lubricants Grade-F,Synthetic Lubricants,Crude Oil / Polymers,0.8,809.43,USD,15,100,SUP-00250
PRD-03516,sku_3516,Corrugated Packaging Grade-G,Corrugated Packaging,Packaging,0.2,$1806.62,USD,65,500 units,SUP-00923
PRD-03517,SKU-SYN-88493,Copper Conductors & Wiring Grade-H,Copper Conductors & Wiring,Copper,0.65,307.63,USD,24,,SUP-00233
PRD-03518,SKU-SYN-55461,Printed Circuit Boards Grade-I,Printed Circuit Boards,Copper,0.35,1120.76,USD,42,100,SUP-00785
PRD-03519,SKU-SYN-12854,Heavy Engine Castings Grade-J,Heavy Engine Castings,Steel,0.5,1546.68,USD,33,500,SUP-00197
PRD-03520,SKU-SYN-34536,corrugated packaging grade-3520,,Packaging,0.2,427.2,USD,75,500,SUP-99999
PRD-03521,SKU-SYN-60443,Corrugated Packaging Grade-L,Corrugated Packaging,Packaging,0.2,2357.63,USD,37,,SUP-00674
PRD-03522,SKU-SYN-54260,Industrial Resins & Plastics Grade-M,Industrial Resins & Plastics,Crude Oil / Polymers,0.7,$2853.01,USD,86,250,SUP-00483
PRD-03523,SKU-SYN-73842,Copper Conductors & Wiring Grade-N,Copper Conductors & Wiring,Copper,0.65,2861.53,USD,43,100,SUP-00569
PRD-03524,SKU-SYN-82170,Printed Circuit Boards Grade-O,Printed Circuit Boards,Copper,0.35,2120.71,USD,26,500 units,SUP-00385
PRD-03525,SKU-SYN-17801,Industrial Resins & Plastics Grade-P,Industrial Resins & Plastics,Crude Oil / Polymers,0.7,-597.66,USD,62,250,SUP-00926
PRD-03526,SKU-SYN-90179,Synthetic Lubricants Grade-Q,Synthetic Lubricants,Crude Oil / Polymers,0.8,2004.66,USD,64,100,SUP-00395
PRD-03527,SKU-SYN-39853,Heavy Engine Castings Grade-R,Heavy Engine Castings,Steel,0.5,1335.8,USD,10,250,SUP-00368
PRD-03528,sku_3528,Corrugated Packaging Grade-S,,Packaging,0.2,$2566.92,USD,-10,250,SUP-00506
PRD-03529,SKU-SYN-19883,Industrial Resins & Plastics Grade-T,Industrial Resins & Plastics,Crude Oil / Polymers,0.7,2859.34,USD,17,500,SUP-00523
PRD-03530,SKU-SYN-13826,synthetic lubricants grade-3530,Synthetic Lubricants,Crude Oil / Polymers,0.8,1711.95,USD,45,100,SUP-00804
PRD-03531,SKU-SYN-15267,Synthetic Lubricants Grade-V,Synthetic Lubricants,Crude Oil / Polymers,0.8,2822.64,USD,85,250,SUP-00581
PRD-03532,SKU-SYN-13106,Synthetic Lubricants Grade-W,Synthetic Lubricants,Crude Oil / Polymers,0.8,2923.54,USD,87,500 units,SUP-00518
PRD-03533,SKU-SYN-11990,Heavy Engine Castings Grade-X,Heavy Engine Castings,Steel,0.5,1871.7,USD,57,500 units,SUP-00548
PRD-03534,SKU-SYN-49650,Printed Circuit Boards Grade-Y,Printed Circuit Boards,Copper,0.35,$630.96,USD,37,100,SUP-00369
PRD-03535,SKU-SYN-42293,Synthetic Lubricants Grade-Z,Synthetic Lubricants,Crude Oil / Polymers,0.8,2794.19,USD,18,100,SUP-00454
PRD-03536,SKU-SYN-47319,Industrial Resins & Plastics Grade-A,,Crude Oil / Polymers,0.7,888.47,USD,67,100,SUP-00854
PRD-03537,SKU-SYN-14318,Printed Circuit Boards Grade-B,Printed Circuit Boards,Copper,0.35,2185.85,USD,7,250,SUP-00366
PRD-03538,SKU-SYN-33685,Industrial Resins & Plastics Grade-C,Industrial Resins & Plastics,Crude Oil / Polymers,0.7,219.48,USD,25,100,SUP-00237
PRD-03539,SKU-SYN-84154,Synthetic Lubricants Grade-D,Synthetic Lubricants,Crude Oil / Polymers,0.8,356.18,USD,77,250,SUP-00145
PRD-03540,sku_3540,synthetic lubricants grade-3540,Synthetic Lubricants,Crude Oil / Polymers,0.8,$144.81,USD,63,100,SUP-99999
PRD-03541,SKU-SYN-33776,Industrial Resins & Plastics Grade-F,Industrial Resins & Plastics,Crude Oil / Polymers,0.7,609.22,USD,88,500 units,SUP-00011
PRD-03542,SKU-SYN-73389,Corrugated Packaging Grade-G,Corrugated Packaging,Packaging,0.2,2828.66,USD,38,500 units,SUP-00743
PRD-03543,SKU-SYN-38183,Printed Circuit Boards Grade-H,Printed Circuit Boards,Copper,0.35,2647.26,USD,66,250,SUP-00078
PRD-03544,SKU-SYN-40516,Heavy Engine Castings Grade-I,,Steel,0.5,2606.12,USD,25,500 units,SUP-00922
PRD-03545,SKU-SYN-59653,Heavy Engine Castings Grade-J,Heavy Engine Castings,Steel,0.5,1838.3,USD,64,,SUP-00216
PRD-03546,SKU-SYN-33781,Copper Conductors & Wiring Grade-K,Copper Conductors & Wiring,Copper,0.65,$494.42,USD,-10,500,SUP-00470
PRD-03547,SKU-SYN-97708,Synthetic Lubricants Grade-L,Synthetic Lubricants,Crude Oil / Polymers,0.8,1262.59,USD,60,500,SUP-00973
PRD-03548,SKU-SYN-49493,Printed Circuit Boards Grade-M,Printed Circuit Boards,Copper,0.35,2902.2,USD,88,500 units,SUP-00483
PRD-03549,SKU-SYN-92638,Industrial Resins & Plastics Grade-N,Industrial Resins & Plastics,Crude Oil / Polymers,0.7,2669.22,USD,30,,SUP-00043
PRD-03550,SKU-SYN-91195,copper conductors & wiring grade-3550,Copper Conductors & Wiring,Copper,0.65,-495.76,USD,61,250,SUP-00892
PRD-03551,SKU-SYN-46807,Copper Conductors & Wiring Grade-P,Copper Conductors & Wiring,Copper,0.65,3195.93,USD,7,,SUP-00154
PRD-03552,sku_3552,Printed Circuit Boards Grade-Q,,Copper,0.35,$27.45,USD,50,250,SUP-00086
PRD-03553,SKU-SYN-70991,Synthetic Lubricants Grade-R,Synthetic Lubricants,Crude Oil / Polymers,0.8,1481.19,USD,54,500,SUP-00898
PRD-03554,SKU-SYN-43930,Synthetic Lubricants Grade-S,Synthetic Lubricants,Crude Oil / Polymers,0.8,343.56,USD,56,500,SUP-00611
PRD-03555,SKU-SYN-47959,Printed Circuit Boards Grade-T,Printed Circuit Boards,Copper,0.35,2413.93,USD,62,100,SUP-00986
PRD-03556,SKU-SYN-76111,Corrugated Packaging Grade-U,Corrugated Packaging,Packaging,0.2,3002.34,USD,88,250,SUP-00945
PRD-03557,SKU-SYN-38740,Copper Conductors & Wiring Grade-V,Copper Conductors & Wiring,Copper,0.65,373.88,USD,36,500 units,SUP-00423
PRD-03558,SKU-SYN-17014,Synthetic Lubricants Grade-W,Synthetic Lubricants,Crude Oil / Polymers,0.8,$2475.35,USD,43,250,SUP-00303
PRD-03559,SKU-SYN-34061,Printed Circuit Boards Grade-X,Printed Circuit Boards,Copper,0.35,1156.91,USD,46,100,SUP-00071
PRD-03560,SKU-SYN-22217,heavy engine castings grade-3560,,Steel,0.5,762.02,USD,85,100,SUP-99999
PRD-03561,SKU-SYN-99556,Heavy Engine Castings Grade-Z,Heavy Engine Castings,Steel,0.5,987.24,USD,77,100,SUP-00188
PRD-03562,SKU-SYN-52620,Synthetic Lubricants Grade-A,Synthetic Lubricants,Crude Oil / Polymers,0.8,1984.27,USD,41,100,SUP-00020
PRD-03563,SKU-SYN-85538,Printed Circuit Boards Grade-B,Printed Circuit Boards,Copper,0.35,1493.91,USD,87,500,SUP-00649
PRD-03564,sku_3564,Industrial Resins & Plastics Grade-C,Industrial Resins & Plastics,Crude Oil / Polymers,0.7,$2441.16,USD,-10,,SUP-00657
PRD-03565,SKU-SYN-15305,Copper Conductors & Wiring Grade-D,Copper Conductors & Wiring,Copper,0.65,1716.32,USD,59,500 units,SUP-00318
PRD-03566,SKU-SYN-77598,Corrugated Packaging Grade-E,Corrugated Packaging,Packaging,0.2,1642.58,USD,28,100,SUP-00914
PRD-03567,SKU-SYN-46670,Printed Circuit Boards Grade-F,Printed Circuit Boards,Copper,0.35,236.75,USD,7,500,SUP-00352
PRD-03568,SKU-SYN-68208,Corrugated Packaging Grade-G,,Packaging,0.2,2259.69,USD,18,500 units,SUP-00298
PRD-03569,SKU-SYN-15789,Industrial Resins & Plastics Grade-H,Industrial Resins & Plastics,Crude Oil / Polymers,0.7,2548.02,USD,53,250,SUP-00448
PRD-03570,SKU-SYN-57905,corrugated packaging grade-3570,Corrugated Packaging,Packaging,0.2,$971.31,USD,73,500,SUP-00644
PRD-03571,SKU-SYN-35334,Corrugated Packaging Grade-J,Corrugated Packaging,Packaging,0.2,1081.63,USD,22,100,SUP-00668
PRD-03572,SKU-SYN-47603,Industrial Resins & Plastics Grade-K,Industrial Resins & Plastics,Crude Oil / Polymers,0.7,3141.87,USD,5,250,SUP-00360
PRD-03573,SKU-SYN-29903,Copper Conductors & Wiring Grade-L,Copper Conductors & Wiring,Copper,0.65,602.98,USD,60,100,SUP-00611
PRD-03574,SKU-SYN-76301,Heavy Engine Castings Grade-M,Heavy Engine Castings,Steel,0.5,759.23,USD,73,100,SUP-00234
PRD-03575,SKU-SYN-12103,Synthetic Lubricants Grade-N,Synthetic Lubricants,Crude Oil / Polymers,0.8,-688.29,USD,86,500 units,SUP-00272
PRD-03576,sku_3576,Heavy Engine Castings Grade-O,,Steel,0.5,$2701.4,USD,21,500 units,SUP-00551
PRD-03577,SKU-SYN-78698,Heavy Engine Castings Grade-P,Heavy Engine Castings,Steel,0.5,2444.68,USD,27,500,SUP-00418
PRD-03578,SKU-SYN-19455,Synthetic Lubricants Grade-Q,Synthetic Lubricants,Crude Oil / Polymers,0.8,1575.98,USD,54,500 units,SUP-00168
PRD-03579,SKU-SYN-64711,Corrugated Packaging Grade-R,Corrugated Packaging,Packaging,0.2,1565.45,USD,20,250,SUP-00375
PRD-03580,SKU-SYN-73373,industrial resins & plastics grade-3580,Industrial Resins & Plastics,Crude Oil / Polymers,0.7,3150.44,USD,39,500 units,SUP-99999
PRD-03581,SKU-SYN-68723,Copper Conductors & Wiring Grade-T,Copper Conductors & Wiring,Copper,0.65,62.69,USD,11,,SUP-00620
PRD-03582,SKU-SYN-74672,Synthetic Lubricants Grade-U,Synthetic Lubricants,Crude Oil / Polymers,0.8,$388.18,USD,-10,,SUP-00580
PRD-03583,SKU-SYN-96190,Printed Circuit Boards Grade-V,Printed Circuit Boards,Copper,0.35,1592.01,USD,78,500,SUP-00511
PRD-03584,SKU-SYN-84191,Copper Conductors & Wiring Grade-W,,Copper,0.65,2978.78,USD,25,,SUP-00754
PRD-03585,SKU-SYN-48068,Synthetic Lubricants Grade-X,Synthetic Lubricants,Crude Oil / Polymers,0.8,77.46,USD,35,250,SUP-00936
PRD-03586,SKU-SYN-14170,Copper Conductors & Wiring Grade-Y,Copper Conductors & Wiring,Copper,0.65,3153.34,USD,51,500,SUP-00924
PRD-03587,SKU-SYN-28048,Synthetic Lubricants Grade-Z,Synthetic Lubricants,Crude Oil / Polymers,0.8,624.55,USD,59,100,SUP-00126
PRD-03588,sku_3588,Copper Conductors & Wiring Grade-A,Copper Conductors & Wiring,Copper,0.65,$383.1,USD,50,500 units,SUP-00124
PRD-03589,SKU-SYN-90807,Printed Circuit Boards Grade-B,Printed Circuit Boards,Copper,0.35,1983.0,USD,53,,SUP-00408
PRD-03590,SKU-SYN-78247,printed circuit boards grade-3590,Printed Circuit Boards,Copper,0.35,804.06,USD,88,100,SUP-00374
PRD-03591,SKU-SYN-46132,Corrugated Packaging Grade-D,Corrugated Packaging,Packaging,0.2,2110.14,USD,76,100,SUP-00738
PRD-03592,SKU-SYN-24623,Corrugated Packaging Grade-E,,Packaging,0.2,217.24,USD,66,500,SUP-00052
PRD-03593,SKU-SYN-24928,Corrugated Packaging Grade-F,Corrugated Packaging,Packaging,0.2,1556.25,USD,17,500,SUP-00807
PRD-03594,SKU-SYN-97433,Synthetic Lubricants Grade-G,Synthetic Lubricants,Crude Oil / Polymers,0.8,$2416.64,USD,37,100,SUP-00139
PRD-03595,SKU-SYN-40506,Heavy Engine Castings Grade-H,Heavy Engine Castings,Steel,0.5,159.66,USD,74,500 units,SUP-00577
PRD-03596,SKU-SYN-68111,Printed Circuit Boards Grade-I,Printed Circuit Boards,Copper,0.35,1138.04,USD,10,,SUP-00588
PRD-03597,SKU-SYN-83818,Heavy Engine Castings Grade-J,Heavy Engine Castings,Steel,0.5,971.95,USD,23,250,SUP-00964
PRD-03598,SKU-SYN-30852,Synthetic Lubricants Grade-K,Synthetic Lubricants,Crude Oil / Polymers,0.8,781.29,USD,28,250,SUP-00747
PRD-03599,SKU-SYN-56855,Corrugated Packaging Grade-L,Corrugated Packaging,Packaging,0.2,1835.57,USD,80,500 units,SUP-00410
prd_3600,sku_3600,synthetic lubricants grade-3600,,Crude Oil / Polymers,0.8,$1951.53,USD,-10,100,SUP-99999
PRD-03601,SKU-SYN-29473,Copper Conductors & Wiring Grade-N,Copper Conductors & Wiring,Copper,0.65,1938.7,USD,57,500,SUP-00035
PRD-03602,SKU-SYN-71101,Synthetic Lubricants Grade-O,Synthetic Lubricants,Crude Oil / Polymers,0.8,1505.57,USD,57,,SUP-00699
PRD-03603,SKU-SYN-41361,Synthetic Lubricants Grade-P,Synthetic Lubricants,Crude Oil / Polymers,0.8,2524.93,USD,33,,SUP-00072
PRD-03604,SKU-SYN-90575,Industrial Resins & Plastics Grade-Q,Industrial Resins & Plastics,Crude Oil / Polymers,0.7,3086.26,USD,44,250,SUP-00476
PRD-03605,SKU-SYN-29783,Synthetic Lubricants Grade-R,Synthetic Lubricants,Crude Oil / Polymers,0.8,1790.05,USD,86,250,SUP-00499
PRD-03606,SKU-SYN-11511,Corrugated Packaging Grade-S,Corrugated Packaging,Packaging,0.2,$2500.6,USD,55,250,SUP-00415
PRD-03607,SKU-SYN-93789,Industrial Resins & Plastics Grade-T,Industrial Resins & Plastics,Crude Oil / Polymers,0.7,1956.73,USD,75,,SUP-00971
PRD-03608,SKU-SYN-15819,Heavy Engine Castings Grade-U,,Steel,0.5,235.29,USD,33,,SUP-00893
PRD-03609,SKU-SYN-48653,Printed Circuit Boards Grade-V,Printed Circuit Boards,Copper,0.35,2516.95,USD,36,500 units,SUP-00567
PRD-03610,SKU-SYN-73347,copper conductors & wiring grade-3610,Copper Conductors & Wiring,Copper,0.65,1371.55,USD,72,500 units,SUP-00794
PRD-03611,SKU-SYN-38221,Industrial Resins & Plastics Grade-X,Industrial Resins & Plastics,Crude Oil / Polymers,0.7,1498.34,USD,67,100,SUP-00479
PRD-03612,sku_3612,Heavy Engine Castings Grade-Y,Heavy Engine Castings,Steel,0.5,$3197.21,USD,8,500,SUP-00246
PRD-03613,SKU-SYN-66635,Heavy Engine Castings Grade-Z,Heavy Engine Castings,Steel,0.5,2820.03,USD,19,500,SUP-00021
PRD-03614,SKU-SYN-89792,Industrial Resins & Plastics Grade-A,Industrial Resins & Plastics,Crude Oil / Polymers,0.7,720.75,USD,68,250,SUP-00731
PRD-03615,SKU-SYN-29492,Printed Circuit Boards Grade-B,Printed Circuit Boards,Copper,0.35,313.92,USD,29,500 units,SUP-00869
PRD-03616,SKU-SYN-28632,Corrugated Packaging Grade-C,,Packaging,0.2,2690.99,USD,78,500 units,SUP-00928
PRD-03617,SKU-SYN-15029,Synthetic Lubricants Grade-D,Synthetic Lubricants,Crude Oil / Polymers,0.8,631.11,USD,69,100,SUP-00041
PRD-03618,SKU-SYN-68680,Corrugated Packaging Grade-E,Corrugated Packaging,Packaging,0.2,$147.53,USD,-10,100,SUP-00938
PRD-03619,SKU-SYN-86465,Copper Conductors & Wiring Grade-F,Copper Conductors & Wiring,Copper,0.65,2024.56,USD,80,100,SUP-00133
PRD-03620,SKU-SYN-77730,printed circuit boards grade-3620,Printed Circuit Boards,Copper,0.35,163.03,USD,35,500,SUP-99999
PRD-03621,SKU-SYN-40092,Printed Circuit Boards Grade-H,Printed Circuit Boards,Copper,0.35,1250.84,USD,68,100,SUP-00360
PRD-03622,SKU-SYN-38815,Synthetic Lubricants Grade-I,Synthetic Lubricants,Crude Oil / Polymers,0.8,2642.4,USD,47,250,SUP-00473
PRD-03623,SKU-SYN-19560,Synthetic Lubricants Grade-J,Synthetic Lubricants,Crude Oil / Polymers,0.8,680.07,USD,68,100,SUP-00302
PRD-03624,sku_3624,Printed Circuit Boards Grade-K,,Copper,0.35,$1629.0,USD,12,250,SUP-00885
PRD-03625,SKU-SYN-34875,Copper Conductors & Wiring Grade-L,Copper Conductors & Wiring,Copper,0.65,-2916.27,USD,12,250,SUP-00371
PRD-03626,SKU-SYN-39024,Printed Circuit Boards Grade-M,Printed Circuit Boards,Copper,0.35,1512.81,USD,51,500 units,SUP-00094
PRD-03627,SKU-SYN-68788,Synthetic Lubricants Grade-N,Synthetic Lubricants,Crude Oil / Polymers,0.8,262.41,USD,58,100,SUP-00431
PRD-03628,SKU-SYN-38322,Printed Circuit Boards Grade-O,Printed Circuit Boards,Copper,0.35,2601.63,USD,20,500 units,SUP-00817
PRD-03629,SKU-SYN-48885,Copper Conductors & Wiring Grade-P,Copper Conductors & Wiring,Copper,0.65,1425.13,USD,57,500,SUP-00420
PRD-03630,SKU-SYN-92079,heavy engine castings grade-3630,Heavy Engine Castings,Steel,0.5,$1720.8,USD,34,500 units,SUP-00584
PRD-03631,SKU-SYN-98671,Printed Circuit Boards Grade-R,Printed Circuit Boards,Copper,0.35,2363.12,USD,28,500 units,SUP-00917
PRD-03632,SKU-SYN-98747,Printed Circuit Boards Grade-S,,Copper,0.35,233.17,USD,35,100,SUP-00108
PRD-03633,SKU-SYN-95386,Printed Circuit Boards Grade-T,Printed Circuit Boards,Copper,0.35,1565.8,USD,87,500,SUP-00358
PRD-03634,SKU-SYN-21986,Copper Conductors & Wiring Grade-U,Copper Conductors & Wiring,Copper,0.65,432.0,USD,81,100,SUP-00034
PRD-03635,SKU-SYN-91649,Synthetic Lubricants Grade-V,Synthetic Lubricants,Crude Oil / Polymers,0.8,179.89,USD,49,,SUP-00784
PRD-03636,sku_3636,Synthetic Lubricants Grade-W,Synthetic Lubricants,Crude Oil / Polymers,0.8,$1289.12,USD,-10,,SUP-00486
PRD-03637,SKU-SYN-81249,Heavy Engine Castings Grade-X,Heavy Engine Castings,Steel,0.5,914.08,USD,73,250,SUP-00745
PRD-03638,SKU-SYN-85544,Heavy Engine Castings Grade-Y,Heavy Engine Castings,Steel,0.5,2996.39,USD,68,500 units,SUP-00914
PRD-03639,SKU-SYN-65478,Heavy Engine Castings Grade-Z,Heavy Engine Castings,Steel,0.5,346.15,USD,28,100,SUP-00063
PRD-03640,SKU-SYN-24593,industrial resins & plastics grade-3640,,Crude Oil / Polymers,0.7,179.49,USD,43,500 units,SUP-99999
PRD-03641,SKU-SYN-69744,Corrugated Packaging Grade-B,Corrugated Packaging,Packaging,0.2,452.55,USD,71,250,SUP-00194
PRD-03642,SKU-SYN-64450,Corrugated Packaging Grade-C,Corrugated Packaging,Packaging,0.2,$2525.63,USD,89,100,SUP-00341
PRD-03643,SKU-SYN-11939,Industrial Resins & Plastics Grade-D,Industrial Resins & Plastics,Crude Oil / Polymers,0.7,2630.88,USD,35,,SUP-00407
PRD-03644,SKU-SYN-69055,Printed Circuit Boards Grade-E,Printed Circuit Boards,Copper,0.35,3128.82,USD,42,,SUP-00761
PRD-03645,SKU-SYN-63658,Heavy Engine Castings Grade-F,Heavy Engine Castings,Steel,0.5,574.99,USD,57,,SUP-00696
PRD-03646,SKU-SYN-71730,Printed Circuit Boards Grade-G,Printed Circuit Boards,Copper,0.35,2877.08,USD,64,500,SUP-00940
PRD-03647,SKU-SYN-49925,Copper Conductors & Wiring Grade-H,Copper Conductors & Wiring,Copper,0.65,2395.71,USD,38,250,SUP-00246
PRD-03648,sku_3648,Copper Conductors & Wiring Grade-I,,Copper,0.65,$1884.65,USD,50,500,SUP-00999
PRD-03649,SKU-SYN-10081,Corrugated Packaging Grade-J,Corrugated Packaging,Packaging,0.2,593.73,USD,70,500,SUP-00660
PRD-03650,SKU-SYN-91428,corrugated packaging grade-3650,Corrugated Packaging,Packaging,0.2,-3128.64,USD,77,250,SUP-00600
PRD-03651,SKU-SYN-92435,Corrugated Packaging Grade-L,Corrugated Packaging,Packaging,0.2,497.77,USD,50,250,SUP-00475
PRD-03652,SKU-SYN-48784,Corrugated Packaging Grade-M,Corrugated Packaging,Packaging,0.2,1082.29,USD,52,250,SUP-00501
PRD-03653,SKU-SYN-68900,Industrial Resins & Plastics Grade-N,Industrial Resins & Plastics,Crude Oil / Polymers,0.7,1823.76,USD,10,,SUP-00269
PRD-03654,SKU-SYN-19871,Industrial Resins & Plastics Grade-O,Industrial Resins & Plastics,Crude Oil / Polymers,0.7,$2271.06,USD,-10,250,SUP-00177
PRD-03655,SKU-SYN-83006,Synthetic Lubricants Grade-P,Synthetic Lubricants,Crude Oil / Polymers,0.8,440.31,USD,79,,SUP-00712
PRD-03656,SKU-SYN-72935,Corrugated Packaging Grade-Q,,Packaging,0.2,690.61,USD,54,500,SUP-00487
PRD-03657,SKU-SYN-30552,Industrial Resins & Plastics Grade-R,Industrial Resins & Plastics,Crude Oil / Polymers,0.7,165.11,USD,67,250,SUP-00208
PRD-03658,SKU-SYN-12599,Corrugated Packaging Grade-S,Corrugated Packaging,Packaging,0.2,2784.37,USD,45,500,SUP-00626
PRD-03659,SKU-SYN-65344,Heavy Engine Castings Grade-T,Heavy Engine Castings,Steel,0.5,2834.76,USD,77,500 units,SUP-00896
PRD-03660,sku_3660,corrugated packaging grade-3660,Corrugated Packaging,Packaging,0.2,$1960.56,USD,76,100,SUP-99999
PRD-03661,SKU-SYN-39368,Copper Conductors & Wiring Grade-V,Copper Conductors & Wiring,Copper,0.65,982.69,USD,83,500,SUP-00305
PRD-03662,SKU-SYN-67277,Heavy Engine Castings Grade-W,Heavy Engine Castings,Steel,0.5,1685.85,USD,48,500,SUP-00403
PRD-03663,SKU-SYN-56202,Synthetic Lubricants Grade-X,Synthetic Lubricants,Crude Oil / Polymers,0.8,2354.25,USD,26,500 units,SUP-00193
PRD-03664,SKU-SYN-31691,Copper Conductors & Wiring Grade-Y,,Copper,0.65,825.77,USD,84,500 units,SUP-00868
PRD-03665,SKU-SYN-66136,Heavy Engine Castings Grade-Z,Heavy Engine Castings,Steel,0.5,3010.73,USD,41,500,SUP-00362
PRD-03666,SKU-SYN-56919,Industrial Resins & Plastics Grade-A,Industrial Resins & Plastics,Crude Oil / Polymers,0.7,$1357.29,USD,11,500 units,SUP-00491
PRD-03667,SKU-SYN-75839,Synthetic Lubricants Grade-B,Synthetic Lubricants,Crude Oil / Polymers,0.8,1596.1,USD,84,250,SUP-00200
PRD-03668,SKU-SYN-69944,Printed Circuit Boards Grade-C,Printed Circuit Boards,Copper,0.35,797.6,USD,54,500 units,SUP-00756
PRD-03669,SKU-SYN-52966,Heavy Engine Castings Grade-D,Heavy Engine Castings,Steel,0.5,1006.34,USD,58,500 units,SUP-00900
PRD-03670,SKU-SYN-14789,corrugated packaging grade-3670,Corrugated Packaging,Packaging,0.2,1543.98,USD,74,100,SUP-00916
PRD-03671,SKU-SYN-99713,Industrial Resins & Plastics Grade-F,Industrial Resins & Plastics,Crude Oil / Polymers,0.7,376.98,USD,78,250,SUP-00155
PRD-03672,sku_3672,Industrial Resins & Plastics Grade-G,,Crude Oil / Polymers,0.7,$2909.4,USD,-10,500,SUP-00679
PRD-03673,SKU-SYN-71046,Printed Circuit Boards Grade-H,Printed Circuit Boards,Copper,0.35,511.75,USD,76,500,SUP-00902
PRD-03674,SKU-SYN-30741,Printed Circuit Boards Grade-I,Printed Circuit Boards,Copper,0.35,2026.51,USD,28,,SUP-00679
PRD-03675,SKU-SYN-23944,Copper Conductors & Wiring Grade-J,Copper Conductors & Wiring,Copper,0.65,-2194.05,USD,22,500,SUP-00404
PRD-03676,SKU-SYN-57240,Copper Conductors & Wiring Grade-K,Copper Conductors & Wiring,Copper,0.65,1172.56,USD,71,100,SUP-00974
PRD-03677,SKU-SYN-55672,Printed Circuit Boards Grade-L,Printed Circuit Boards,Copper,0.35,1804.35,USD,68,250,SUP-00720
PRD-03678,SKU-SYN-87130,Industrial Resins & Plastics Grade-M,Industrial Resins & Plastics,Crude Oil / Polymers,0.7,$1123.48,USD,61,250,SUP-00692
PRD-03679,SKU-SYN-54543,Printed Circuit Boards Grade-N,Printed Circuit Boards,Copper,0.35,404.86,USD,63,100,SUP-00869
PRD-03680,SKU-SYN-99391,corrugated packaging grade-3680,,Packaging,0.2,2241.91,USD,32,100,SUP-99999
PRD-03681,SKU-SYN-49486,Heavy Engine Castings Grade-P,Heavy Engine Castings,Steel,0.5,2824.4,USD,35,100,SUP-00498
PRD-03682,SKU-SYN-65427,Printed Circuit Boards Grade-Q,Printed Circuit Boards,Copper,0.35,128.11,USD,7,,SUP-00722
PRD-03683,SKU-SYN-32350,Industrial Resins & Plastics Grade-R,Industrial Resins & Plastics,Crude Oil / Polymers,0.7,287.52,USD,44,,SUP-00032
PRD-03684,sku_3684,Corrugated Packaging Grade-S,Corrugated Packaging,Packaging,0.2,$2448.86,USD,38,500 units,SUP-00370
PRD-03685,SKU-SYN-20884,Heavy Engine Castings Grade-T,Heavy Engine Castings,Steel,0.5,2349.43,USD,86,,SUP-00060
PRD-03686,SKU-SYN-88081,Industrial Resins & Plastics Grade-U,Industrial Resins & Plastics,Crude Oil / Polymers,0.7,2671.6,USD,34,250,SUP-00336
PRD-03687,SKU-SYN-14407,Copper Conductors & Wiring Grade-V,Copper Conductors & Wiring,Copper,0.65,2626.71,USD,32,100,SUP-00176
PRD-03688,SKU-SYN-23523,Industrial Resins & Plastics Grade-W,,Crude Oil / Polymers,0.7,2107.72,USD,89,,SUP-00514
PRD-03689,SKU-SYN-48539,Printed Circuit Boards Grade-X,Printed Circuit Boards,Copper,0.35,2294.12,USD,23,250,SUP-00672
PRD-03690,SKU-SYN-32186,synthetic lubricants grade-3690,Synthetic Lubricants,Crude Oil / Polymers,0.8,$449.34,USD,-10,500 units,SUP-00409
PRD-03691,SKU-SYN-17059,Industrial Resins & Plastics Grade-Z,Industrial Resins & Plastics,Crude Oil / Polymers,0.7,1447.9,USD,62,100,SUP-00471
PRD-03692,SKU-SYN-89451,Industrial Resins & Plastics Grade-A,Industrial Resins & Plastics,Crude Oil / Polymers,0.7,2407.5,USD,5,100,SUP-00206
PRD-03693,SKU-SYN-89547,Synthetic Lubricants Grade-B,Synthetic Lubricants,Crude Oil / Polymers,0.8,1709.72,USD,39,500 units,SUP-00677
PRD-03694,SKU-SYN-60608,Corrugated Packaging Grade-C,Corrugated Packaging,Packaging,0.2,2019.22,USD,88,500 units,SUP-00342
PRD-03695,SKU-SYN-54242,Printed Circuit Boards Grade-D,Printed Circuit Boards,Copper,0.35,849.81,USD,59,500 units,SUP-00408
PRD-03696,sku_3696,Industrial Resins & Plastics Grade-E,,Crude Oil / Polymers,0.7,$906.2,USD,22,100,SUP-00462
PRD-03697,SKU-SYN-10583,Printed Circuit Boards Grade-F,Printed Circuit Boards,Copper,0.35,741.9,USD,14,250,SUP-00629
PRD-03698,SKU-SYN-32027,Printed Circuit Boards Grade-G,Printed Circuit Boards,Copper,0.35,317.78,USD,33,500,SUP-00436
PRD-03699,SKU-SYN-63396,Heavy Engine Castings Grade-H,Heavy Engine Castings,Steel,0.5,2200.94,USD,71,500,SUP-00910
PRD-03700,SKU-SYN-76741,copper conductors & wiring grade-3700,Copper Conductors & Wiring,Copper,0.65,-2787.53,USD,56,,SUP-99999
PRD-03701,SKU-SYN-33425,Corrugated Packaging Grade-J,Corrugated Packaging,Packaging,0.2,792.39,USD,18,,SUP-00083
PRD-03702,SKU-SYN-62134,Industrial Resins & Plastics Grade-K,Industrial Resins & Plastics,Crude Oil / Polymers,0.7,$1100.34,USD,51,500,SUP-00543
PRD-03703,SKU-SYN-49499,Corrugated Packaging Grade-L,Corrugated Packaging,Packaging,0.2,2857.67,USD,38,100,SUP-00824
PRD-03704,SKU-SYN-60278,Synthetic Lubricants Grade-M,,Crude Oil / Polymers,0.8,1523.05,USD,77,500,SUP-00103
PRD-03705,SKU-SYN-46807,Heavy Engine Castings Grade-N,Heavy Engine Castings,Steel,0.5,331.77,USD,77,500,SUP-00534
PRD-03706,SKU-SYN-85353,Copper Conductors & Wiring Grade-O,Copper Conductors & Wiring,Copper,0.65,1851.1,USD,53,500 units,SUP-00532
PRD-03707,SKU-SYN-29139,Synthetic Lubricants Grade-P,Synthetic Lubricants,Crude Oil / Polymers,0.8,3110.11,USD,76,500,SUP-00282
PRD-03708,sku_3708,Synthetic Lubricants Grade-Q,Synthetic Lubricants,Crude Oil / Polymers,0.8,$2221.96,USD,-10,500,SUP-00518
PRD-03709,SKU-SYN-89813,Copper Conductors & Wiring Grade-R,Copper Conductors & Wiring,Copper,0.65,1037.78,USD,42,500 units,SUP-00070
PRD-03710,SKU-SYN-87032,corrugated packaging grade-3710,Corrugated Packaging,Packaging,0.2,2687.75,USD,69,250,SUP-00285
PRD-03711,SKU-SYN-53969,Synthetic Lubricants Grade-T,Synthetic Lubricants,Crude Oil / Polymers,0.8,1334.12,USD,52,500,SUP-00794
PRD-03712,SKU-SYN-48324,Heavy Engine Castings Grade-U,,Steel,0.5,2980.68,USD,8,100,SUP-00364
PRD-03713,SKU-SYN-35991,Heavy Engine Castings Grade-V,Heavy Engine Castings,Steel,0.5,2900.02,USD,47,100,SUP-00004
PRD-03714,SKU-SYN-55730,Synthetic Lubricants Grade-W,Synthetic Lubricants,Crude Oil / Polymers,0.8,$2514.62,USD,68,100,SUP-00602
PRD-03715,SKU-SYN-66175,Synthetic Lubricants Grade-X,Synthetic Lubricants,Crude Oil / Polymers,0.8,344.88,USD,89,,SUP-00551
PRD-03716,SKU-SYN-34572,Industrial Resins & Plastics Grade-Y,Industrial Resins & Plastics,Crude Oil / Polymers,0.7,1447.48,USD,41,100,SUP-00507
PRD-03717,SKU-SYN-38422,Heavy Engine Castings Grade-Z,Heavy Engine Castings,Steel,0.5,1818.09,USD,26,250,SUP-00724
PRD-03718,SKU-SYN-80943,Heavy Engine Castings Grade-A,Heavy Engine Castings,Steel,0.5,336.23,USD,11,250,SUP-00912
PRD-03719,SKU-SYN-71458,Printed Circuit Boards Grade-B,Printed Circuit Boards,Copper,0.35,213.12,USD,24,,SUP-00887
PRD-03720,sku_3720,printed circuit boards grade-3720,,Copper,0.35,$1290.26,USD,60,500,SUP-99999
PRD-03721,SKU-SYN-81318,Corrugated Packaging Grade-D,Corrugated Packaging,Packaging,0.2,1384.84,USD,56,500 units,SUP-00364
PRD-03722,SKU-SYN-94972,Corrugated Packaging Grade-E,Corrugated Packaging,Packaging,0.2,1837.71,USD,10,100,SUP-00123
PRD-03723,SKU-SYN-99427,Printed Circuit Boards Grade-F,Printed Circuit Boards,Copper,0.35,757.14,USD,57,500,SUP-00396
PRD-03724,SKU-SYN-45379,Printed Circuit Boards Grade-G,Printed Circuit Boards,Copper,0.35,1748.66,USD,61,100,SUP-00923
PRD-03725,SKU-SYN-65981,Copper Conductors & Wiring Grade-H,Copper Conductors & Wiring,Copper,0.65,-1125.68,USD,58,250,SUP-00027
PRD-03726,SKU-SYN-53962,Synthetic Lubricants Grade-I,Synthetic Lubricants,Crude Oil / Polymers,0.8,$1352.5,USD,-10,100,SUP-00437
PRD-03727,SKU-SYN-10203,Heavy Engine Castings Grade-J,Heavy Engine Castings,Steel,0.5,1690.5,USD,33,100,SUP-00992
PRD-03728,SKU-SYN-92342,Copper Conductors & Wiring Grade-K,,Copper,0.65,459.64,USD,29,,SUP-00888
PRD-03729,SKU-SYN-66403,Heavy Engine Castings Grade-L,Heavy Engine Castings,Steel,0.5,1258.08,USD,23,,SUP-00118
PRD-03730,SKU-SYN-44835,corrugated packaging grade-3730,Corrugated Packaging,Packaging,0.2,1198.94,USD,36,,SUP-00840
PRD-03731,SKU-SYN-92662,Heavy Engine Castings Grade-N,Heavy Engine Castings,Steel,0.5,2652.96,USD,83,,SUP-00776
PRD-03732,sku_3732,Copper Conductors & Wiring Grade-O,Copper Conductors & Wiring,Copper,0.65,$2275.05,USD,39,250,SUP-00261
PRD-03733,SKU-SYN-84734,Heavy Engine Castings Grade-P,Heavy Engine Castings,Steel,0.5,2182.34,USD,41,500 units,SUP-00626
PRD-03734,SKU-SYN-32249,Industrial Resins & Plastics Grade-Q,Industrial Resins & Plastics,Crude Oil / Polymers,0.7,948.69,USD,18,500 units,SUP-00484
PRD-03735,SKU-SYN-62278,Corrugated Packaging Grade-R,Corrugated Packaging,Packaging,0.2,2315.1,USD,10,100,SUP-00794
PRD-03736,SKU-SYN-80563,Printed Circuit Boards Grade-S,,Copper,0.35,1049.39,USD,59,500 units,SUP-00691
PRD-03737,SKU-SYN-11734,Synthetic Lubricants Grade-T,Synthetic Lubricants,Crude Oil / Polymers,0.8,1970.13,USD,36,500 units,SUP-00015
PRD-03738,SKU-SYN-76049,Copper Conductors & Wiring Grade-U,Copper Conductors & Wiring,Copper,0.65,$2314.99,USD,47,,SUP-00424
PRD-03739,SKU-SYN-72878,Copper Conductors & Wiring Grade-V,Copper Conductors & Wiring,Copper,0.65,312.08,USD,68,100,SUP-00763
PRD-03740,SKU-SYN-98432,copper conductors & wiring grade-3740,Copper Conductors & Wiring,Copper,0.65,2136.7,USD,58,250,SUP-99999
PRD-03741,SKU-SYN-56017,Industrial Resins & Plastics Grade-X,Industrial Resins & Plastics,Crude Oil / Polymers,0.7,1376.84,USD,61,250,SUP-00862
PRD-03742,SKU-SYN-22076,Industrial Resins & Plastics Grade-Y,Industrial Resins & Plastics,Crude Oil / Polymers,0.7,2356.69,USD,38,500,SUP-00871
PRD-03743,SKU-SYN-72745,Printed Circuit Boards Grade-Z,Printed Circuit Boards,Copper,0.35,793.72,USD,84,100,SUP-00267
PRD-03744,sku_3744,Synthetic Lubricants Grade-A,,Crude Oil / Polymers,0.8,$980.61,USD,-10,,SUP-00442
PRD-03745,SKU-SYN-30268,Heavy Engine Castings Grade-B,Heavy Engine Castings,Steel,0.5,1469.85,USD,9,100,SUP-00448
PRD-03746,SKU-SYN-21680,Copper Conductors & Wiring Grade-C,Copper Conductors & Wiring,Copper,0.65,1124.88,USD,67,,SUP-00908
PRD-03747,SKU-SYN-82760,Printed Circuit Boards Grade-D,Printed Circuit Boards,Copper,0.35,603.45,USD,19,500 units,SUP-00760
PRD-03748,SKU-SYN-71550,Synthetic Lubricants Grade-E,Synthetic Lubricants,Crude Oil / Polymers,0.8,3149.28,USD,7,250,SUP-00151
PRD-03749,SKU-SYN-69225,Copper Conductors & Wiring Grade-F,Copper Conductors & Wiring,Copper,0.65,2835.98,USD,33,100,SUP-00337
PRD-03750,SKU-SYN-10827,synthetic lubricants grade-3750,Synthetic Lubricants,Crude Oil / Polymers,0.8,$1861.21,USD,64,250,SUP-00682
PRD-03751,SKU-SYN-55151,Industrial Resins & Plastics Grade-H,Industrial Resins & Plastics,Crude Oil / Polymers,0.7,2354.88,USD,9,100,SUP-00729
PRD-03752,SKU-SYN-20523,Printed Circuit Boards Grade-I,,Copper,0.35,857.9,USD,63,500 units,SUP-00829
PRD-03753,SKU-SYN-95896,Copper Conductors & Wiring Grade-J,Copper Conductors & Wiring,Copper,0.65,1105.95,USD,90,100,SUP-00538
PRD-03754,SKU-SYN-29253,Copper Conductors & Wiring Grade-K,Copper Conductors & Wiring,Copper,0.65,717.63,USD,42,250,SUP-00399
PRD-03755,SKU-SYN-56997,Synthetic Lubricants Grade-L,Synthetic Lubricants,Crude Oil / Polymers,0.8,1207.9,USD,37,,SUP-00106
PRD-03756,sku_3756,Printed Circuit Boards Grade-M,Printed Circuit Boards,Copper,0.35,$619.1,USD,63,500,SUP-00208
PRD-03757,SKU-SYN-34337,Copper Conductors & Wiring Grade-N,Copper Conductors & Wiring,Copper,0.65,1210.82,USD,35,500,SUP-00385
PRD-03758,SKU-SYN-58569,Synthetic Lubricants Grade-O,Synthetic Lubricants,Crude Oil / Polymers,0.8,1813.38,USD,60,,SUP-00056
PRD-03759,SKU-SYN-40752,Heavy Engine Castings Grade-P,Heavy Engine Castings,Steel,0.5,1570.48,USD,20,,SUP-00340
PRD-03760,SKU-SYN-77880,synthetic lubricants grade-3760,,Crude Oil / Polymers,0.8,1315.23,USD,90,500 units,SUP-99999
PRD-03761,SKU-SYN-83016,Copper Conductors & Wiring Grade-R,Copper Conductors & Wiring,Copper,0.65,3191.34,USD,15,500,SUP-00691
PRD-03762,SKU-SYN-86037,Copper Conductors & Wiring Grade-S,Copper Conductors & Wiring,Copper,0.65,$3191.53,USD,-10,100,SUP-00175
PRD-03763,SKU-SYN-44191,Heavy Engine Castings Grade-T,Heavy Engine Castings,Steel,0.5,23.5,USD,73,250,SUP-00942
PRD-03764,SKU-SYN-37162,Copper Conductors & Wiring Grade-U,Copper Conductors & Wiring,Copper,0.65,2055.66,USD,77,500,SUP-00678
PRD-03765,SKU-SYN-91102,Heavy Engine Castings Grade-V,Heavy Engine Castings,Steel,0.5,2474.22,USD,90,,SUP-00036
PRD-03766,SKU-SYN-47040,Copper Conductors & Wiring Grade-W,Copper Conductors & Wiring,Copper,0.65,2684.35,USD,26,100,SUP-00853
PRD-03767,SKU-SYN-74054,Synthetic Lubricants Grade-X,Synthetic Lubricants,Crude Oil / Polymers,0.8,3189.39,USD,56,,SUP-00998
PRD-03768,sku_3768,Industrial Resins & Plastics Grade-Y,,Crude Oil / Polymers,0.7,$1908.64,USD,66,,SUP-00191
PRD-03769,SKU-SYN-91205,Synthetic Lubricants Grade-Z,Synthetic Lubricants,Crude Oil / Polymers,0.8,2743.69,USD,87,100,SUP-00273
PRD-03770,SKU-SYN-47569,copper conductors & wiring grade-3770,Copper Conductors & Wiring,Copper,0.65,2682.86,USD,23,500,SUP-00162
PRD-03771,SKU-SYN-70141,Heavy Engine Castings Grade-B,Heavy Engine Castings,Steel,0.5,2948.27,USD,28,100,SUP-00690
PRD-03772,SKU-SYN-14136,Synthetic Lubricants Grade-C,Synthetic Lubricants,Crude Oil / Polymers,0.8,2230.18,USD,50,500 units,SUP-00895
PRD-03773,SKU-SYN-43137,Industrial Resins & Plastics Grade-D,Industrial Resins & Plastics,Crude Oil / Polymers,0.7,1020.74,USD,17,250,SUP-00742
PRD-03774,SKU-SYN-25398,Corrugated Packaging Grade-E,Corrugated Packaging,Packaging,0.2,$3128.21,USD,15,500 units,SUP-00145
PRD-03775,SKU-SYN-19262,Corrugated Packaging Grade-F,Corrugated Packaging,Packaging,0.2,-1484.24,USD,31,250,SUP-00894
PRD-03776,SKU-SYN-12670,Synthetic Lubricants Grade-G,,Crude Oil / Polymers,0.8,1979.1,USD,88,500,SUP-00524
PRD-03777,SKU-SYN-88701,Industrial Resins & Plastics Grade-H,Industrial Resins & Plastics,Crude Oil / Polymers,0.7,3158.8,USD,64,500,SUP-00501
PRD-03778,SKU-SYN-87622,Corrugated Packaging Grade-I,Corrugated Packaging,Packaging,0.2,2952.13,USD,56,100,SUP-00014
PRD-03779,SKU-SYN-89519,Copper Conductors & Wiring Grade-J,Copper Conductors & Wiring,Copper,0.65,416.08,USD,47,500,SUP-00683
PRD-03780,sku_3780,heavy engine castings grade-3780,Heavy Engine Castings,Steel,0.5,$2456.94,USD,-10,500 units,SUP-99999
PRD-03781,SKU-SYN-54618,Corrugated Packaging Grade-L,Corrugated Packaging,Packaging,0.2,1357.05,USD,55,500 units,SUP-00166
PRD-03782,SKU-SYN-17081,Printed Circuit Boards Grade-M,Printed Circuit Boards,Copper,0.35,1615.64,USD,44,500,SUP-00273
PRD-03783,SKU-SYN-72254,Corrugated Packaging Grade-N,Corrugated Packaging,Packaging,0.2,644.88,USD,20,500 units,SUP-00312
PRD-03784,SKU-SYN-86990,Corrugated Packaging Grade-O,,Packaging,0.2,1739.61,USD,56,,SUP-00508
PRD-03785,SKU-SYN-52352,Synthetic Lubricants Grade-P,Synthetic Lubricants,Crude Oil / Polymers,0.8,2298.12,USD,82,500 units,SUP-00230
PRD-03786,SKU-SYN-94501,Heavy Engine Castings Grade-Q,Heavy Engine Castings,Steel,0.5,$2200.42,USD,60,,SUP-00532
PRD-03787,SKU-SYN-18950,Industrial Resins & Plastics Grade-R,Industrial Resins & Plastics,Crude Oil / Polymers,0.7,2756.41,USD,20,500 units,SUP-00078
PRD-03788,SKU-SYN-97798,Printed Circuit Boards Grade-S,Printed Circuit Boards,Copper,0.35,2839.13,USD,34,500,SUP-00790
PRD-03789,SKU-SYN-95119,Printed Circuit Boards Grade-T,Printed Circuit Boards,Copper,0.35,1972.52,USD,13,500 units,SUP-00550
PRD-03790,SKU-SYN-11528,copper conductors & wiring grade-3790,Copper Conductors & Wiring,Copper,0.65,1526.24,USD,55,,SUP-00139
PRD-03791,SKU-SYN-70002,Industrial Resins & Plastics Grade-V,Industrial Resins & Plastics,Crude Oil / Polymers,0.7,2267.98,USD,30,500,SUP-00981
PRD-03792,sku_3792,Synthetic Lubricants Grade-W,,Crude Oil / Polymers,0.8,$782.9,USD,36,500,SUP-00159
PRD-03793,SKU-SYN-77665,Copper Conductors & Wiring Grade-X,Copper Conductors & Wiring,Copper,0.65,1223.81,USD,28,250,SUP-00058
PRD-03794,SKU-SYN-10977,Printed Circuit Boards Grade-Y,Printed Circuit Boards,Copper,0.35,1317.9,USD,55,250,SUP-00088
PRD-03795,SKU-SYN-44900,Heavy Engine Castings Grade-Z,Heavy Engine Castings,Steel,0.5,2839.69,USD,5,100,SUP-00743
PRD-03796,SKU-SYN-12219,Corrugated Packaging Grade-A,Corrugated Packaging,Packaging,0.2,1136.36,USD,52,500 units,SUP-00802
PRD-03797,SKU-SYN-62368,Copper Conductors & Wiring Grade-B,Copper Conductors & Wiring,Copper,0.65,369.29,USD,26,500 units,SUP-00654
PRD-03798,SKU-SYN-26919,Corrugated Packaging Grade-C,Corrugated Packaging,Packaging,0.2,$659.39,USD,-10,500,SUP-00081
PRD-03799,SKU-SYN-20755,Corrugated Packaging Grade-D,Corrugated Packaging,Packaging,0.2,1023.03,USD,84,,SUP-00151
PRD-03800,SKU-SYN-46013,printed circuit boards grade-3800,,Copper,0.35,-1281.14,USD,84,100,SUP-99999
PRD-03801,SKU-SYN-73817,Synthetic Lubricants Grade-F,Synthetic Lubricants,Crude Oil / Polymers,0.8,2701.15,USD,80,250,SUP-00406
PRD-03802,SKU-SYN-16660,Industrial Resins & Plastics Grade-G,Industrial Resins & Plastics,Crude Oil / Polymers,0.7,1056.02,USD,31,500 units,SUP-00668
PRD-03803,SKU-SYN-50792,Corrugated Packaging Grade-H,Corrugated Packaging,Packaging,0.2,2892.0,USD,85,250,SUP-00691
PRD-03804,sku_3804,Copper Conductors & Wiring Grade-I,Copper Conductors & Wiring,Copper,0.65,$1229.68,USD,74,,SUP-00488
PRD-03805,SKU-SYN-26275,Synthetic Lubricants Grade-J,Synthetic Lubricants,Crude Oil / Polymers,0.8,2622.98,USD,68,250,SUP-00606
PRD-03806,SKU-SYN-44594,Synthetic Lubricants Grade-K,Synthetic Lubricants,Crude Oil / Polymers,0.8,936.71,USD,36,,SUP-00871
PRD-03807,SKU-SYN-63361,Heavy Engine Castings Grade-L,Heavy Engine Castings,Steel,0.5,2967.08,USD,49,500,SUP-00953
PRD-03808,SKU-SYN-59801,Printed Circuit Boards Grade-M,,Copper,0.35,503.68,USD,19,500 units,SUP-00504
PRD-03809,SKU-SYN-62102,Synthetic Lubricants Grade-N,Synthetic Lubricants,Crude Oil / Polymers,0.8,399.38,USD,20,250,SUP-00471
PRD-03810,SKU-SYN-40580,heavy engine castings grade-3810,Heavy Engine Castings,Steel,0.5,$2284.94,USD,6,,SUP-00379
PRD-03811,SKU-SYN-68313,Heavy Engine Castings Grade-P,Heavy Engine Castings,Steel,0.5,1015.15,USD,35,500 units,SUP-00025
PRD-03812,SKU-SYN-19545,Corrugated Packaging Grade-Q,Corrugated Packaging,Packaging,0.2,2083.7,USD,20,,SUP-00873
PRD-03813,SKU-SYN-86712,Synthetic Lubricants Grade-R,Synthetic Lubricants,Crude Oil / Polymers,0.8,1609.12,USD,78,100,SUP-00369
PRD-03814,SKU-SYN-75705,Heavy Engine Castings Grade-S,Heavy Engine Castings,Steel,0.5,670.16,USD,62,,SUP-00225
PRD-03815,SKU-SYN-33122,Printed Circuit Boards Grade-T,Printed Circuit Boards,Copper,0.35,1939.5,USD,37,500 units,SUP-00434
PRD-03816,sku_3816,Synthetic Lubricants Grade-U,,Crude Oil / Polymers,0.8,$1195.05,USD,-10,500,SUP-00081
PRD-03817,SKU-SYN-89949,Heavy Engine Castings Grade-V,Heavy Engine Castings,Steel,0.5,646.46,USD,30,100,SUP-00074
PRD-03818,SKU-SYN-99527,Printed Circuit Boards Grade-W,Printed Circuit Boards,Copper,0.35,895.55,USD,69,500,SUP-00782
PRD-03819,SKU-SYN-27296,Heavy Engine Castings Grade-X,Heavy Engine Castings,Steel,0.5,2153.46,USD,85,,SUP-00030
PRD-03820,SKU-SYN-21291,printed circuit boards grade-3820,Printed Circuit Boards,Copper,0.35,2696.58,USD,11,250,SUP-99999
PRD-03821,SKU-SYN-50965,Corrugated Packaging Grade-Z,Corrugated Packaging,Packaging,0.2,2948.75,USD,25,,SUP-00763
PRD-03822,SKU-SYN-67880,Corrugated Packaging Grade-A,Corrugated Packaging,Packaging,0.2,$825.89,USD,38,250,SUP-00742
PRD-03823,SKU-SYN-69281,Heavy Engine Castings Grade-B,Heavy Engine Castings,Steel,0.5,2792.05,USD,32,250,SUP-00911
PRD-03824,SKU-SYN-49432,Industrial Resins & Plastics Grade-C,,Crude Oil / Polymers,0.7,2770.6,USD,32,250,SUP-00258
PRD-03825,SKU-SYN-77905,Synthetic Lubricants Grade-D,Synthetic Lubricants,Crude Oil / Polymers,0.8,-519.21,USD,65,,SUP-00756
PRD-03826,SKU-SYN-70858,Corrugated Packaging Grade-E,Corrugated Packaging,Packaging,0.2,521.68,USD,70,500,SUP-00295
PRD-03827,SKU-SYN-26738,Corrugated Packaging Grade-F,Corrugated Packaging,Packaging,0.2,3002.3,USD,35,,SUP-00292
PRD-03828,sku_3828,Corrugated Packaging Grade-G,Corrugated Packaging,Packaging,0.2,$765.93,USD,52,,SUP-00128
PRD-03829,SKU-SYN-88402,Heavy Engine Castings Grade-H,Heavy Engine Castings,Steel,0.5,1222.94,USD,61,500 units,SUP-00513
PRD-03830,SKU-SYN-69444,synthetic lubricants grade-3830,Synthetic Lubricants,Crude Oil / Polymers,0.8,2250.14,USD,66,500 units,SUP-00340
PRD-03831,SKU-SYN-46147,Industrial Resins & Plastics Grade-J,Industrial Resins & Plastics,Crude Oil / Polymers,0.7,2587.19,USD,15,,SUP-00680
PRD-03832,SKU-SYN-74978,Copper Conductors & Wiring Grade-K,,Copper,0.65,2590.21,USD,42,500,SUP-00599
PRD-03833,SKU-SYN-83586,Industrial Resins & Plastics Grade-L,Industrial Resins & Plastics,Crude Oil / Polymers,0.7,1960.68,USD,23,100,SUP-00281
PRD-03834,SKU-SYN-82021,Corrugated Packaging Grade-M,Corrugated Packaging,Packaging,0.2,$2159.77,USD,-10,,SUP-00124
PRD-03835,SKU-SYN-81850,Copper Conductors & Wiring Grade-N,Copper Conductors & Wiring,Copper,0.65,1963.72,USD,28,500 units,SUP-00325
PRD-03836,SKU-SYN-84640,Industrial Resins & Plastics Grade-O,Industrial Resins & Plastics,Crude Oil / Polymers,0.7,1179.54,USD,51,,SUP-00951
PRD-03837,SKU-SYN-53903,Industrial Resins & Plastics Grade-P,Industrial Resins & Plastics,Crude Oil / Polymers,0.7,2876.97,USD,62,250,SUP-00468
PRD-03838,SKU-SYN-34739,Copper Conductors & Wiring Grade-Q,Copper Conductors & Wiring,Copper,0.65,1855.08,USD,48,500,SUP-00955
PRD-03839,SKU-SYN-66934,Synthetic Lubricants Grade-R,Synthetic Lubricants,Crude Oil / Polymers,0.8,1705.71,USD,50,100,SUP-00670
PRD-03840,sku_3840,synthetic lubricants grade-3840,,Crude Oil / Polymers,0.8,$2219.56,USD,41,250,SUP-99999
PRD-03841,SKU-SYN-72288,Heavy Engine Castings Grade-T,Heavy Engine Castings,Steel,0.5,550.61,USD,78,,SUP-00210
PRD-03842,SKU-SYN-59471,Industrial Resins & Plastics Grade-U,Industrial Resins & Plastics,Crude Oil / Polymers,0.7,2217.88,USD,75,500,SUP-00747
PRD-03843,SKU-SYN-39873,Industrial Resins & Plastics Grade-V,Industrial Resins & Plastics,Crude Oil / Polymers,0.7,3070.82,USD,40,500,SUP-00312
PRD-03844,SKU-SYN-26638,Corrugated Packaging Grade-W,Corrugated Packaging,Packaging,0.2,966.77,USD,78,,SUP-00324
PRD-03845,SKU-SYN-78656,Synthetic Lubricants Grade-X,Synthetic Lubricants,Crude Oil / Polymers,0.8,1529.34,USD,72,,SUP-00343
PRD-03846,SKU-SYN-32714,Industrial Resins & Plastics Grade-Y,Industrial Resins & Plastics,Crude Oil / Polymers,0.7,$2456.04,USD,46,,SUP-00603
PRD-03847,SKU-SYN-84578,Heavy Engine Castings Grade-Z,Heavy Engine Castings,Steel,0.5,1913.39,USD,77,500 units,SUP-00114
PRD-03848,SKU-SYN-54234,Industrial Resins & Plastics Grade-A,,Crude Oil / Polymers,0.7,2131.59,USD,71,250,SUP-00958
PRD-03849,SKU-SYN-79806,Corrugated Packaging Grade-B,Corrugated Packaging,Packaging,0.2,467.49,USD,33,,SUP-00338
PRD-03850,SKU-SYN-24733,copper conductors & wiring grade-3850,Copper Conductors & Wiring,Copper,0.65,-228.43,USD,64,500 units,SUP-00983
PRD-03851,SKU-SYN-94013,Industrial Resins & Plastics Grade-D,Industrial Resins & Plastics,Crude Oil / Polymers,0.7,1709.05,USD,59,,SUP-00966
PRD-03852,sku_3852,Industrial Resins & Plastics Grade-E,Industrial Resins & Plastics,Crude Oil / Polymers,0.7,$1482.44,USD,-10,,SUP-00809
PRD-03853,SKU-SYN-28359,Copper Conductors & Wiring Grade-F,Copper Conductors & Wiring,Copper,0.65,1084.86,USD,56,500,SUP-00527
PRD-03854,SKU-SYN-83298,Corrugated Packaging Grade-G,Corrugated Packaging,Packaging,0.2,9.62,USD,84,500,SUP-00422
PRD-03855,SKU-SYN-47979,Heavy Engine Castings Grade-H,Heavy Engine Castings,Steel,0.5,1370.77,USD,52,250,SUP-00746
PRD-03856,SKU-SYN-16032,Synthetic Lubricants Grade-I,,Crude Oil / Polymers,0.8,982.42,USD,48,500 units,SUP-00928
PRD-03857,SKU-SYN-95210,Heavy Engine Castings Grade-J,Heavy Engine Castings,Steel,0.5,955.4,USD,5,500,SUP-00386
PRD-03858,SKU-SYN-98977,Printed Circuit Boards Grade-K,Printed Circuit Boards,Copper,0.35,$1597.56,USD,71,500 units,SUP-00367
PRD-03859,SKU-SYN-66393,Corrugated Packaging Grade-L,Corrugated Packaging,Packaging,0.2,2299.71,USD,64,,SUP-00216
PRD-03860,SKU-SYN-64419,corrugated packaging grade-3860,Corrugated Packaging,Packaging,0.2,2904.97,USD,21,500,SUP-99999
PRD-03861,SKU-SYN-12085,Corrugated Packaging Grade-N,Corrugated Packaging,Packaging,0.2,925.57,USD,16,,SUP-00672
PRD-03862,SKU-SYN-40168,Industrial Resins & Plastics Grade-O,Industrial Resins & Plastics,Crude Oil / Polymers,0.7,473.99,USD,85,500 units,SUP-00089
PRD-03863,SKU-SYN-87110,Corrugated Packaging Grade-P,Corrugated Packaging,Packaging,0.2,114.21,USD,25,500 units,SUP-00066
PRD-03864,sku_3864,Synthetic Lubricants Grade-Q,,Crude Oil / Polymers,0.8,$458.45,USD,28,100,SUP-00086
PRD-03865,SKU-SYN-31424,Corrugated Packaging Grade-R,Corrugated Packaging,Packaging,0.2,1356.0,USD,80,,SUP-00843
PRD-03866,SKU-SYN-80005,Corrugated Packaging Grade-S,Corrugated Packaging,Packaging,0.2,3009.93,USD,12,250,SUP-00291
PRD-03867,SKU-SYN-94125,Printed Circuit Boards Grade-T,Printed Circuit Boards,Copper,0.35,1245.08,USD,88,100,SUP-00555
PRD-03868,SKU-SYN-45349,Printed Circuit Boards Grade-U,Printed Circuit Boards,Copper,0.35,1034.92,USD,30,500,SUP-00147
PRD-03869,SKU-SYN-58772,Heavy Engine Castings Grade-V,Heavy Engine Castings,Steel,0.5,2205.35,USD,19,500 units,SUP-00259
PRD-03870,SKU-SYN-37292,corrugated packaging grade-3870,Corrugated Packaging,Packaging,0.2,$1473.5,USD,-10,500 units,SUP-00803
PRD-03871,SKU-SYN-46574,Copper Conductors & Wiring Grade-X,Copper Conductors & Wiring,Copper,0.65,746.94,USD,67,500,SUP-00506
PRD-03872,SKU-SYN-55845,Corrugated Packaging Grade-Y,,Packaging,0.2,943.48,USD,65,500 units,SUP-00835
PRD-03873,SKU-SYN-97436,Corrugated Packaging Grade-Z,Corrugated Packaging,Packaging,0.2,2841.15,USD,64,,SUP-00611
PRD-03874,SKU-SYN-31468,Heavy Engine Castings Grade-A,Heavy Engine Castings,Steel,0.5,1883.45,USD,49,500,SUP-00983
PRD-03875,SKU-SYN-88720,Heavy Engine Castings Grade-B,Heavy Engine Castings,Steel,0.5,-2536.16,USD,77,100,SUP-00656
PRD-03876,sku_3876,Printed Circuit Boards Grade-C,Printed Circuit Boards,Copper,0.35,$182.9,USD,33,500,SUP-00075
PRD-03877,SKU-SYN-74028,Printed Circuit Boards Grade-D,Printed Circuit Boards,Copper,0.35,1058.93,USD,40,500 units,SUP-00534
PRD-03878,SKU-SYN-61491,Corrugated Packaging Grade-E,Corrugated Packaging,Packaging,0.2,124.92,USD,12,100,SUP-00003
PRD-03879,SKU-SYN-32600,Corrugated Packaging Grade-F,Corrugated Packaging,Packaging,0.2,3116.79,USD,52,500,SUP-00517
PRD-03880,SKU-SYN-25677,synthetic lubricants grade-3880,,Crude Oil / Polymers,0.8,2129.94,USD,21,500,SUP-99999
PRD-03881,SKU-SYN-30188,Copper Conductors & Wiring Grade-H,Copper Conductors & Wiring,Copper,0.65,1998.52,USD,41,,SUP-00889
PRD-03882,SKU-SYN-24691,Industrial Resins & Plastics Grade-I,Industrial Resins & Plastics,Crude Oil / Polymers,0.7,$2117.76,USD,87,100,SUP-00058
PRD-03883,SKU-SYN-23893,Printed Circuit Boards Grade-J,Printed Circuit Boards,Copper,0.35,1805.51,USD,41,500 units,SUP-00321
PRD-03884,SKU-SYN-86405,Printed Circuit Boards Grade-K,Printed Circuit Boards,Copper,0.35,485.58,USD,10,500 units,SUP-00334
PRD-03885,SKU-SYN-38145,Industrial Resins & Plastics Grade-L,Industrial Resins & Plastics,Crude Oil / Polymers,0.7,155.2,USD,76,500 units,SUP-00977
PRD-03886,SKU-SYN-99793,Synthetic Lubricants Grade-M,Synthetic Lubricants,Crude Oil / Polymers,0.8,2231.18,USD,90,500,SUP-00009
PRD-03887,SKU-SYN-14650,Industrial Resins & Plastics Grade-N,Industrial Resins & Plastics,Crude Oil / Polymers,0.7,485.44,USD,57,100,SUP-00539
PRD-03888,sku_3888,Heavy Engine Castings Grade-O,,Steel,0.5,$7.97,USD,-10,,SUP-00894
PRD-03889,SKU-SYN-54834,Synthetic Lubricants Grade-P,Synthetic Lubricants,Crude Oil / Polymers,0.8,544.73,USD,80,500,SUP-00115
PRD-03890,SKU-SYN-80090,copper conductors & wiring grade-3890,Copper Conductors & Wiring,Copper,0.65,913.14,USD,67,100,SUP-00288
PRD-03891,SKU-SYN-11508,Corrugated Packaging Grade-R,Corrugated Packaging,Packaging,0.2,2179.47,USD,58,500 units,SUP-00908
PRD-03892,SKU-SYN-93529,Industrial Resins & Plastics Grade-S,Industrial Resins & Plastics,Crude Oil / Polymers,0.7,3030.18,USD,86,500,SUP-00668
PRD-03893,SKU-SYN-53880,Industrial Resins & Plastics Grade-T,Industrial Resins & Plastics,Crude Oil / Polymers,0.7,2312.02,USD,90,,SUP-00675
PRD-03894,SKU-SYN-69399,Copper Conductors & Wiring Grade-U,Copper Conductors & Wiring,Copper,0.65,$1021.4,USD,56,500 units,SUP-00675
PRD-03895,SKU-SYN-34300,Corrugated Packaging Grade-V,Corrugated Packaging,Packaging,0.2,159.21,USD,57,500,SUP-00759
PRD-03896,SKU-SYN-84481,Corrugated Packaging Grade-W,,Packaging,0.2,2369.25,USD,21,250,SUP-00582
PRD-03897,SKU-SYN-18962,Synthetic Lubricants Grade-X,Synthetic Lubricants,Crude Oil / Polymers,0.8,2809.08,USD,30,500 units,SUP-00831
PRD-03898,SKU-SYN-68786,Corrugated Packaging Grade-Y,Corrugated Packaging,Packaging,0.2,750.73,USD,87,500 units,SUP-00757
PRD-03899,SKU-SYN-46241,Synthetic Lubricants Grade-Z,Synthetic Lubricants,Crude Oil / Polymers,0.8,2143.46,USD,61,250,SUP-00254
prd_3900,sku_3900,printed circuit boards grade-3900,Printed Circuit Boards,Copper,0.35,$2224.93,USD,76,500 units,SUP-99999
PRD-03901,SKU-SYN-17652,Copper Conductors & Wiring Grade-B,Copper Conductors & Wiring,Copper,0.65,714.96,USD,56,100,SUP-00407
PRD-03902,SKU-SYN-25263,Industrial Resins & Plastics Grade-C,Industrial Resins & Plastics,Crude Oil / Polymers,0.7,1443.07,USD,17,100,SUP-00836
PRD-03903,SKU-SYN-64937,Corrugated Packaging Grade-D,Corrugated Packaging,Packaging,0.2,1743.48,USD,30,500,SUP-00627
PRD-03904,SKU-SYN-14491,Printed Circuit Boards Grade-E,,Copper,0.35,3099.46,USD,75,500,SUP-00147
PRD-03905,SKU-SYN-95588,Corrugated Packaging Grade-F,Corrugated Packaging,Packaging,0.2,1554.93,USD,79,,SUP-00524
PRD-03906,SKU-SYN-94809,Copper Conductors & Wiring Grade-G,Copper Conductors & Wiring,Copper,0.65,$2422.32,USD,-10,100,SUP-00395
PRD-03907,SKU-SYN-60147,Synthetic Lubricants Grade-H,Synthetic Lubricants,Crude Oil / Polymers,0.8,2722.54,USD,6,500 units,SUP-00652
PRD-03908,SKU-SYN-67787,Corrugated Packaging Grade-I,Corrugated Packaging,Packaging,0.2,1233.77,USD,24,500,SUP-00359
PRD-03909,SKU-SYN-71089,Synthetic Lubricants Grade-J,Synthetic Lubricants,Crude Oil / Polymers,0.8,297.75,USD,22,250,SUP-00673
PRD-03910,SKU-SYN-46060,copper conductors & wiring grade-3910,Copper Conductors & Wiring,Copper,0.65,468.69,USD,16,500 units,SUP-00207
PRD-03911,SKU-SYN-37446,Printed Circuit Boards Grade-L,Printed Circuit Boards,Copper,0.35,2457.94,USD,25,,SUP-00937
PRD-03912,sku_3912,Industrial Resins & Plastics Grade-M,,Crude Oil / Polymers,0.7,$663.84,USD,28,100,SUP-00457
PRD-03913,SKU-SYN-26268,Corrugated Packaging Grade-N,Corrugated Packaging,Packaging,0.2,2569.19,USD,74,500,SUP-00704
PRD-03914,SKU-SYN-23612,Copper Conductors & Wiring Grade-O,Copper Conductors & Wiring,Copper,0.65,2203.19,USD,44,500 units,SUP-00003
PRD-03915,SKU-SYN-67366,Industrial Resins & Plastics Grade-P,Industrial Resins & Plastics,Crude Oil / Polymers,0.7,1659.64,USD,61,250,SUP-00052
PRD-03916,SKU-SYN-17634,Synthetic Lubricants Grade-Q,Synthetic Lubricants,Crude Oil / Polymers,0.8,959.86,USD,43,500,SUP-00677
PRD-03917,SKU-SYN-55963,Industrial Resins & Plastics Grade-R,Industrial Resins & Plastics,Crude Oil / Polymers,0.7,552.85,USD,7,250,SUP-00078
PRD-03918,SKU-SYN-71798,Synthetic Lubricants Grade-S,Synthetic Lubricants,Crude Oil / Polymers,0.8,$1385.2,USD,29,,SUP-00936
PRD-03919,SKU-SYN-16213,Industrial Resins & Plastics Grade-T,Industrial Resins & Plastics,Crude Oil / Polymers,0.7,1128.9,USD,29,100,SUP-00978
PRD-03920,SKU-SYN-43836,printed circuit boards grade-3920,,Copper,0.35,1640.26,USD,77,250,SUP-99999
PRD-03921,SKU-SYN-80061,Synthetic Lubricants Grade-V,Synthetic Lubricants,Crude Oil / Polymers,0.8,7.36,USD,84,500 units,SUP-00557
PRD-03922,SKU-SYN-26814,Printed Circuit Boards Grade-W,Printed Circuit Boards,Copper,0.35,835.29,USD,87,500,SUP-00737
PRD-03923,SKU-SYN-20133,Corrugated Packaging Grade-X,Corrugated Packaging,Packaging,0.2,3049.14,USD,81,500,SUP-00363
PRD-03924,sku_3924,Industrial Resins & Plastics Grade-Y,Industrial Resins & Plastics,Crude Oil / Polymers,0.7,$149.69,USD,-10,100,SUP-00848
PRD-03925,SKU-SYN-56750,Printed Circuit Boards Grade-Z,Printed Circuit Boards,Copper,0.35,-1128.08,USD,58,250,SUP-00915
PRD-03926,SKU-SYN-31279,Heavy Engine Castings Grade-A,Heavy Engine Castings,Steel,0.5,2087.89,USD,32,250,SUP-00200
PRD-03927,SKU-SYN-22549,Corrugated Packaging Grade-B,Corrugated Packaging,Packaging,0.2,2129.3,USD,25,500,SUP-00818
PRD-03928,SKU-SYN-91687,Industrial Resins & Plastics Grade-C,,Crude Oil / Polymers,0.7,1890.15,USD,27,500,SUP-00664
PRD-03929,SKU-SYN-18906,Industrial Resins & Plastics Grade-D,Industrial Resins & Plastics,Crude Oil / Polymers,0.7,1499.91,USD,89,500,SUP-00621
PRD-03930,SKU-SYN-88443,synthetic lubricants grade-3930,Synthetic Lubricants,Crude Oil / Polymers,0.8,$275.24,USD,78,500,SUP-00510
PRD-03931,SKU-SYN-25767,Printed Circuit Boards Grade-F,Printed Circuit Boards,Copper,0.35,1225.21,USD,5,100,SUP-00389
PRD-03932,SKU-SYN-55589,Printed Circuit Boards Grade-G,Printed Circuit Boards,Copper,0.35,1266.02,USD,67,500 units,SUP-00652
PRD-03933,SKU-SYN-27424,Synthetic Lubricants Grade-H,Synthetic Lubricants,Crude Oil / Polymers,0.8,865.46,USD,78,500 units,SUP-00193
PRD-03934,SKU-SYN-71156,Synthetic Lubricants Grade-I,Synthetic Lubricants,Crude Oil / Polymers,0.8,542.42,USD,84,100,SUP-00191
PRD-03935,SKU-SYN-61499,Copper Conductors & Wiring Grade-J,Copper Conductors & Wiring,Copper,0.65,2205.78,USD,72,500 units,SUP-00044
PRD-03936,sku_3936,Heavy Engine Castings Grade-K,,Steel,0.5,$666.54,USD,43,250,SUP-00749
PRD-03937,SKU-SYN-59777,Printed Circuit Boards Grade-L,Printed Circuit Boards,Copper,0.35,2753.49,USD,67,250,SUP-00949
PRD-03938,SKU-SYN-43868,Synthetic Lubricants Grade-M,Synthetic Lubricants,Crude Oil / Polymers,0.8,80.96,USD,55,500,SUP-00495
PRD-03939,SKU-SYN-33248,Corrugated Packaging Grade-N,Corrugated Packaging,Packaging,0.2,416.45,USD,21,,SUP-00842
PRD-03940,SKU-SYN-89501,corrugated packaging grade-3940,Corrugated Packaging,Packaging,0.2,718.94,USD,41,,SUP-99999
PRD-03941,SKU-SYN-45621,Corrugated Packaging Grade-P,Corrugated Packaging,Packaging,0.2,1280.48,USD,14,250,SUP-00158
PRD-03942,SKU-SYN-31252,Printed Circuit Boards Grade-Q,Printed Circuit Boards,Copper,0.35,$1206.4,USD,-10,,SUP-00331
PRD-03943,SKU-SYN-13586,Corrugated Packaging Grade-R,Corrugated Packaging,Packaging,0.2,437.13,USD,72,,SUP-00077
PRD-03944,SKU-SYN-25139,Synthetic Lubricants Grade-S,,Crude Oil / Polymers,0.8,2790.48,USD,40,500,SUP-00440
PRD-03945,SKU-SYN-45978,Corrugated Packaging Grade-T,Corrugated Packaging,Packaging,0.2,241.61,USD,61,500 units,SUP-00167
PRD-03946,SKU-SYN-72833,Industrial Resins & Plastics Grade-U,Industrial Resins & Plastics,Crude Oil / Polymers,0.7,2282.41,USD,45,500 units,SUP-00111
PRD-03947,SKU-SYN-27469,Copper Conductors & Wiring Grade-V,Copper Conductors & Wiring,Copper,0.65,604.8,USD,11,100,SUP-00506
PRD-03948,sku_3948,Synthetic Lubricants Grade-W,Synthetic Lubricants,Crude Oil / Polymers,0.8,$1969.76,USD,48,,SUP-00572
PRD-03949,SKU-SYN-44914,Printed Circuit Boards Grade-X,Printed Circuit Boards,Copper,0.35,2242.23,USD,35,500 units,SUP-00478
PRD-03950,SKU-SYN-73882,copper conductors & wiring grade-3950,Copper Conductors & Wiring,Copper,0.65,-2741.5,USD,28,100,SUP-00654
PRD-03951,SKU-SYN-81318,Synthetic Lubricants Grade-Z,Synthetic Lubricants,Crude Oil / Polymers,0.8,3133.19,USD,31,100,SUP-00912
PRD-03952,SKU-SYN-78009,Printed Circuit Boards Grade-A,,Copper,0.35,992.69,USD,38,250,SUP-00806
PRD-03953,SKU-SYN-98877,Industrial Resins & Plastics Grade-B,Industrial Resins & Plastics,Crude Oil / Polymers,0.7,1681.56,USD,43,250,SUP-00990
PRD-03954,SKU-SYN-85021,Synthetic Lubricants Grade-C,Synthetic Lubricants,Crude Oil / Polymers,0.8,$1777.56,USD,60,250,SUP-00023
PRD-03955,SKU-SYN-41264,Printed Circuit Boards Grade-D,Printed Circuit Boards,Copper,0.35,271.34,USD,71,100,SUP-00286
PRD-03956,SKU-SYN-35791,Corrugated Packaging Grade-E,Corrugated Packaging,Packaging,0.2,347.42,USD,14,500 units,SUP-00193
PRD-03957,SKU-SYN-11235,Heavy Engine Castings Grade-F,Heavy Engine Castings,Steel,0.5,83.34,USD,84,100,SUP-00979
PRD-03958,SKU-SYN-39464,Industrial Resins & Plastics Grade-G,Industrial Resins & Plastics,Crude Oil / Polymers,0.7,2532.03,USD,64,,SUP-00365
PRD-03959,SKU-SYN-52981,Printed Circuit Boards Grade-H,Printed Circuit Boards,Copper,0.35,2538.05,USD,36,250,SUP-00196
PRD-03960,sku_3960,printed circuit boards grade-3960,,Copper,0.35,$983.14,USD,-10,100,SUP-99999
PRD-03961,SKU-SYN-39278,Copper Conductors & Wiring Grade-J,Copper Conductors & Wiring,Copper,0.65,3037.38,USD,46,250,SUP-00774
PRD-03962,SKU-SYN-11380,Synthetic Lubricants Grade-K,Synthetic Lubricants,Crude Oil / Polymers,0.8,2506.32,USD,79,100,SUP-00271
PRD-03963,SKU-SYN-96130,Corrugated Packaging Grade-L,Corrugated Packaging,Packaging,0.2,1677.47,USD,90,100,SUP-00531
PRD-03964,SKU-SYN-75439,Printed Circuit Boards Grade-M,Printed Circuit Boards,Copper,0.35,1046.35,USD,53,500,SUP-00163
PRD-03965,SKU-SYN-77983,Industrial Resins & Plastics Grade-N,Industrial Resins & Plastics,Crude Oil / Polymers,0.7,2654.78,USD,13,250,SUP-00180
PRD-03966,SKU-SYN-82037,Copper Conductors & Wiring Grade-O,Copper Conductors & Wiring,Copper,0.65,$1957.06,USD,22,,SUP-00778
PRD-03967,SKU-SYN-64406,Copper Conductors & Wiring Grade-P,Copper Conductors & Wiring,Copper,0.65,2118.11,USD,8,100,SUP-00753
PRD-03968,SKU-SYN-10293,Copper Conductors & Wiring Grade-Q,,Copper,0.65,2936.78,USD,49,500 units,SUP-00323
PRD-03969,SKU-SYN-30025,Corrugated Packaging Grade-R,Corrugated Packaging,Packaging,0.2,404.65,USD,42,,SUP-00705
PRD-03970,SKU-SYN-50047,industrial resins & plastics grade-3970,Industrial Resins & Plastics,Crude Oil / Polymers,0.7,2511.49,USD,16,500,SUP-00198
PRD-03971,SKU-SYN-84306,Printed Circuit Boards Grade-T,Printed Circuit Boards,Copper,0.35,255.44,USD,6,,SUP-00591
PRD-03972,sku_3972,Printed Circuit Boards Grade-U,Printed Circuit Boards,Copper,0.35,$1161.69,USD,74,500 units,SUP-00543
PRD-03973,SKU-SYN-45701,Synthetic Lubricants Grade-V,Synthetic Lubricants,Crude Oil / Polymers,0.8,679.12,USD,22,,SUP-00439
PRD-03974,SKU-SYN-82650,Heavy Engine Castings Grade-W,Heavy Engine Castings,Steel,0.5,2434.6,USD,55,500,SUP-00751
PRD-03975,SKU-SYN-20626,Printed Circuit Boards Grade-X,Printed Circuit Boards,Copper,0.35,-855.1,USD,81,500 units,SUP-00883
PRD-03976,SKU-SYN-39888,Industrial Resins & Plastics Grade-Y,,Crude Oil / Polymers,0.7,1129.53,USD,25,250,SUP-00296
PRD-03977,SKU-SYN-77812,Copper Conductors & Wiring Grade-Z,Copper Conductors & Wiring,Copper,0.65,66.94,USD,68,100,SUP-00612
PRD-03978,SKU-SYN-44087,Synthetic Lubricants Grade-A,Synthetic Lubricants,Crude Oil / Polymers,0.8,$2765.79,USD,-10,250,SUP-00478
PRD-03979,SKU-SYN-58012,Copper Conductors & Wiring Grade-B,Copper Conductors & Wiring,Copper,0.65,162.63,USD,72,100,SUP-00638
PRD-03980,SKU-SYN-85938,corrugated packaging grade-3980,Corrugated Packaging,Packaging,0.2,1523.43,USD,89,250,SUP-99999
PRD-03981,SKU-SYN-87470,Synthetic Lubricants Grade-D,Synthetic Lubricants,Crude Oil / Polymers,0.8,637.55,USD,34,500 units,SUP-00838
PRD-03982,SKU-SYN-28635,Industrial Resins & Plastics Grade-E,Industrial Resins & Plastics,Crude Oil / Polymers,0.7,1779.42,USD,77,250,SUP-00008
PRD-03983,SKU-SYN-32576,Industrial Resins & Plastics Grade-F,Industrial Resins & Plastics,Crude Oil / Polymers,0.7,2667.6,USD,74,250,SUP-00502
PRD-03984,sku_3984,Heavy Engine Castings Grade-G,,Steel,0.5,$868.12,USD,7,100,SUP-00109
PRD-03985,SKU-SYN-93018,Corrugated Packaging Grade-H,Corrugated Packaging,Packaging,0.2,210.15,USD,67,500,SUP-00477
PRD-03986,SKU-SYN-70621,Printed Circuit Boards Grade-I,Printed Circuit Boards,Copper,0.35,648.16,USD,47,500 units,SUP-00945
PRD-03987,SKU-SYN-11734,Heavy Engine Castings Grade-J,Heavy Engine Castings,Steel,0.5,2580.11,USD,64,500 units,SUP-00700
PRD-03988,SKU-SYN-61767,Printed Circuit Boards Grade-K,Printed Circuit Boards,Copper,0.35,2526.77,USD,51,100,SUP-00217
PRD-03989,SKU-SYN-26593,Industrial Resins & Plastics Grade-L,Industrial Resins & Plastics,Crude Oil / Polymers,0.7,618.16,USD,14,500,SUP-00468
PRD-03990,SKU-SYN-91582,copper conductors & wiring grade-3990,Copper Conductors & Wiring,Copper,0.65,$2394.62,USD,86,,SUP-00785
PRD-03991,SKU-SYN-75521,Copper Conductors & Wiring Grade-N,Copper Conductors & Wiring,Copper,0.65,1972.86,USD,77,500 units,SUP-00229
PRD-03992,SKU-SYN-58921,Synthetic Lubricants Grade-O,,Crude Oil / Polymers,0.8,1485.96,USD,66,500 units,SUP-00162
PRD-03993,SKU-SYN-88064,Industrial Resins & Plastics Grade-P,Industrial Resins & Plastics,Crude Oil / Polymers,0.7,187.64,USD,32,500 units,SUP-00209
PRD-03994,SKU-SYN-33167,Synthetic Lubricants Grade-Q,Synthetic Lubricants,Crude Oil / Polymers,0.8,1708.17,USD,9,,SUP-00291
PRD-03995,SKU-SYN-24803,Corrugated Packaging Grade-R,Corrugated Packaging,Packaging,0.2,2561.56,USD,35,500,SUP-00169
PRD-03996,sku_3996,Heavy Engine Castings Grade-S,Heavy Engine Castings,Steel,0.5,$93.78,USD,-10,500,SUP-00462
PRD-03997,SKU-SYN-14731,Industrial Resins & Plastics Grade-T,Industrial Resins & Plastics,Crude Oil / Polymers,0.7,1166.9,USD,43,100,SUP-00399
PRD-03998,SKU-SYN-54437,Corrugated Packaging Grade-U,Corrugated Packaging,Packaging,0.2,2175.63,USD,46,500,SUP-00357
PRD-03999,SKU-SYN-17340,Industrial Resins & Plastics Grade-V,Industrial Resins & Plastics,Crude Oil / Polymers,0.7,221.98,USD,86,250,SUP-00046
PRD-04000,SKU-SYN-53066,copper conductors & wiring grade-4000,,Copper,0.65,-2619.2,USD,48,250,SUP-99999
PRD-04001,SKU-SYN-28273,Industrial Resins & Plastics Grade-X,Industrial Resins & Plastics,Crude Oil / Polymers,0.7,39.94,USD,52,,SUP-00596
PRD-04002,SKU-SYN-59330,Printed Circuit Boards Grade-Y,Printed Circuit Boards,Copper,0.35,$2399.51,USD,30,100,SUP-00678
PRD-04003,SKU-SYN-22775,Industrial Resins & Plastics Grade-Z,Industrial Resins & Plastics,Crude Oil / Polymers,0.7,103.76,USD,77,500,SUP-00065
PRD-04004,SKU-SYN-39621,Heavy Engine Castings Grade-A,Heavy Engine Castings,Steel,0.5,320.27,USD,44,,SUP-00636
PRD-04005,SKU-SYN-55840,Synthetic Lubricants Grade-B,Synthetic Lubricants,Crude Oil / Polymers,0.8,463.93,USD,78,250,SUP-00070
PRD-04006,SKU-SYN-93170,Copper Conductors & Wiring Grade-C,Copper Conductors & Wiring,Copper,0.65,2325.17,USD,27,250,SUP-00255
PRD-04007,SKU-SYN-12153,Corrugated Packaging Grade-D,Corrugated Packaging,Packaging,0.2,951.07,USD,26,100,SUP-00550
PRD-04008,sku_4008,Heavy Engine Castings Grade-E,,Steel,0.5,$2210.18,USD,26,500 units,SUP-00409
PRD-04009,SKU-SYN-38326,Corrugated Packaging Grade-F,Corrugated Packaging,Packaging,0.2,2006.51,USD,10,500,SUP-00021
PRD-04010,SKU-SYN-20051,copper conductors & wiring grade-4010,Copper Conductors & Wiring,Copper,0.65,1252.24,USD,20,100,SUP-00511
PRD-04011,SKU-SYN-64019,Industrial Resins & Plastics Grade-H,Industrial Resins & Plastics,Crude Oil / Polymers,0.7,2577.25,USD,84,500,SUP-00913
PRD-04012,SKU-SYN-67892,Industrial Resins & Plastics Grade-I,Industrial Resins & Plastics,Crude Oil / Polymers,0.7,3125.7,USD,87,,SUP-00563
PRD-04013,SKU-SYN-52900,Synthetic Lubricants Grade-J,Synthetic Lubricants,Crude Oil / Polymers,0.8,2872.64,USD,66,500,SUP-00580
PRD-04014,SKU-SYN-78616,Heavy Engine Castings Grade-K,Heavy Engine Castings,Steel,0.5,$2806.95,USD,-10,100,SUP-00365
PRD-04015,SKU-SYN-21069,Printed Circuit Boards Grade-L,Printed Circuit Boards,Copper,0.35,563.43,USD,61,500,SUP-00442
PRD-04016,SKU-SYN-50153,Printed Circuit Boards Grade-M,,Copper,0.35,2395.99,USD,6,500 units,SUP-00482
PRD-04017,SKU-SYN-88727,Industrial Resins & Plastics Grade-N,Industrial Resins & Plastics,Crude Oil / Polymers,0.7,1134.77,USD,29,500 units,SUP-00951
PRD-04018,SKU-SYN-23274,Synthetic Lubricants Grade-O,Synthetic Lubricants,Crude Oil / Polymers,0.8,492.16,USD,49,500,SUP-00151
PRD-04019,SKU-SYN-81969,Copper Conductors & Wiring Grade-P,Copper Conductors & Wiring,Copper,0.65,2159.24,USD,85,100,SUP-00489
PRD-04020,sku_4020,copper conductors & wiring grade-4020,Copper Conductors & Wiring,Copper,0.65,$544.35,USD,28,,SUP-99999
PRD-04021,SKU-SYN-18725,Printed Circuit Boards Grade-R,Printed Circuit Boards,Copper,0.35,42.77,USD,81,,SUP-00847
PRD-04022,SKU-SYN-81346,Copper Conductors & Wiring Grade-S,Copper Conductors & Wiring,Copper,0.65,1966.11,USD,5,250,SUP-00338
PRD-04023,SKU-SYN-50290,Corrugated Packaging Grade-T,Corrugated Packaging,Packaging,0.2,557.06,USD,13,250,SUP-00944
PRD-04024,SKU-SYN-82271,Heavy Engine Castings Grade-U,,Steel,0.5,1176.35,USD,9,,SUP-00383
PRD-04025,SKU-SYN-81309,Copper Conductors & Wiring Grade-V,Copper Conductors & Wiring,Copper,0.65,-1243.53,USD,24,100,SUP-00033
PRD-04026,SKU-SYN-41803,Heavy Engine Castings Grade-W,Heavy Engine Castings,Steel,0.5,$1108.93,USD,85,500 units,SUP-00209
PRD-04027,SKU-SYN-57451,Corrugated Packaging Grade-X,Corrugated Packaging,Packaging,0.2,2840.3,USD,30,500 units,SUP-00266
PRD-04028,SKU-SYN-94465,Copper Conductors & Wiring Grade-Y,Copper Conductors & Wiring,Copper,0.65,34.48,USD,61,100,SUP-00397
PRD-04029,SKU-SYN-58848,Synthetic Lubricants Grade-Z,Synthetic Lubricants,Crude Oil / Polymers,0.8,102.17,USD,5,500,SUP-00668
PRD-04030,SKU-SYN-19483,printed circuit boards grade-4030,Printed Circuit Boards,Copper,0.35,1128.39,USD,77,100,SUP-00846
PRD-04031,SKU-SYN-47935,Printed Circuit Boards Grade-B,Printed Circuit Boards,Copper,0.35,414.13,USD,81,500,SUP-00080
PRD-04032,sku_4032,Heavy Engine Castings Grade-C,,Steel,0.5,$296.48,USD,-10,100,SUP-00184
PRD-04033,SKU-SYN-66308,Copper Conductors & Wiring Grade-D,Copper Conductors & Wiring,Copper,0.65,755.58,USD,76,250,SUP-00022
PRD-04034,SKU-SYN-73197,Corrugated Packaging Grade-E,Corrugated Packaging,Packaging,0.2,2121.62,USD,44,,SUP-00559
PRD-04035,SKU-SYN-50879,Industrial Resins & Plastics Grade-F,Industrial Resins & Plastics,Crude Oil / Polymers,0.7,2043.84,USD,7,500 units,SUP-00520
PRD-04036,SKU-SYN-59752,Synthetic Lubricants Grade-G,Synthetic Lubricants,Crude Oil / Polymers,0.8,1754.58,USD,11,250,SUP-00625
PRD-04037,SKU-SYN-86496,Heavy Engine Castings Grade-H,Heavy Engine Castings,Steel,0.5,1895.32,USD,90,,SUP-00024
PRD-04038,SKU-SYN-39101,Heavy Engine Castings Grade-I,Heavy Engine Castings,Steel,0.5,$493.62,USD,67,100,SUP-00872
PRD-04039,SKU-SYN-22858,Synthetic Lubricants Grade-J,Synthetic Lubricants,Crude Oil / Polymers,0.8,2343.18,USD,29,500 units,SUP-00359
PRD-04040,SKU-SYN-63337,industrial resins & plastics grade-4040,,Crude Oil / Polymers,0.7,2241.8,USD,48,250,SUP-99999
PRD-04041,SKU-SYN-40748,Corrugated Packaging Grade-L,Corrugated Packaging,Packaging,0.2,1617.39,USD,5,100,SUP-00856
PRD-04042,SKU-SYN-71123,Industrial Resins & Plastics Grade-M,Industrial Resins & Plastics,Crude Oil / Polymers,0.7,2417.49,USD,90,100,SUP-00363
PRD-04043,SKU-SYN-61137,Corrugated Packaging Grade-N,Corrugated Packaging,Packaging,0.2,2886.37,USD,17,500 units,SUP-00949
PRD-04044,sku_4044,Heavy Engine Castings Grade-O,Heavy Engine Castings,Steel,0.5,$339.45,USD,75,500 units,SUP-00089
PRD-04045,SKU-SYN-23108,Industrial Resins & Plastics Grade-P,Industrial Resins & Plastics,Crude Oil / Polymers,0.7,2294.21,USD,90,500,SUP-00484
PRD-04046,SKU-SYN-73670,Copper Conductors & Wiring Grade-Q,Copper Conductors & Wiring,Copper,0.65,983.18,USD,78,100,SUP-00147
PRD-04047,SKU-SYN-21898,Industrial Resins & Plastics Grade-R,Industrial Resins & Plastics,Crude Oil / Polymers,0.7,549.05,USD,30,100,SUP-00012
PRD-04048,SKU-SYN-25754,Copper Conductors & Wiring Grade-S,,Copper,0.65,1387.91,USD,79,100,SUP-00469
PRD-04049,SKU-SYN-57403,Copper Conductors & Wiring Grade-T,Copper Conductors & Wiring,Copper,0.65,828.51,USD,51,500,SUP-00710
PRD-04050,SKU-SYN-23786,synthetic lubricants grade-4050,Synthetic Lubricants,Crude Oil / Polymers,0.8,$1543.3,USD,-10,500,SUP-00181
PRD-04051,SKU-SYN-40884,Corrugated Packaging Grade-V,Corrugated Packaging,Packaging,0.2,1034.24,USD,36,100,SUP-00176
PRD-04052,SKU-SYN-38913,Printed Circuit Boards Grade-W,Printed Circuit Boards,Copper,0.35,2898.07,USD,74,500 units,SUP-00387
PRD-04053,SKU-SYN-38604,Synthetic Lubricants Grade-X,Synthetic Lubricants,Crude Oil / Polymers,0.8,1095.03,USD,69,500 units,SUP-00285
PRD-04054,SKU-SYN-55228,Industrial Resins & Plastics Grade-Y,Industrial Resins & Plastics,Crude Oil / Polymers,0.7,2089.45,USD,68,500 units,SUP-00493
PRD-04055,SKU-SYN-77243,Printed Circuit Boards Grade-Z,Printed Circuit Boards,Copper,0.35,2439.59,USD,53,500,SUP-00632
PRD-04056,sku_4056,Corrugated Packaging Grade-A,,Packaging,0.2,$2517.23,USD,18,250,SUP-00201
PRD-04057,SKU-SYN-37203,Synthetic Lubricants Grade-B,Synthetic Lubricants,Crude Oil / Polymers,0.8,891.13,USD,64,,SUP-00742
PRD-04058,SKU-SYN-76689,Industrial Resins & Plastics Grade-C,Industrial Resins & Plastics,Crude Oil / Polymers,0.7,3000.95,USD,37,100,SUP-00111
PRD-04059,SKU-SYN-88577,Heavy Engine Castings Grade-D,Heavy Engine Castings,Steel,0.5,1620.08,USD,22,500 units,SUP-00828
PRD-04060,SKU-SYN-48307,corrugated packaging grade-4060,Corrugated Packaging,Packaging,0.2,2208.24,USD,52,,SUP-99999
PRD-04061,SKU-SYN-43710,Corrugated Packaging Grade-F,Corrugated Packaging,Packaging,0.2,474.23,USD,84,,SUP-00483
PRD-04062,SKU-SYN-41388,Printed Circuit Boards Grade-G,Printed Circuit Boards,Copper,0.35,$2042.49,USD,86,250,SUP-00286
PRD-04063,SKU-SYN-47202,Printed Circuit Boards Grade-H,Printed Circuit Boards,Copper,0.35,2665.12,USD,78,,SUP-00887
PRD-04064,SKU-SYN-45806,Copper Conductors & Wiring Grade-I,,Copper,0.65,78.96,USD,12,500,SUP-00707
PRD-04065,SKU-SYN-83905,Heavy Engine Castings Grade-J,Heavy Engine Castings,Steel,0.5,3177.3,USD,53,,SUP-00257
PRD-04066,SKU-SYN-37797,Corrugated Packaging Grade-K,Corrugated Packaging,Packaging,0.2,2771.11,USD,78,500,SUP-00486
PRD-04067,SKU-SYN-25286,Copper Conductors & Wiring Grade-L,Copper Conductors & Wiring,Copper,0.65,1987.66,USD,9,100,SUP-00829
PRD-04068,sku_4068,Printed Circuit Boards Grade-M,Printed Circuit Boards,Copper,0.35,$1751.86,USD,-10,100,SUP-00064
PRD-04069,SKU-SYN-65398,Copper Conductors & Wiring Grade-N,Copper Conductors & Wiring,Copper,0.65,1538.61,USD,31,500,SUP-00611
PRD-04070,SKU-SYN-94995,copper conductors & wiring grade-4070,Copper Conductors & Wiring,Copper,0.65,1654.47,USD,13,,SUP-00189
PRD-04071,SKU-SYN-92607,Printed Circuit Boards Grade-P,Printed Circuit Boards,Copper,0.35,1919.83,USD,42,250,SUP-00745
PRD-04072,SKU-SYN-55147,Industrial Resins & Plastics Grade-Q,,Crude Oil / Polymers,0.7,1625.1,USD,12,500 units,SUP-00386
PRD-04073,SKU-SYN-32321,Industrial Resins & Plastics Grade-R,Industrial Resins & Plastics,Crude Oil / Polymers,0.7,471.31,USD,65,500,SUP-00399
PRD-04074,SKU-SYN-72044,Synthetic Lubricants Grade-S,Synthetic Lubricants,Crude Oil / Polymers,0.8,$2777.92,USD,52,,SUP-00946
PRD-04075,SKU-SYN-43397,Copper Conductors & Wiring Grade-T,Copper Conductors & Wiring,Copper,0.65,-424.14,USD,49,250,SUP-00679
PRD-04076,SKU-SYN-52919,Corrugated Packaging Grade-U,Corrugated Packaging,Packaging,0.2,3188.39,USD,16,500 units,SUP-00820
PRD-04077,SKU-SYN-67930,Corrugated Packaging Grade-V,Corrugated Packaging,Packaging,0.2,3130.0,USD,83,100,SUP-00270
PRD-04078,SKU-SYN-13708,Copper Conductors & Wiring Grade-W,Copper Conductors & Wiring,Copper,0.65,188.63,USD,9,500 units,SUP-00704
PRD-04079,SKU-SYN-31251,Heavy Engine Castings Grade-X,Heavy Engine Castings,Steel,0.5,502.18,USD,28,,SUP-00846
PRD-04080,sku_4080,heavy engine castings grade-4080,,Steel,0.5,$1574.73,USD,61,500 units,SUP-99999
PRD-04081,SKU-SYN-64482,Printed Circuit Boards Grade-Z,Printed Circuit Boards,Copper,0.35,1992.65,USD,86,250,SUP-00921
PRD-04082,SKU-SYN-75155,Corrugated Packaging Grade-A,Corrugated Packaging,Packaging,0.2,2193.99,USD,27,500 units,SUP-00496
PRD-04083,SKU-SYN-87697,Synthetic Lubricants Grade-B,Synthetic Lubricants,Crude Oil / Polymers,0.8,2022.38,USD,14,100,SUP-00085
PRD-04084,SKU-SYN-69775,Corrugated Packaging Grade-C,Corrugated Packaging,Packaging,0.2,2412.82,USD,17,100,SUP-00483
PRD-04085,SKU-SYN-28997,Synthetic Lubricants Grade-D,Synthetic Lubricants,Crude Oil / Polymers,0.8,238.51,USD,57,,SUP-00595
PRD-04086,SKU-SYN-50654,Printed Circuit Boards Grade-E,Printed Circuit Boards,Copper,0.35,$2013.49,USD,-10,250,SUP-00645
PRD-04087,SKU-SYN-92672,Industrial Resins & Plastics Grade-F,Industrial Resins & Plastics,Crude Oil / Polymers,0.7,934.31,USD,70,100,SUP-00215
PRD-04088,SKU-SYN-24327,Heavy Engine Castings Grade-G,,Steel,0.5,2259.97,USD,43,500 units,SUP-00836
PRD-04089,SKU-SYN-27990,Copper Conductors & Wiring Grade-H,Copper Conductors & Wiring,Copper,0.65,71.26,USD,15,500 units,SUP-00220
PRD-04090,SKU-SYN-59160,copper conductors & wiring grade-4090,Copper Conductors & Wiring,Copper,0.65,3113.78,USD,11,500 units,SUP-00731
PRD-04091,SKU-SYN-48375,Synthetic Lubricants Grade-J,Synthetic Lubricants,Crude Oil / Polymers,0.8,1758.5,USD,8,100,SUP-00253
PRD-04092,sku_4092,Industrial Resins & Plastics Grade-K,Industrial Resins & Plastics,Crude Oil / Polymers,0.7,$1237.84,USD,89,500,SUP-00492
PRD-04093,SKU-SYN-39005,Industrial Resins & Plastics Grade-L,Industrial Resins & Plastics,Crude Oil / Polymers,0.7,2099.92,USD,45,250,SUP-00139
PRD-04094,SKU-SYN-24132,Corrugated Packaging Grade-M,Corrugated Packaging,Packaging,0.2,351.0,USD,35,100,SUP-00965
PRD-04095,SKU-SYN-72099,Printed Circuit Boards Grade-N,Printed Circuit Boards,Copper,0.35,3012.19,USD,34,500,SUP-00720
PRD-04096,SKU-SYN-74134,Industrial Resins & Plastics Grade-O,,Crude Oil / Polymers,0.7,457.53,USD,90,500 units,SUP-00884
PRD-04097,SKU-SYN-90244,Heavy Engine Castings Grade-P,Heavy Engine Castings,Steel,0.5,630.43,USD,86,,SUP-00932
PRD-04098,SKU-SYN-70572,Industrial Resins & Plastics Grade-Q,Industrial Resins & Plastics,Crude Oil / Polymers,0.7,$3133.27,USD,6,,SUP-00867
PRD-04099,SKU-SYN-95319,Heavy Engine Castings Grade-R,Heavy Engine Castings,Steel,0.5,2742.66,USD,70,250,SUP-00493
PRD-04100,SKU-SYN-95239,printed circuit boards grade-4100,Printed Circuit Boards,Copper,0.35,-2942.3,USD,37,100,SUP-99999
PRD-04101,SKU-SYN-67076,Copper Conductors & Wiring Grade-T,Copper Conductors & Wiring,Copper,0.65,747.89,USD,73,100,SUP-00652
PRD-04102,SKU-SYN-74879,Synthetic Lubricants Grade-U,Synthetic Lubricants,Crude Oil / Polymers,0.8,792.04,USD,81,500,SUP-00301
PRD-04103,SKU-SYN-92364,Printed Circuit Boards Grade-V,Printed Circuit Boards,Copper,0.35,2873.59,USD,82,,SUP-00060
PRD-04104,sku_4104,Copper Conductors & Wiring Grade-W,,Copper,0.65,$2595.12,USD,-10,500,SUP-00586
PRD-04105,SKU-SYN-37262,Heavy Engine Castings Grade-X,Heavy Engine Castings,Steel,0.5,976.04,USD,67,500,SUP-00549
PRD-04106,SKU-SYN-28212,Printed Circuit Boards Grade-Y,Printed Circuit Boards,Copper,0.35,2454.62,USD,85,100,SUP-00647
PRD-04107,SKU-SYN-28775,Corrugated Packaging Grade-Z,Corrugated Packaging,Packaging,0.2,1250.05,USD,27,500,SUP-00823
PRD-04108,SKU-SYN-80898,Industrial Resins & Plastics Grade-A,Industrial Resins & Plastics,Crude Oil / Polymers,0.7,1211.48,USD,12,100,SUP-00369
PRD-04109,SKU-SYN-58050,Printed Circuit Boards Grade-B,Printed Circuit Boards,Copper,0.35,789.3,USD,65,100,SUP-00235
PRD-04110,SKU-SYN-15973,industrial resins & plastics grade-4110,Industrial Resins & Plastics,Crude Oil / Polymers,0.7,$3077.61,USD,33,250,SUP-00647
PRD-04111,SKU-SYN-41826,Heavy Engine Castings Grade-D,Heavy Engine Castings,Steel,0.5,1181.62,USD,56,500,SUP-00070
PRD-04112,SKU-SYN-52837,Corrugated Packaging Grade-E,,Packaging,0.2,1821.09,USD,80,500,SUP-00822
PRD-04113,SKU-SYN-46780,Copper Conductors & Wiring Grade-F,Copper Conductors & Wiring,Copper,0.65,639.94,USD,89,250,SUP-00259
PRD-04114,SKU-SYN-44526,Copper Conductors & Wiring Grade-G,Copper Conductors & Wiring,Copper,0.65,1270.33,USD,80,250,SUP-00682
PRD-04115,SKU-SYN-81862,Copper Conductors & Wiring Grade-H,Copper Conductors & Wiring,Copper,0.65,1003.89,USD,34,500 units,SUP-00132
PRD-04116,sku_4116,Heavy Engine Castings Grade-I,Heavy Engine Castings,Steel,0.5,$1168.08,USD,17,,SUP-00737
PRD-04117,SKU-SYN-75254,Industrial Resins & Plastics Grade-J,Industrial Resins & Plastics,Crude Oil / Polymers,0.7,1849.18,USD,22,250,SUP-00503
PRD-04118,SKU-SYN-99054,Corrugated Packaging Grade-K,Corrugated Packaging,Packaging,0.2,645.17,USD,7,,SUP-00685
PRD-04119,SKU-SYN-51224,Industrial Resins & Plastics Grade-L,Industrial Resins & Plastics,Crude Oil / Polymers,0.7,2655.4,USD,5,,SUP-00911
PRD-04120,SKU-SYN-63615,printed circuit boards grade-4120,,Copper,0.35,1955.95,USD,6,,SUP-99999
PRD-04121,SKU-SYN-53977,Heavy Engine Castings Grade-N,Heavy Engine Castings,Steel,0.5,1467.91,USD,20,250,SUP-00654
PRD-04122,SKU-SYN-45243,Synthetic Lubricants Grade-O,Synthetic Lubricants,Crude Oil / Polymers,0.8,$3011.65,USD,-10,100,SUP-00033
PRD-04123,SKU-SYN-29190,Printed Circuit Boards Grade-P,Printed Circuit Boards,Copper,0.35,1807.25,USD,23,500 units,SUP-00598
PRD-04124,SKU-SYN-51951,Printed Circuit Boards Grade-Q,Printed Circuit Boards,Copper,0.35,73.88,USD,24,,SUP-00027
PRD-04125,SKU-SYN-36333,Synthetic Lubricants Grade-R,Synthetic Lubricants,Crude Oil / Polymers,0.8,-563.14,USD,80,100,SUP-00551
PRD-04126,SKU-SYN-59179,Copper Conductors & Wiring Grade-S,Copper Conductors & Wiring,Copper,0.65,2457.25,USD,51,500,SUP-00143
PRD-04127,SKU-SYN-69205,Industrial Resins & Plastics Grade-T,Industrial Resins & Plastics,Crude Oil / Polymers,0.7,810.12,USD,20,500 units,SUP-00030
PRD-04128,sku_4128,Printed Circuit Boards Grade-U,,Copper,0.35,$2401.09,USD,31,100,SUP-00584
PRD-04129,SKU-SYN-81287,Heavy Engine Castings Grade-V,Heavy Engine Castings,Steel,0.5,2296.64,USD,81,500,SUP-00577
PRD-04130,SKU-SYN-64002,heavy engine castings grade-4130,Heavy Engine Castings,Steel,0.5,2723.68,USD,76,500 units,SUP-00217
PRD-04131,SKU-SYN-19745,Industrial Resins & Plastics Grade-X,Industrial Resins & Plastics,Crude Oil / Polymers,0.7,2896.96,USD,18,500,SUP-00892
PRD-04132,SKU-SYN-81233,Printed Circuit Boards Grade-Y,Printed Circuit Boards,Copper,0.35,1246.02,USD,54,250,SUP-00067
PRD-04133,SKU-SYN-69758,Printed Circuit Boards Grade-Z,Printed Circuit Boards,Copper,0.35,2741.83,USD,83,500,SUP-00142
PRD-04134,SKU-SYN-69946,Heavy Engine Castings Grade-A,Heavy Engine Castings,Steel,0.5,$2957.86,USD,20,,SUP-00846
PRD-04135,SKU-SYN-66692,Copper Conductors & Wiring Grade-B,Copper Conductors & Wiring,Copper,0.65,2946.18,USD,68,100,SUP-00808
PRD-04136,SKU-SYN-50772,Industrial Resins & Plastics Grade-C,,Crude Oil / Polymers,0.7,914.21,USD,40,250,SUP-00960
PRD-04137,SKU-SYN-94712,Industrial Resins & Plastics Grade-D,Industrial Resins & Plastics,Crude Oil / Polymers,0.7,2411.57,USD,9,500 units,SUP-00959
PRD-04138,SKU-SYN-78948,Corrugated Packaging Grade-E,Corrugated Packaging,Packaging,0.2,3025.52,USD,16,100,SUP-00837
PRD-04139,SKU-SYN-85963,Printed Circuit Boards Grade-F,Printed Circuit Boards,Copper,0.35,2866.71,USD,32,250,SUP-00013
PRD-04140,sku_4140,industrial resins & plastics grade-4140,Industrial Resins & Plastics,Crude Oil / Polymers,0.7,$513.98,USD,-10,100,SUP-99999
PRD-04141,SKU-SYN-49740,Synthetic Lubricants Grade-H,Synthetic Lubricants,Crude Oil / Polymers,0.8,1085.42,USD,55,,SUP-00526
PRD-04142,SKU-SYN-75305,Industrial Resins & Plastics Grade-I,Industrial Resins & Plastics,Crude Oil / Polymers,0.7,1147.01,USD,9,250,SUP-00833
PRD-04143,SKU-SYN-79736,Copper Conductors & Wiring Grade-J,Copper Conductors & Wiring,Copper,0.65,1146.92,USD,57,250,SUP-00292
PRD-04144,SKU-SYN-97127,Printed Circuit Boards Grade-K,,Copper,0.35,2587.34,USD,21,250,SUP-00506
PRD-04145,SKU-SYN-98369,Synthetic Lubricants Grade-L,Synthetic Lubricants,Crude Oil / Polymers,0.8,599.31,USD,42,,SUP-00117
PRD-04146,SKU-SYN-38613,Industrial Resins & Plastics Grade-M,Industrial Resins & Plastics,Crude Oil / Polymers,0.7,$1276.3,USD,53,500 units,SUP-00972
PRD-04147,SKU-SYN-48867,Synthetic Lubricants Grade-N,Synthetic Lubricants,Crude Oil / Polymers,0.8,2613.85,USD,67,,SUP-00837
PRD-04148,SKU-SYN-65986,Corrugated Packaging Grade-O,Corrugated Packaging,Packaging,0.2,2521.77,USD,17,500 units,SUP-00780
PRD-04149,SKU-SYN-16934,Industrial Resins & Plastics Grade-P,Industrial Resins & Plastics,Crude Oil / Polymers,0.7,908.22,USD,83,100,SUP-00686
PRD-04150,SKU-SYN-23857,printed circuit boards grade-4150,Printed Circuit Boards,Copper,0.35,-3145.72,USD,77,100,SUP-00685
PRD-04151,SKU-SYN-73926,Corrugated Packaging Grade-R,Corrugated Packaging,Packaging,0.2,1074.68,USD,39,,SUP-00646
PRD-04152,sku_4152,Corrugated Packaging Grade-S,,Packaging,0.2,$1823.93,USD,42,250,SUP-00346
PRD-04153,SKU-SYN-68135,Printed Circuit Boards Grade-T,Printed Circuit Boards,Copper,0.35,244.32,USD,58,,SUP-00179
PRD-04154,SKU-SYN-66551,Copper Conductors & Wiring Grade-U,Copper Conductors & Wiring,Copper,0.65,1448.11,USD,31,,SUP-00933
PRD-04155,SKU-SYN-70360,Heavy Engine Castings Grade-V,Heavy Engine Castings,Steel,0.5,801.98,USD,47,,SUP-00484
PRD-04156,SKU-SYN-28390,Industrial Resins & Plastics Grade-W,Industrial Resins & Plastics,Crude Oil / Polymers,0.7,399.54,USD,51,500 units,SUP-00033
PRD-04157,SKU-SYN-59156,Synthetic Lubricants Grade-X,Synthetic Lubricants,Crude Oil / Polymers,0.8,1273.9,USD,42,500 units,SUP-00710
PRD-04158,SKU-SYN-22199,Synthetic Lubricants Grade-Y,Synthetic Lubricants,Crude Oil / Polymers,0.8,$188.56,USD,-10,100,SUP-00166
PRD-04159,SKU-SYN-13237,Industrial Resins & Plastics Grade-Z,Industrial Resins & Plastics,Crude Oil / Polymers,0.7,2760.07,USD,46,,SUP-00314
PRD-04160,SKU-SYN-42453,printed circuit boards grade-4160,,Copper,0.35,115.76,USD,37,100,SUP-99999
PRD-04161,SKU-SYN-94682,Heavy Engine Castings Grade-B,Heavy Engine Castings,Steel,0.5,805.43,USD,15,250,SUP-00792
PRD-04162,SKU-SYN-49262,Corrugated Packaging Grade-C,Corrugated Packaging,Packaging,0.2,1495.82,USD,8,,SUP-00132
PRD-04163,SKU-SYN-27822,Heavy Engine Castings Grade-D,Heavy Engine Castings,Steel,0.5,2209.37,USD,22,,SUP-00706
PRD-04164,sku_4164,Copper Conductors & Wiring Grade-E,Copper Conductors & Wiring,Copper,0.65,$658.38,USD,11,100,SUP-00850
PRD-04165,SKU-SYN-87293,Copper Conductors & Wiring Grade-F,Copper Conductors & Wiring,Copper,0.65,989.98,USD,5,500 units,SUP-00186
PRD-04166,SKU-SYN-15133,Industrial Resins & Plastics Grade-G,Industrial Resins & Plastics,Crude Oil / Polymers,0.7,2952.83,USD,20,500,SUP-00024
PRD-04167,SKU-SYN-30036,Synthetic Lubricants Grade-H,Synthetic Lubricants,Crude Oil / Polymers,0.8,1857.52,USD,64,500,SUP-00168
PRD-04168,SKU-SYN-34217,Industrial Resins & Plastics Grade-I,,Crude Oil / Polymers,0.7,2861.2,USD,14,500,SUP-00021
PRD-04169,SKU-SYN-43030,Heavy Engine Castings Grade-J,Heavy Engine Castings,Steel,0.5,287.82,USD,46,500 units,SUP-00812
PRD-04170,SKU-SYN-21347,industrial resins & plastics grade-4170,Industrial Resins & Plastics,Crude Oil / Polymers,0.7,$2903.48,USD,78,,SUP-00527
PRD-04171,SKU-SYN-30034,Synthetic Lubricants Grade-L,Synthetic Lubricants,Crude Oil / Polymers,0.8,2778.77,USD,6,500 units,SUP-00030
PRD-04172,SKU-SYN-93539,Industrial Resins & Plastics Grade-M,Industrial Resins & Plastics,Crude Oil / Polymers,0.7,311.8,USD,67,500,SUP-00479
PRD-04173,SKU-SYN-68321,Corrugated Packaging Grade-N,Corrugated Packaging,Packaging,0.2,3154.71,USD,78,500,SUP-00019
PRD-04174,SKU-SYN-39471,Corrugated Packaging Grade-O,Corrugated Packaging,Packaging,0.2,2808.44,USD,9,500 units,SUP-00933
PRD-04175,SKU-SYN-36599,Heavy Engine Castings Grade-P,Heavy Engine Castings,Steel,0.5,-2523.11,USD,25,,SUP-00252
PRD-04176,sku_4176,Industrial Resins & Plastics Grade-Q,,Crude Oil / Polymers,0.7,$805.57,USD,-10,,SUP-00965
PRD-04177,SKU-SYN-98922,Synthetic Lubricants Grade-R,Synthetic Lubricants,Crude Oil / Polymers,0.8,1798.73,USD,90,500 units,SUP-00027
PRD-04178,SKU-SYN-45912,Copper Conductors & Wiring Grade-S,Copper Conductors & Wiring,Copper,0.65,692.37,USD,58,500,SUP-00815
PRD-04179,SKU-SYN-37842,Printed Circuit Boards Grade-T,Printed Circuit Boards,Copper,0.35,29.99,USD,77,,SUP-00124
PRD-04180,SKU-SYN-35383,copper conductors & wiring grade-4180,Copper Conductors & Wiring,Copper,0.65,619.42,USD,11,500,SUP-99999
PRD-04181,SKU-SYN-37435,Corrugated Packaging Grade-V,Corrugated Packaging,Packaging,0.2,2204.49,USD,9,500 units,SUP-00470
PRD-04182,SKU-SYN-81872,Synthetic Lubricants Grade-W,Synthetic Lubricants,Crude Oil / Polymers,0.8,$2884.62,USD,13,500,SUP-00733
PRD-04183,SKU-SYN-94881,Printed Circuit Boards Grade-X,Printed Circuit Boards,Copper,0.35,2522.53,USD,8,,SUP-00567
PRD-04184,SKU-SYN-76482,Copper Conductors & Wiring Grade-Y,,Copper,0.65,1189.74,USD,78,500,SUP-00500
PRD-04185,SKU-SYN-66117,Synthetic Lubricants Grade-Z,Synthetic Lubricants,Crude Oil / Polymers,0.8,2844.22,USD,44,,SUP-00814
PRD-04186,SKU-SYN-96764,Industrial Resins & Plastics Grade-A,Industrial Resins & Plastics,Crude Oil / Polymers,0.7,2574.79,USD,38,250,SUP-00595
PRD-04187,SKU-SYN-85767,Heavy Engine Castings Grade-B,Heavy Engine Castings,Steel,0.5,284.01,USD,33,250,SUP-00668
PRD-04188,sku_4188,Printed Circuit Boards Grade-C,Printed Circuit Boards,Copper,0.35,$1021.55,USD,85,,SUP-00962
PRD-04189,SKU-SYN-78502,Industrial Resins & Plastics Grade-D,Industrial Resins & Plastics,Crude Oil / Polymers,0.7,783.73,USD,12,100,SUP-00447
PRD-04190,SKU-SYN-37438,heavy engine castings grade-4190,Heavy Engine Castings,Steel,0.5,1769.52,USD,67,500 units,SUP-00494
PRD-04191,SKU-SYN-77028,Heavy Engine Castings Grade-F,Heavy Engine Castings,Steel,0.5,1750.23,USD,20,500,SUP-00494
PRD-04192,SKU-SYN-71792,Synthetic Lubricants Grade-G,,Crude Oil / Polymers,0.8,276.54,USD,18,500,SUP-00812
PRD-04193,SKU-SYN-36568,Industrial Resins & Plastics Grade-H,Industrial Resins & Plastics,Crude Oil / Polymers,0.7,2909.54,USD,41,250,SUP-00729
PRD-04194,SKU-SYN-15250,Synthetic Lubricants Grade-I,Synthetic Lubricants,Crude Oil / Polymers,0.8,$1006.06,USD,-10,500 units,SUP-00944
PRD-04195,SKU-SYN-66078,Industrial Resins & Plastics Grade-J,Industrial Resins & Plastics,Crude Oil / Polymers,0.7,2431.56,USD,48,500 units,SUP-00210
PRD-04196,SKU-SYN-78287,Synthetic Lubricants Grade-K,Synthetic Lubricants,Crude Oil / Polymers,0.8,1043.36,USD,59,100,SUP-00169
PRD-04197,SKU-SYN-99515,Printed Circuit Boards Grade-L,Printed Circuit Boards,Copper,0.35,403.97,USD,54,500,SUP-00900
PRD-04198,SKU-SYN-97128,Synthetic Lubricants Grade-M,Synthetic Lubricants,Crude Oil / Polymers,0.8,338.76,USD,81,250,SUP-00392
PRD-04199,SKU-SYN-41096,Synthetic Lubricants Grade-N,Synthetic Lubricants,Crude Oil / Polymers,0.8,1100.23,USD,72,100,SUP-00021
prd_4200,sku_4200,corrugated packaging grade-4200,,Packaging,0.2,$1595.3,USD,7,500,SUP-99999
PRD-04201,SKU-SYN-73034,Corrugated Packaging Grade-P,Corrugated Packaging,Packaging,0.2,2312.62,USD,66,500 units,SUP-00404
PRD-04202,SKU-SYN-89135,Printed Circuit Boards Grade-Q,Printed Circuit Boards,Copper,0.35,1396.6,USD,9,500,SUP-00681
PRD-04203,SKU-SYN-65700,Synthetic Lubricants Grade-R,Synthetic Lubricants,Crude Oil / Polymers,0.8,296.59,USD,32,,SUP-00158
PRD-04204,SKU-SYN-27728,Heavy Engine Castings Grade-S,Heavy Engine Castings,Steel,0.5,2605.33,USD,5,250,SUP-00241
PRD-04205,SKU-SYN-52487,Synthetic Lubricants Grade-T,Synthetic Lubricants,Crude Oil / Polymers,0.8,2781.23,USD,26,,SUP-00897
PRD-04206,SKU-SYN-55389,Copper Conductors & Wiring Grade-U,Copper Conductors & Wiring,Copper,0.65,$502.18,USD,68,250,SUP-00064
PRD-04207,SKU-SYN-29494,Synthetic Lubricants Grade-V,Synthetic Lubricants,Crude Oil / Polymers,0.8,278.45,USD,39,500,SUP-00747
PRD-04208,SKU-SYN-84434,Printed Circuit Boards Grade-W,,Copper,0.35,1027.88,USD,67,500 units,SUP-00389
PRD-04209,SKU-SYN-46489,Printed Circuit Boards Grade-X,Printed Circuit Boards,Copper,0.35,2232.53,USD,77,500,SUP-00575
PRD-04210,SKU-SYN-34690,heavy engine castings grade-4210,Heavy Engine Castings,Steel,0.5,649.92,USD,85,500 units,SUP-00322
PRD-04211,SKU-SYN-88740,Corrugated Packaging Grade-Z,Corrugated Packaging,Packaging,0.2,2206.54,USD,64,500,SUP-00128
PRD-04212,sku_4212,Copper Conductors & Wiring Grade-A,Copper Conductors & Wiring,Copper,0.65,$1244.45,USD,-10,,SUP-00628
PRD-04213,SKU-SYN-92656,Corrugated Packaging Grade-B,Corrugated Packaging,Packaging,0.2,1755.98,USD,39,100,SUP-00722
PRD-04214,SKU-SYN-19777,Heavy Engine Castings Grade-C,Heavy Engine Castings,Steel,0.5,1780.26,USD,68,,SUP-00828
PRD-04215,SKU-SYN-94965,Copper Conductors & Wiring Grade-D,Copper Conductors & Wiring,Copper,0.65,3157.22,USD,51,500 units,SUP-00140
PRD-04216,SKU-SYN-61348,Corrugated Packaging Grade-E,,Packaging,0.2,582.98,USD,68,500,SUP-00366
PRD-04217,SKU-SYN-71482,Industrial Resins & Plastics Grade-F,Industrial Resins & Plastics,Crude Oil / Polymers,0.7,1590.18,USD,88,250,SUP-00555
PRD-04218,SKU-SYN-55227,Printed Circuit Boards Grade-G,Printed Circuit Boards,Copper,0.35,$98.27,USD,66,,SUP-00469
PRD-04219,SKU-SYN-17357,Heavy Engine Castings Grade-H,Heavy Engine Castings,Steel,0.5,582.63,USD,60,,SUP-00617
PRD-04220,SKU-SYN-12705,copper conductors & wiring grade-4220,Copper Conductors & Wiring,Copper,0.65,2110.26,USD,81,500,SUP-99999
PRD-04221,SKU-SYN-38295,Synthetic Lubricants Grade-J,Synthetic Lubricants,Crude Oil / Polymers,0.8,397.37,USD,58,100,SUP-00671
PRD-04222,SKU-SYN-83305,Printed Circuit Boards Grade-K,Printed Circuit Boards,Copper,0.35,2417.43,USD,24,100,SUP-00670
PRD-04223,SKU-SYN-94212,Synthetic Lubricants Grade-L,Synthetic Lubricants,Crude Oil / Polymers,0.8,298.17,USD,67,,SUP-00994
PRD-04224,sku_4224,Industrial Resins & Plastics Grade-M,,Crude Oil / Polymers,0.7,$624.28,USD,81,250,SUP-00873
PRD-04225,SKU-SYN-89936,Printed Circuit Boards Grade-N,Printed Circuit Boards,Copper,0.35,-1799.92,USD,18,500 units,SUP-00678
PRD-04226,SKU-SYN-81911,Synthetic Lubricants Grade-O,Synthetic Lubricants,Crude Oil / Polymers,0.8,694.84,USD,86,,SUP-00371
PRD-04227,SKU-SYN-15262,Industrial Resins & Plastics Grade-P,Industrial Resins & Plastics,Crude Oil / Polymers,0.7,2229.7,USD,58,250,SUP-00287
PRD-04228,SKU-SYN-20097,Industrial Resins & Plastics Grade-Q,Industrial Resins & Plastics,Crude Oil / Polymers,0.7,180.63,USD,27,500 units,SUP-00643
PRD-04229,SKU-SYN-14144,Copper Conductors & Wiring Grade-R,Copper Conductors & Wiring,Copper,0.65,2020.86,USD,24,100,SUP-00237
PRD-04230,SKU-SYN-98710,synthetic lubricants grade-4230,Synthetic Lubricants,Crude Oil / Polymers,0.8,$905.4,USD,-10,,SUP-00695
PRD-04231,SKU-SYN-60752,Printed Circuit Boards Grade-T,Printed Circuit Boards,Copper,0.35,1294.17,USD,11,500,SUP-00092
PRD-04232,SKU-SYN-37315,Synthetic Lubricants Grade-U,,Crude Oil / Polymers,0.8,538.45,USD,26,,SUP-00566
PRD-04233,SKU-SYN-13715,Printed Circuit Boards Grade-V,Printed Circuit Boards,Copper,0.35,800.5,USD,52,250,SUP-00219
PRD-04234,SKU-SYN-61090,Industrial Resins & Plastics Grade-W,Industrial Resins & Plastics,Crude Oil / Polymers,0.7,635.57,USD,30,250,SUP-00145
PRD-04235,SKU-SYN-14646,Printed Circuit Boards Grade-X,Printed Circuit Boards,Copper,0.35,470.36,USD,87,500,SUP-00633
PRD-04236,sku_4236,Heavy Engine Castings Grade-Y,Heavy Engine Castings,Steel,0.5,$95.04,USD,13,500,SUP-00220
PRD-04237,SKU-SYN-69116,Heavy Engine Castings Grade-Z,Heavy Engine Castings,Steel,0.5,1476.81,USD,33,250,SUP-00627
PRD-04238,SKU-SYN-90589,Corrugated Packaging Grade-A,Corrugated Packaging,Packaging,0.2,2560.05,USD,60,500 units,SUP-00623
PRD-04239,SKU-SYN-10519,Copper Conductors & Wiring Grade-B,Copper Conductors & Wiring,Copper,0.65,2007.0,USD,68,,SUP-00160
PRD-04240,SKU-SYN-43446,synthetic lubricants grade-4240,,Crude Oil / Polymers,0.8,1920.8,USD,89,,SUP-99999
PRD-04241,SKU-SYN-82407,Printed Circuit Boards Grade-D,Printed Circuit Boards,Copper,0.35,1678.24,USD,17,100,SUP-00897
PRD-04242,SKU-SYN-49867,Heavy Engine Castings Grade-E,Heavy Engine Castings,Steel,0.5,$1994.99,USD,46,500,SUP-00263
PRD-04243,SKU-SYN-12390,Heavy Engine Castings Grade-F,Heavy Engine Castings,Steel,0.5,1216.52,USD,81,100,SUP-00323
PRD-04244,SKU-SYN-91266,Corrugated Packaging Grade-G,Corrugated Packaging,Packaging,0.2,615.01,USD,66,100,SUP-00315
PRD-04245,SKU-SYN-31763,Synthetic Lubricants Grade-H,Synthetic Lubricants,Crude Oil / Polymers,0.8,2309.0,USD,71,,SUP-00916
PRD-04246,SKU-SYN-85714,Synthetic Lubricants Grade-I,Synthetic Lubricants,Crude Oil / Polymers,0.8,1275.91,USD,47,,SUP-00084
PRD-04247,SKU-SYN-89627,Copper Conductors & Wiring Grade-J,Copper Conductors & Wiring,Copper,0.65,2442.15,USD,41,,SUP-00477
PRD-04248,sku_4248,Synthetic Lubricants Grade-K,,Crude Oil / Polymers,0.8,$1614.29,USD,-10,250,SUP-00736
PRD-04249,SKU-SYN-93913,Copper Conductors & Wiring Grade-L,Copper Conductors & Wiring,Copper,0.65,603.63,USD,59,100,SUP-00469
PRD-04250,SKU-SYN-65880,copper conductors & wiring grade-4250,Copper Conductors & Wiring,Copper,0.65,-1498.11,USD,81,500,SUP-00877
PRD-04251,SKU-SYN-48684,Corrugated Packaging Grade-N,Corrugated Packaging,Packaging,0.2,954.85,USD,39,250,SUP-00498
PRD-04252,SKU-SYN-36767,Heavy Engine Castings Grade-O,Heavy Engine Castings,Steel,0.5,2454.69,USD,40,500,SUP-00155
PRD-04253,SKU-SYN-55012,Industrial Resins & Plastics Grade-P,Industrial Resins & Plastics,Crude Oil / Polymers,0.7,404.75,USD,78,500,SUP-00103
PRD-04254,SKU-SYN-48888,Corrugated Packaging Grade-Q,Corrugated Packaging,Packaging,0.2,$287.55,USD,83,500 units,SUP-00568
PRD-04255,SKU-SYN-19159,Heavy Engine Castings Grade-R,Heavy Engine Castings,Steel,0.5,2213.94,USD,20,250,SUP-00159
PRD-04256,SKU-SYN-18543,Synthetic Lubricants Grade-S,,Crude Oil / Polymers,0.8,657.58,USD,39,500 units,SUP-00574
PRD-04257,SKU-SYN-51033,Industrial Resins & Plastics Grade-T,Industrial Resins & Plastics,Crude Oil / Polymers,0.7,2476.83,USD,20,500 units,SUP-00323
PRD-04258,SKU-SYN-23238,Copper Conductors & Wiring Grade-U,Copper Conductors & Wiring,Copper,0.65,1226.78,USD,26,500 units,SUP-00972
PRD-04259,SKU-SYN-20520,Industrial Resins & Plastics Grade-V,Industrial Resins & Plastics,Crude Oil / Polymers,0.7,2276.76,USD,55,,SUP-00364
PRD-04260,sku_4260,corrugated packaging grade-4260,Corrugated Packaging,Packaging,0.2,$1619.39,USD,74,500,SUP-99999
PRD-04261,SKU-SYN-32059,Copper Conductors & Wiring Grade-X,Copper Conductors & Wiring,Copper,0.65,1045.03,USD,37,,SUP-00673
PRD-04262,SKU-SYN-79889,Heavy Engine Castings Grade-Y,Heavy Engine Castings,Steel,0.5,86.71,USD,38,500,SUP-00967
PRD-04263,SKU-SYN-20277,Synthetic Lubricants Grade-Z,Synthetic Lubricants,Crude Oil / Polymers,0.8,1665.83,USD,14,100,SUP-00999
PRD-04264,SKU-SYN-34650,Synthetic Lubricants Grade-A,,Crude Oil / Polymers,0.8,286.52,USD,65,500,SUP-00119
PRD-04265,SKU-SYN-54694,Industrial Resins & Plastics Grade-B,Industrial Resins & Plastics,Crude Oil / Polymers,0.7,1413.15,USD,75,100,SUP-00090
PRD-04266,SKU-SYN-34924,Synthetic Lubricants Grade-C,Synthetic Lubricants,Crude Oil / Polymers,0.8,$2036.8,USD,-10,250,SUP-00217
PRD-04267,SKU-SYN-67540,Copper Conductors & Wiring Grade-D,Copper Conductors & Wiring,Copper,0.65,2930.88,USD,88,100,SUP-00752
PRD-04268,SKU-SYN-75839,Heavy Engine Castings Grade-E,Heavy Engine Castings,Steel,0.5,1052.04,USD,35,100,SUP-00893
PRD-04269,SKU-SYN-40083,Heavy Engine Castings Grade-F,Heavy Engine Castings,Steel,0.5,2628.54,USD,31,,SUP-00255
PRD-04270,SKU-SYN-45688,printed circuit boards grade-4270,Printed Circuit Boards,Copper,0.35,2506.93,USD,82,100,SUP-00543
PRD-04271,SKU-SYN-39035,Copper Conductors & Wiring Grade-H,Copper Conductors & Wiring,Copper,0.65,970.57,USD,62,,SUP-00670
PRD-04272,sku_4272,Heavy Engine Castings Grade-I,,Steel,0.5,$902.62,USD,31,500,SUP-00031
PRD-04273,SKU-SYN-41684,Heavy Engine Castings Grade-J,Heavy Engine Castings,Steel,0.5,2748.56,USD,70,100,SUP-00558
PRD-04274,SKU-SYN-16281,Heavy Engine Castings Grade-K,Heavy Engine Castings,Steel,0.5,1234.32,USD,30,500 units,SUP-00354
PRD-04275,SKU-SYN-42930,Heavy Engine Castings Grade-L,Heavy Engine Castings,Steel,0.5,-1519.74,USD,10,250,SUP-00385
PRD-04276,SKU-SYN-27094,Printed Circuit Boards Grade-M,Printed Circuit Boards,Copper,0.35,162.98,USD,10,500,SUP-00058
PRD-04277,SKU-SYN-85662,Industrial Resins & Plastics Grade-N,Industrial Resins & Plastics,Crude Oil / Polymers,0.7,2083.64,USD,43,500 units,SUP-00274
PRD-04278,SKU-SYN-40737,Corrugated Packaging Grade-O,Corrugated Packaging,Packaging,0.2,$2576.54,USD,56,500 units,SUP-00203
PRD-04279,SKU-SYN-95312,Corrugated Packaging Grade-P,Corrugated Packaging,Packaging,0.2,1044.87,USD,20,500 units,SUP-00222
PRD-04280,SKU-SYN-43311,industrial resins & plastics grade-4280,,Crude Oil / Polymers,0.7,1739.41,USD,53,500 units,SUP-99999
PRD-04281,SKU-SYN-47569,Corrugated Packaging Grade-R,Corrugated Packaging,Packaging,0.2,1147.29,USD,18,500,SUP-00858
PRD-04282,SKU-SYN-86527,Heavy Engine Castings Grade-S,Heavy Engine Castings,Steel,0.5,107.33,USD,38,100,SUP-00751
PRD-04283,SKU-SYN-55892,Printed Circuit Boards Grade-T,Printed Circuit Boards,Copper,0.35,1275.33,USD,64,500 units,SUP-00714
PRD-04284,sku_4284,Printed Circuit Boards Grade-U,Printed Circuit Boards,Copper,0.35,$2952.62,USD,-10,250,SUP-00884
PRD-04285,SKU-SYN-94547,Corrugated Packaging Grade-V,Corrugated Packaging,Packaging,0.2,2789.97,USD,42,500 units,SUP-00671
PRD-04286,SKU-SYN-27723,Printed Circuit Boards Grade-W,Printed Circuit Boards,Copper,0.35,2956.36,USD,63,100,SUP-00811
PRD-04287,SKU-SYN-30117,Synthetic Lubricants Grade-X,Synthetic Lubricants,Crude Oil / Polymers,0.8,137.89,USD,85,500 units,SUP-00336
PRD-04288,SKU-SYN-47928,Heavy Engine Castings Grade-Y,,Steel,0.5,2399.32,USD,31,250,SUP-00943
PRD-04289,SKU-SYN-72809,Synthetic Lubricants Grade-Z,Synthetic Lubricants,Crude Oil / Polymers,0.8,516.91,USD,88,,SUP-00226
PRD-04290,SKU-SYN-40470,synthetic lubricants grade-4290,Synthetic Lubricants,Crude Oil / Polymers,0.8,$2101.06,USD,82,,SUP-00851
PRD-04291,SKU-SYN-21990,Copper Conductors & Wiring Grade-B,Copper Conductors & Wiring,Copper,0.65,2518.45,USD,14,500 units,SUP-00533
PRD-04292,SKU-SYN-99299,Printed Circuit Boards Grade-C,Printed Circuit Boards,Copper,0.35,2367.4,USD,25,,SUP-00165
PRD-04293,SKU-SYN-97075,Heavy Engine Castings Grade-D,Heavy Engine Castings,Steel,0.5,309.03,USD,15,500,SUP-00411
PRD-04294,SKU-SYN-45684,Industrial Resins & Plastics Grade-E,Industrial Resins & Plastics,Crude Oil / Polymers,0.7,1639.6,USD,53,,SUP-00965
PRD-04295,SKU-SYN-19575,Copper Conductors & Wiring Grade-F,Copper Conductors & Wiring,Copper,0.65,2090.18,USD,24,500,SUP-00254
PRD-04296,sku_4296,Copper Conductors & Wiring Grade-G,,Copper,0.65,$46.88,USD,87,250,SUP-00596
PRD-04297,SKU-SYN-13622,Corrugated Packaging Grade-H,Corrugated Packaging,Packaging,0.2,2828.33,USD,23,500 units,SUP-00052
PRD-04298,SKU-SYN-38638,Synthetic Lubricants Grade-I,Synthetic Lubricants,Crude Oil / Polymers,0.8,1377.2,USD,64,,SUP-00186
PRD-04299,SKU-SYN-80785,Industrial Resins & Plastics Grade-J,Industrial Resins & Plastics,Crude Oil / Polymers,0.7,1206.73,USD,84,500,SUP-00768
PRD-04300,SKU-SYN-69937,copper conductors & wiring grade-4300,Copper Conductors & Wiring,Copper,0.65,-1133.25,USD,19,500 units,SUP-99999
PRD-04301,SKU-SYN-14966,Heavy Engine Castings Grade-L,Heavy Engine Castings,Steel,0.5,2200.14,USD,84,500 units,SUP-00470
PRD-04302,SKU-SYN-49830,Corrugated Packaging Grade-M,Corrugated Packaging,Packaging,0.2,$2362.86,USD,-10,500,SUP-00180
PRD-04303,SKU-SYN-43755,Copper Conductors & Wiring Grade-N,Copper Conductors & Wiring,Copper,0.65,1333.18,USD,51,100,SUP-00793
PRD-04304,SKU-SYN-97562,Synthetic Lubricants Grade-O,,Crude Oil / Polymers,0.8,1721.48,USD,53,,SUP-00295
PRD-04305,SKU-SYN-91601,Industrial Resins & Plastics Grade-P,Industrial Resins & Plastics,Crude Oil / Polymers,0.7,2941.35,USD,17,250,SUP-00724
PRD-04306,SKU-SYN-29964,Copper Conductors & Wiring Grade-Q,Copper Conductors & Wiring,Copper,0.65,2359.22,USD,29,500 units,SUP-00705
PRD-04307,SKU-SYN-18649,Industrial Resins & Plastics Grade-R,Industrial Resins & Plastics,Crude Oil / Polymers,0.7,1702.97,USD,40,500 units,SUP-00485
PRD-04308,sku_4308,Corrugated Packaging Grade-S,Corrugated Packaging,Packaging,0.2,$2173.26,USD,22,500,SUP-00892
PRD-04309,SKU-SYN-48376,Corrugated Packaging Grade-T,Corrugated Packaging,Packaging,0.2,1129.42,USD,68,250,SUP-00366
PRD-04310,SKU-SYN-46608,synthetic lubricants grade-4310,Synthetic Lubricants,Crude Oil / Polymers,0.8,2647.07,USD,28,100,SUP-00106
PRD-04311,SKU-SYN-61618,Heavy Engine Castings Grade-V,Heavy Engine Castings,Steel,0.5,1938.24,USD,20,100,SUP-00103
PRD-04312,SKU-SYN-17457,Synthetic Lubricants Grade-W,,Crude Oil / Polymers,0.8,3067.12,USD,67,500,SUP-00823
PRD-04313,SKU-SYN-81329,Industrial Resins & Plastics Grade-X,Industrial Resins & Plastics,Crude Oil / Polymers,0.7,2400.15,USD,53,,SUP-00695
PRD-04314,SKU-SYN-62976,Copper Conductors & Wiring Grade-Y,Copper Conductors & Wiring,Copper,0.65,$2717.75,USD,14,,SUP-00138
PRD-04315,SKU-SYN-77985,Synthetic Lubricants Grade-Z,Synthetic Lubricants,Crude Oil / Polymers,0.8,657.85,USD,7,500 units,SUP-00271
PRD-04316,SKU-SYN-54263,Copper Conductors & Wiring Grade-A,Copper Conductors & Wiring,Copper,0.65,15.91,USD,33,500,SUP-00191
PRD-04317,SKU-SYN-69007,Synthetic Lubricants Grade-B,Synthetic Lubricants,Crude Oil / Polymers,0.8,3152.27,USD,34,250,SUP-00424
PRD-04318,SKU-SYN-99754,Synthetic Lubricants Grade-C,Synthetic Lubricants,Crude Oil / Polymers,0.8,2264.48,USD,85,100,SUP-00628
PRD-04319,SKU-SYN-50369,Industrial Resins & Plastics Grade-D,Industrial Resins & Plastics,Crude Oil / Polymers,0.7,1432.89,USD,55,250,SUP-00551
PRD-04320,sku_4320,copper conductors & wiring grade-4320,,Copper,0.65,$559.64,USD,-10,,SUP-99999
PRD-04321,SKU-SYN-94866,Printed Circuit Boards Grade-F,Printed Circuit Boards,Copper,0.35,385.71,USD,43,100,SUP-00671
PRD-04322,SKU-SYN-87414,Copper Conductors & Wiring Grade-G,Copper Conductors & Wiring,Copper,0.65,3162.24,USD,33,500,SUP-00533
PRD-04323,SKU-SYN-78172,Heavy Engine Castings Grade-H,Heavy Engine Castings,Steel,0.5,854.43,USD,13,100,SUP-00447
PRD-04324,SKU-SYN-16547,Heavy Engine Castings Grade-I,Heavy Engine Castings,Steel,0.5,3126.95,USD,49,500 units,SUP-00628
PRD-04325,SKU-SYN-61290,Industrial Resins & Plastics Grade-J,Industrial Resins & Plastics,Crude Oil / Polymers,0.7,-81.05,USD,30,250,SUP-00496
PRD-04326,SKU-SYN-81462,Heavy Engine Castings Grade-K,Heavy Engine Castings,Steel,0.5,$174.54,USD,36,,SUP-00484
PRD-04327,SKU-SYN-62126,Heavy Engine Castings Grade-L,Heavy Engine Castings,Steel,0.5,212.95,USD,27,500 units,SUP-00880
PRD-04328,SKU-SYN-92998,Copper Conductors & Wiring Grade-M,,Copper,0.65,1486.89,USD,67,500,SUP-00367
PRD-04329,SKU-SYN-10522,Industrial Resins & Plastics Grade-N,Industrial Resins & Plastics,Crude Oil / Polymers,0.7,287.74,USD,9,500 units,SUP-00370
PRD-04330,SKU-SYN-59489,copper conductors & wiring grade-4330,Copper Conductors & Wiring,Copper,0.65,664.08,USD,23,500,SUP-00611
PRD-04331,SKU-SYN-82027,Printed Circuit Boards Grade-P,Printed Circuit Boards,Copper,0.35,2990.0,USD,88,,SUP-00802
PRD-04332,sku_4332,Copper Conductors & Wiring Grade-Q,Copper Conductors & Wiring,Copper,0.65,$907.6,USD,65,100,SUP-00998
PRD-04333,SKU-SYN-97108,Copper Conductors & Wiring Grade-R,Copper Conductors & Wiring,Copper,0.65,1997.24,USD,20,100,SUP-00956
PRD-04334,SKU-SYN-64981,Industrial Resins & Plastics Grade-S,Industrial Resins & Plastics,Crude Oil / Polymers,0.7,1492.81,USD,82,,SUP-00581
PRD-04335,SKU-SYN-13723,Corrugated Packaging Grade-T,Corrugated Packaging,Packaging,0.2,1394.49,USD,30,500 units,SUP-00550
PRD-04336,SKU-SYN-90342,Copper Conductors & Wiring Grade-U,,Copper,0.65,1721.29,USD,64,500 units,SUP-00108
PRD-04337,SKU-SYN-97103,Printed Circuit Boards Grade-V,Printed Circuit Boards,Copper,0.35,2481.99,USD,12,250,SUP-00721
PRD-04338,SKU-SYN-15588,Corrugated Packaging Grade-W,Corrugated Packaging,Packaging,0.2,$1033.91,USD,-10,500 units,SUP-00940
PRD-04339,SKU-SYN-64895,Corrugated Packaging Grade-X,Corrugated Packaging,Packaging,0.2,1349.81,USD,60,,SUP-00369
PRD-04340,SKU-SYN-25977,heavy engine castings grade-4340,Heavy Engine Castings,Steel,0.5,2072.4,USD,78,500,SUP-99999
PRD-04341,SKU-SYN-89553,Industrial Resins & Plastics Grade-Z,Industrial Resins & Plastics,Crude Oil / Polymers,0.7,434.43,USD,80,,SUP-00119
PRD-04342,SKU-SYN-39311,Printed Circuit Boards Grade-A,Printed Circuit Boards,Copper,0.35,865.85,USD,13,100,SUP-00615
PRD-04343,SKU-SYN-14053,Synthetic Lubricants Grade-B,Synthetic Lubricants,Crude Oil / Polymers,0.8,380.12,USD,74,500,SUP-00135
PRD-04344,sku_4344,Industrial Resins & Plastics Grade-C,,Crude Oil / Polymers,0.7,$3141.48,USD,24,100,SUP-00023
PRD-04345,SKU-SYN-30663,Corrugated Packaging Grade-D,Corrugated Packaging,Packaging,0.2,2118.34,USD,22,,SUP-00800
PRD-04346,SKU-SYN-52490,Synthetic Lubricants Grade-E,Synthetic Lubricants,Crude Oil / Polymers,0.8,1140.54,USD,77,500 units,SUP-00089
PRD-04347,SKU-SYN-71888,Heavy Engine Castings Grade-F,Heavy Engine Castings,Steel,0.5,2254.95,USD,16,500,SUP-00084
PRD-04348,SKU-SYN-86659,Copper Conductors & Wiring Grade-G,Copper Conductors & Wiring,Copper,0.65,1328.38,USD,74,250,SUP-00539
PRD-04349,SKU-SYN-18549,Printed Circuit Boards Grade-H,Printed Circuit Boards,Copper,0.35,3122.44,USD,78,250,SUP-00539
PRD-04350,SKU-SYN-51488,printed circuit boards grade-4350,Printed Circuit Boards,Copper,0.35,$1368.62,USD,70,,SUP-00694
PRD-04351,SKU-SYN-28977,Industrial Resins & Plastics Grade-J,Industrial Resins & Plastics,Crude Oil / Polymers,0.7,1896.6,USD,74,500 units,SUP-00759
PRD-04352,SKU-SYN-17268,Heavy Engine Castings Grade-K,,Steel,0.5,178.86,USD,77,,SUP-00054
PRD-04353,SKU-SYN-23529,Corrugated Packaging Grade-L,Corrugated Packaging,Packaging,0.2,1382.77,USD,59,100,SUP-00384
PRD-04354,SKU-SYN-60224,Industrial Resins & Plastics Grade-M,Industrial Resins & Plastics,Crude Oil / Polymers,0.7,1749.27,USD,22,500,SUP-00407
PRD-04355,SKU-SYN-19561,Printed Circuit Boards Grade-N,Printed Circuit Boards,Copper,0.35,410.28,USD,49,500 units,SUP-00665
PRD-04356,sku_4356,Copper Conductors & Wiring Grade-O,Copper Conductors & Wiring,Copper,0.65,$2268.49,USD,-10,500 units,SUP-00429
PRD-04357,SKU-SYN-56945,Copper Conductors & Wiring Grade-P,Copper Conductors & Wiring,Copper,0.65,462.85,USD,37,500 units,SUP-00249
PRD-04358,SKU-SYN-12098,Printed Circuit Boards Grade-Q,Printed Circuit Boards,Copper,0.35,2668.15,USD,73,,SUP-00597
PRD-04359,SKU-SYN-78192,Corrugated Packaging Grade-R,Corrugated Packaging,Packaging,0.2,1363.57,USD,57,250,SUP-00137
PRD-04360,SKU-SYN-36056,copper conductors & wiring grade-4360,,Copper,0.65,2978.94,USD,57,250,SUP-99999
PRD-04361,SKU-SYN-90911,Synthetic Lubricants Grade-T,Synthetic Lubricants,Crude Oil / Polymers,0.8,435.84,USD,65,250,SUP-00187
PRD-04362,SKU-SYN-76703,Synthetic Lubricants Grade-U,Synthetic Lubricants,Crude Oil / Polymers,0.8,$1558.65,USD,71,500 units,SUP-00247
PRD-04363,SKU-SYN-69341,Synthetic Lubricants Grade-V,Synthetic Lubricants,Crude Oil / Polymers,0.8,300.33,USD,69,500 units,SUP-00342
PRD-04364,SKU-SYN-20879,Heavy Engine Castings Grade-W,Heavy Engine Castings,Steel,0.5,1602.03,USD,21,500 units,SUP-00743
PRD-04365,SKU-SYN-43754,Synthetic Lubricants Grade-X,Synthetic Lubricants,Crude Oil / Polymers,0.8,791.83,USD,88,500 units,SUP-00395
PRD-04366,SKU-SYN-30133,Copper Conductors & Wiring Grade-Y,Copper Conductors & Wiring,Copper,0.65,1462.53,USD,61,250,SUP-00679
PRD-04367,SKU-SYN-56579,Printed Circuit Boards Grade-Z,Printed Circuit Boards,Copper,0.35,1678.95,USD,51,500 units,SUP-00688
PRD-04368,sku_4368,Printed Circuit Boards Grade-A,,Copper,0.35,$1498.99,USD,77,250,SUP-00920
PRD-04369,SKU-SYN-60447,Synthetic Lubricants Grade-B,Synthetic Lubricants,Crude Oil / Polymers,0.8,2848.53,USD,12,500,SUP-00689
PRD-04370,SKU-SYN-31710,corrugated packaging grade-4370,Corrugated Packaging,Packaging,0.2,1349.9,USD,48,500,SUP-00931
PRD-04371,SKU-SYN-78135,Industrial Resins & Plastics Grade-D,Industrial Resins & Plastics,Crude Oil / Polymers,0.7,1041.18,USD,64,100,SUP-00071
PRD-04372,SKU-SYN-37730,Copper Conductors & Wiring Grade-E,Copper Conductors & Wiring,Copper,0.65,778.24,USD,87,100,SUP-00036
PRD-04373,SKU-SYN-56772,Corrugated Packaging Grade-F,Corrugated Packaging,Packaging,0.2,2994.8,USD,34,,SUP-00762
PRD-04374,SKU-SYN-15070,Copper Conductors & Wiring Grade-G,Copper Conductors & Wiring,Copper,0.65,$2033.33,USD,-10,500,SUP-00282
PRD-04375,SKU-SYN-27269,Printed Circuit Boards Grade-H,Printed Circuit Boards,Copper,0.35,-3056.93,USD,51,,SUP-00512
PRD-04376,SKU-SYN-32159,Copper Conductors & Wiring Grade-I,,Copper,0.65,2645.89,USD,76,500 units,SUP-00485
PRD-04377,SKU-SYN-76502,Heavy Engine Castings Grade-J,Heavy Engine Castings,Steel,0.5,1062.67,USD,33,250,SUP-00606
PRD-04378,SKU-SYN-14165,Synthetic Lubricants Grade-K,Synthetic Lubricants,Crude Oil / Polymers,0.8,796.07,USD,46,500,SUP-00044
PRD-04379,SKU-SYN-66415,Heavy Engine Castings Grade-L,Heavy Engine Castings,Steel,0.5,1160.62,USD,5,,SUP-00105
PRD-04380,sku_4380,corrugated packaging grade-4380,Corrugated Packaging,Packaging,0.2,$742.16,USD,15,500,SUP-99999
PRD-04381,SKU-SYN-20427,Industrial Resins & Plastics Grade-N,Industrial Resins & Plastics,Crude Oil / Polymers,0.7,3032.25,USD,29,100,SUP-00252
PRD-04382,SKU-SYN-75962,Heavy Engine Castings Grade-O,Heavy Engine Castings,Steel,0.5,731.3,USD,76,500 units,SUP-00198
PRD-04383,SKU-SYN-60846,Synthetic Lubricants Grade-P,Synthetic Lubricants,Crude Oil / Polymers,0.8,713.0,USD,16,500,SUP-00440
PRD-04384,SKU-SYN-10002,Heavy Engine Castings Grade-Q,,Steel,0.5,2279.57,USD,12,250,SUP-00752
PRD-04385,SKU-SYN-79406,Industrial Resins & Plastics Grade-R,Industrial Resins & Plastics,Crude Oil / Polymers,0.7,3088.74,USD,55,,SUP-00956
PRD-04386,SKU-SYN-10762,Corrugated Packaging Grade-S,Corrugated Packaging,Packaging,0.2,$3115.22,USD,25,100,SUP-00703
PRD-04387,SKU-SYN-64572,Synthetic Lubricants Grade-T,Synthetic Lubricants,Crude Oil / Polymers,0.8,2583.88,USD,73,500 units,SUP-00894
PRD-04388,SKU-SYN-40755,Printed Circuit Boards Grade-U,Printed Circuit Boards,Copper,0.35,383.58,USD,47,,SUP-00925
PRD-04389,SKU-SYN-63466,Printed Circuit Boards Grade-V,Printed Circuit Boards,Copper,0.35,2937.55,USD,89,500 units,SUP-00547
PRD-04390,SKU-SYN-89663,corrugated packaging grade-4390,Corrugated Packaging,Packaging,0.2,467.57,USD,27,,SUP-00441
PRD-04391,SKU-SYN-70559,Industrial Resins & Plastics Grade-X,Industrial Resins & Plastics,Crude Oil / Polymers,0.7,3164.67,USD,15,500 units,SUP-00074
PRD-04392,sku_4392,Heavy Engine Castings Grade-Y,,Steel,0.5,$414.77,USD,-10,100,SUP-00407
PRD-04393,SKU-SYN-98457,Industrial Resins & Plastics Grade-Z,Industrial Resins & Plastics,Crude Oil / Polymers,0.7,985.52,USD,47,500,SUP-00267
PRD-04394,SKU-SYN-96890,Synthetic Lubricants Grade-A,Synthetic Lubricants,Crude Oil / Polymers,0.8,646.08,USD,72,500,SUP-00586
PRD-04395,SKU-SYN-29833,Printed Circuit Boards Grade-B,Printed Circuit Boards,Copper,0.35,933.59,USD,5,100,SUP-00677
PRD-04396,SKU-SYN-59823,Heavy Engine Castings Grade-C,Heavy Engine Castings,Steel,0.5,2816.21,USD,10,500,SUP-00371
PRD-04397,SKU-SYN-24211,Industrial Resins & Plastics Grade-D,Industrial Resins & Plastics,Crude Oil / Polymers,0.7,1464.61,USD,41,100,SUP-00698
PRD-04398,SKU-SYN-51070,Copper Conductors & Wiring Grade-E,Copper Conductors & Wiring,Copper,0.65,$2097.41,USD,61,500,SUP-00394
PRD-04399,SKU-SYN-23065,Heavy Engine Castings Grade-F,Heavy Engine Castings,Steel,0.5,230.16,USD,90,500,SUP-00968
PRD-04400,SKU-SYN-44408,copper conductors & wiring grade-4400,,Copper,0.65,-2704.71,USD,25,500,SUP-99999
PRD-04401,SKU-SYN-35931,Corrugated Packaging Grade-H,Corrugated Packaging,Packaging,0.2,2377.95,USD,41,500,SUP-00422
PRD-04402,SKU-SYN-17238,Heavy Engine Castings Grade-I,Heavy Engine Castings,Steel,0.5,1160.42,USD,55,500,SUP-00755
PRD-04403,SKU-SYN-52867,Corrugated Packaging Grade-J,Corrugated Packaging,Packaging,0.2,2463.8,USD,14,500 units,SUP-00226
PRD-04404,sku_4404,Synthetic Lubricants Grade-K,Synthetic Lubricants,Crude Oil / Polymers,0.8,$2740.45,USD,64,500,SUP-00025
PRD-04405,SKU-SYN-30744,Industrial Resins & Plastics Grade-L,Industrial Resins & Plastics,Crude Oil / Polymers,0.7,1470.92,USD,40,250,SUP-00888
PRD-04406,SKU-SYN-33380,Heavy Engine Castings Grade-M,Heavy Engine Castings,Steel,0.5,1590.0,USD,51,,SUP-00054
PRD-04407,SKU-SYN-57262,Synthetic Lubricants Grade-N,Synthetic Lubricants,Crude Oil / Polymers,0.8,1801.78,USD,72,100,SUP-00341
PRD-04408,SKU-SYN-90188,Heavy Engine Castings Grade-O,,Steel,0.5,1664.08,USD,55,100,SUP-00546
PRD-04409,SKU-SYN-50796,Heavy Engine Castings Grade-P,Heavy Engine Castings,Steel,0.5,1289.8,USD,54,100,SUP-00265
PRD-04410,SKU-SYN-51423,copper conductors & wiring grade-4410,Copper Conductors & Wiring,Copper,0.65,$23.23,USD,-10,100,SUP-00761
PRD-04411,SKU-SYN-17518,Printed Circuit Boards Grade-R,Printed Circuit Boards,Copper,0.35,1788.13,USD,72,100,SUP-00193
PRD-04412,SKU-SYN-75404,Synthetic Lubricants Grade-S,Synthetic Lubricants,Crude Oil / Polymers,0.8,1064.08,USD,43,,SUP-00242
PRD-04413,SKU-SYN-48002,Industrial Resins & Plastics Grade-T,Industrial Resins & Plastics,Crude Oil / Polymers,0.7,976.11,USD,42,,SUP-00887
PRD-04414,SKU-SYN-75103,Corrugated Packaging Grade-U,Corrugated Packaging,Packaging,0.2,1997.81,USD,45,500 units,SUP-00432
PRD-04415,SKU-SYN-67563,Copper Conductors & Wiring Grade-V,Copper Conductors & Wiring,Copper,0.65,1944.42,USD,35,250,SUP-00405
PRD-04416,sku_4416,Printed Circuit Boards Grade-W,,Copper,0.35,$1518.01,USD,29,100,SUP-00287
PRD-04417,SKU-SYN-10303,Copper Conductors & Wiring Grade-X,Copper Conductors & Wiring,Copper,0.65,1008.12,USD,7,100,SUP-00345
PRD-04418,SKU-SYN-90838,Printed Circuit Boards Grade-Y,Printed Circuit Boards,Copper,0.35,2732.5,USD,53,250,SUP-00633
PRD-04419,SKU-SYN-39688,Printed Circuit Boards Grade-Z,Printed Circuit Boards,Copper,0.35,285.88,USD,65,250,SUP-00672
PRD-04420,SKU-SYN-13173,heavy engine castings grade-4420,Heavy Engine Castings,Steel,0.5,1050.63,USD,73,500 units,SUP-99999
PRD-04421,SKU-SYN-45630,Copper Conductors & Wiring Grade-B,Copper Conductors & Wiring,Copper,0.65,772.53,USD,89,100,SUP-00750
PRD-04422,SKU-SYN-63803,Printed Circuit Boards Grade-C,Printed Circuit Boards,Copper,0.35,$49.23,USD,67,,SUP-00206
PRD-04423,SKU-SYN-64046,Printed Circuit Boards Grade-D,Printed Circuit Boards,Copper,0.35,601.04,USD,86,,SUP-00735
PRD-04424,SKU-SYN-11879,Industrial Resins & Plastics Grade-E,,Crude Oil / Polymers,0.7,2286.77,USD,69,100,SUP-00489
PRD-04425,SKU-SYN-62251,Heavy Engine Castings Grade-F,Heavy Engine Castings,Steel,0.5,-2213.33,USD,46,,SUP-00138
PRD-04426,SKU-SYN-60525,Heavy Engine Castings Grade-G,Heavy Engine Castings,Steel,0.5,2588.95,USD,76,500,SUP-00631
PRD-04427,SKU-SYN-85600,Corrugated Packaging Grade-H,Corrugated Packaging,Packaging,0.2,2312.06,USD,74,250,SUP-00319
PRD-04428,sku_4428,Industrial Resins & Plastics Grade-I,Industrial Resins & Plastics,Crude Oil / Polymers,0.7,$1248.34,USD,-10,500 units,SUP-00776
PRD-04429,SKU-SYN-42320,Printed Circuit Boards Grade-J,Printed Circuit Boards,Copper,0.35,1258.3,USD,16,250,SUP-00052
PRD-04430,SKU-SYN-91689,printed circuit boards grade-4430,Printed Circuit Boards,Copper,0.35,2290.55,USD,49,250,SUP-00361
PRD-04431,SKU-SYN-29650,Heavy Engine Castings Grade-L,Heavy Engine Castings,Steel,0.5,1669.57,USD,24,100,SUP-00224
PRD-04432,SKU-SYN-42790,Synthetic Lubricants Grade-M,,Crude Oil / Polymers,0.8,340.96,USD,38,,SUP-00898
PRD-04433,SKU-SYN-78154,Copper Conductors & Wiring Grade-N,Copper Conductors & Wiring,Copper,0.65,1257.47,USD,21,500,SUP-00183
PRD-04434,SKU-SYN-95606,Corrugated Packaging Grade-O,Corrugated Packaging,Packaging,0.2,$2074.95,USD,82,250,SUP-00296
PRD-04435,SKU-SYN-44790,Printed Circuit Boards Grade-P,Printed Circuit Boards,Copper,0.35,1375.62,USD,70,500 units,SUP-00401
PRD-04436,SKU-SYN-51548,Printed Circuit Boards Grade-Q,Printed Circuit Boards,Copper,0.35,1004.27,USD,35,,SUP-00607
PRD-04437,SKU-SYN-66422,Industrial Resins & Plastics Grade-R,Industrial Resins & Plastics,Crude Oil / Polymers,0.7,1415.57,USD,63,250,SUP-00434
PRD-04438,SKU-SYN-23469,Copper Conductors & Wiring Grade-S,Copper Conductors & Wiring,Copper,0.65,1684.18,USD,82,100,SUP-00512
PRD-04439,SKU-SYN-29435,Industrial Resins & Plastics Grade-T,Industrial Resins & Plastics,Crude Oil / Polymers,0.7,2586.94,USD,83,500,SUP-00769
PRD-04440,sku_4440,copper conductors & wiring grade-4440,,Copper,0.65,$2276.42,USD,84,,SUP-99999
PRD-04441,SKU-SYN-76770,Printed Circuit Boards Grade-V,Printed Circuit Boards,Copper,0.35,712.16,USD,30,100,SUP-00100
PRD-04442,SKU-SYN-48852,Copper Conductors & Wiring Grade-W,Copper Conductors & Wiring,Copper,0.65,1197.68,USD,46,250,SUP-00934
PRD-04443,SKU-SYN-62466,Heavy Engine Castings Grade-X,Heavy Engine Castings,Steel,0.5,1430.95,USD,50,500 units,SUP-00314
PRD-04444,SKU-SYN-77737,Industrial Resins & Plastics Grade-Y,Industrial Resins & Plastics,Crude Oil / Polymers,0.7,2694.21,USD,45,100,SUP-00759
PRD-04445,SKU-SYN-91256,Copper Conductors & Wiring Grade-Z,Copper Conductors & Wiring,Copper,0.65,3152.87,USD,89,,SUP-00235
PRD-04446,SKU-SYN-75718,Printed Circuit Boards Grade-A,Printed Circuit Boards,Copper,0.35,$856.61,USD,-10,100,SUP-00062
PRD-04447,SKU-SYN-28569,Synthetic Lubricants Grade-B,Synthetic Lubricants,Crude Oil / Polymers,0.8,2050.38,USD,50,,SUP-00167
PRD-04448,SKU-SYN-53820,Industrial Resins & Plastics Grade-C,,Crude Oil / Polymers,0.7,2348.63,USD,67,500,SUP-00375
PRD-04449,SKU-SYN-79777,Heavy Engine Castings Grade-D,Heavy Engine Castings,Steel,0.5,2282.89,USD,41,,SUP-00478
PRD-04450,SKU-SYN-26608,heavy engine castings grade-4450,Heavy Engine Castings,Steel,0.5,-238.55,USD,55,,SUP-00522
PRD-04451,SKU-SYN-66691,Corrugated Packaging Grade-F,Corrugated Packaging,Packaging,0.2,2261.44,USD,90,250,SUP-00698
PRD-04452,sku_4452,Heavy Engine Castings Grade-G,Heavy Engine Castings,Steel,0.5,$780.87,USD,82,250,SUP-00776
PRD-04453,SKU-SYN-15995,Industrial Resins & Plastics Grade-H,Industrial Resins & Plastics,Crude Oil / Polymers,0.7,2392.38,USD,71,500 units,SUP-00497
PRD-04454,SKU-SYN-73206,Synthetic Lubricants Grade-I,Synthetic Lubricants,Crude Oil / Polymers,0.8,2606.75,USD,6,250,SUP-00558
PRD-04455,SKU-SYN-38888,Heavy Engine Castings Grade-J,Heavy Engine Castings,Steel,0.5,2022.32,USD,75,500,SUP-00724
PRD-04456,SKU-SYN-23937,Copper Conductors & Wiring Grade-K,,Copper,0.65,1609.11,USD,19,250,SUP-00833
PRD-04457,SKU-SYN-59807,Industrial Resins & Plastics Grade-L,Industrial Resins & Plastics,Crude Oil / Polymers,0.7,2177.14,USD,84,500,SUP-00718
PRD-04458,SKU-SYN-74426,Copper Conductors & Wiring Grade-M,Copper Conductors & Wiring,Copper,0.65,$182.19,USD,43,500 units,SUP-00712
PRD-04459,SKU-SYN-92786,Industrial Resins & Plastics Grade-N,Industrial Resins & Plastics,Crude Oil / Polymers,0.7,1479.93,USD,47,100,SUP-00305
PRD-04460,SKU-SYN-21522,heavy engine castings grade-4460,Heavy Engine Castings,Steel,0.5,366.79,USD,27,500 units,SUP-99999
PRD-04461,SKU-SYN-90596,Heavy Engine Castings Grade-P,Heavy Engine Castings,Steel,0.5,1046.79,USD,51,,SUP-00403
PRD-04462,SKU-SYN-12678,Corrugated Packaging Grade-Q,Corrugated Packaging,Packaging,0.2,1993.63,USD,74,250,SUP-00028
PRD-04463,SKU-SYN-13862,Copper Conductors & Wiring Grade-R,Copper Conductors & Wiring,Copper,0.65,2057.63,USD,41,500 units,SUP-00159
PRD-04464,sku_4464,Corrugated Packaging Grade-S,,Packaging,0.2,$404.9,USD,-10,500,SUP-00999
PRD-04465,SKU-SYN-30216,Heavy Engine Castings Grade-T,Heavy Engine Castings,Steel,0.5,3112.04,USD,88,500,SUP-00822
PRD-04466,SKU-SYN-85996,Industrial Resins & Plastics Grade-U,Industrial Resins & Plastics,Crude Oil / Polymers,0.7,215.24,USD,11,100,SUP-00567
PRD-04467,SKU-SYN-72580,Heavy Engine Castings Grade-V,Heavy Engine Castings,Steel,0.5,964.75,USD,70,250,SUP-00203
PRD-04468,SKU-SYN-62651,Industrial Resins & Plastics Grade-W,Industrial Resins & Plastics,Crude Oil / Polymers,0.7,296.95,USD,34,500 units,SUP-00563
PRD-04469,SKU-SYN-12814,Synthetic Lubricants Grade-X,Synthetic Lubricants,Crude Oil / Polymers,0.8,1075.91,USD,65,250,SUP-00741
PRD-04470,SKU-SYN-89333,heavy engine castings grade-4470,Heavy Engine Castings,Steel,0.5,$1751.78,USD,38,500,SUP-00976
PRD-04471,SKU-SYN-20824,Copper Conductors & Wiring Grade-Z,Copper Conductors & Wiring,Copper,0.65,2774.62,USD,40,500 units,SUP-00369
PRD-04472,SKU-SYN-85641,Printed Circuit Boards Grade-A,,Copper,0.35,2065.35,USD,75,250,SUP-00276
PRD-04473,SKU-SYN-54991,Heavy Engine Castings Grade-B,Heavy Engine Castings,Steel,0.5,3066.26,USD,66,500 units,SUP-00151
PRD-04474,SKU-SYN-33922,Synthetic Lubricants Grade-C,Synthetic Lubricants,Crude Oil / Polymers,0.8,211.45,USD,61,100,SUP-00627
PRD-04475,SKU-SYN-44108,Copper Conductors & Wiring Grade-D,Copper Conductors & Wiring,Copper,0.65,-2014.95,USD,56,500 units,SUP-00479
PRD-04476,sku_4476,Printed Circuit Boards Grade-E,Printed Circuit Boards,Copper,0.35,$2879.67,USD,30,500,SUP-00582
PRD-04477,SKU-SYN-27175,Corrugated Packaging Grade-F,Corrugated Packaging,Packaging,0.2,3191.6,USD,67,500 units,SUP-00934
PRD-04478,SKU-SYN-96918,Corrugated Packaging Grade-G,Corrugated Packaging,Packaging,0.2,434.51,USD,63,500,SUP-00047
PRD-04479,SKU-SYN-26580,Synthetic Lubricants Grade-H,Synthetic Lubricants,Crude Oil / Polymers,0.8,2675.66,USD,20,500 units,SUP-00967
PRD-04480,SKU-SYN-93442,printed circuit boards grade-4480,,Copper,0.35,1378.59,USD,46,100,SUP-99999
PRD-04481,SKU-SYN-39031,Corrugated Packaging Grade-J,Corrugated Packaging,Packaging,0.2,2839.68,USD,17,250,SUP-00227
PRD-04482,SKU-SYN-29466,Copper Conductors & Wiring Grade-K,Copper Conductors & Wiring,Copper,0.65,$781.76,USD,-10,250,SUP-00328
PRD-04483,SKU-SYN-39440,Synthetic Lubricants Grade-L,Synthetic Lubricants,Crude Oil / Polymers,0.8,1595.59,USD,79,100,SUP-00095
PRD-04484,SKU-SYN-63264,Printed Circuit Boards Grade-M,Printed Circuit Boards,Copper,0.35,1986.08,USD,72,250,SUP-00799
PRD-04485,SKU-SYN-71240,Synthetic Lubricants Grade-N,Synthetic Lubricants,Crude Oil / Polymers,0.8,606.24,USD,17,,SUP-00226
PRD-04486,SKU-SYN-18420,Copper Conductors & Wiring Grade-O,Copper Conductors & Wiring,Copper,0.65,1101.23,USD,52,500,SUP-00612
PRD-04487,SKU-SYN-20060,Industrial Resins & Plastics Grade-P,Industrial Resins & Plastics,Crude Oil / Polymers,0.7,3065.06,USD,40,500 units,SUP-00672
PRD-04488,sku_4488,Printed Circuit Boards Grade-Q,,Copper,0.35,$620.27,USD,31,,SUP-00764
PRD-04489,SKU-SYN-35101,Printed Circuit Boards Grade-R,Printed Circuit Boards,Copper,0.35,3005.7,USD,29,500 units,SUP-00353
PRD-04490,SKU-SYN-56086,synthetic lubricants grade-4490,Synthetic Lubricants,Crude Oil / Polymers,0.8,236.61,USD,86,100,SUP-00813
PRD-04491,SKU-SYN-41569,Printed Circuit Boards Grade-T,Printed Circuit Boards,Copper,0.35,2350.96,USD,55,,SUP-00558
PRD-04492,SKU-SYN-66805,Copper Conductors & Wiring Grade-U,Copper Conductors & Wiring,Copper,0.65,2916.5,USD,59,100,SUP-00020
PRD-04493,SKU-SYN-56462,Industrial Resins & Plastics Grade-V,Industrial Resins & Plastics,Crude Oil / Polymers,0.7,1742.85,USD,64,,SUP-00976
PRD-04494,SKU-SYN-85314,Synthetic Lubricants Grade-W,Synthetic Lubricants,Crude Oil / Polymers,0.8,$947.08,USD,56,500 units,SUP-00764
PRD-04495,SKU-SYN-18845,Printed Circuit Boards Grade-X,Printed Circuit Boards,Copper,0.35,416.32,USD,81,500 units,SUP-00939
PRD-04496,SKU-SYN-27525,Heavy Engine Castings Grade-Y,,Steel,0.5,2870.22,USD,10,250,SUP-00452
PRD-04497,SKU-SYN-20522,Industrial Resins & Plastics Grade-Z,Industrial Resins & Plastics,Crude Oil / Polymers,0.7,2763.48,USD,39,100,SUP-00869
PRD-04498,SKU-SYN-94124,Synthetic Lubricants Grade-A,Synthetic Lubricants,Crude Oil / Polymers,0.8,3035.28,USD,12,500 units,SUP-00946
PRD-04499,SKU-SYN-13542,Synthetic Lubricants Grade-B,Synthetic Lubricants,Crude Oil / Polymers,0.8,2019.87,USD,79,500 units,SUP-00454
prd_4500,sku_4500,corrugated packaging grade-4500,Corrugated Packaging,Packaging,0.2,$295.35,USD,-10,500,SUP-99999
PRD-04501,SKU-SYN-10587,Corrugated Packaging Grade-D,Corrugated Packaging,Packaging,0.2,1912.75,USD,41,500,SUP-00459
PRD-04502,SKU-SYN-66812,Corrugated Packaging Grade-E,Corrugated Packaging,Packaging,0.2,2550.95,USD,5,,SUP-00443
PRD-04503,SKU-SYN-16495,Printed Circuit Boards Grade-F,Printed Circuit Boards,Copper,0.35,179.56,USD,60,,SUP-00275
PRD-04504,SKU-SYN-36353,Industrial Resins & Plastics Grade-G,,Crude Oil / Polymers,0.7,68.6,USD,11,250,SUP-00218
PRD-04505,SKU-SYN-16201,Corrugated Packaging Grade-H,Corrugated Packaging,Packaging,0.2,556.43,USD,36,100,SUP-00714
PRD-04506,SKU-SYN-79937,Corrugated Packaging Grade-I,Corrugated Packaging,Packaging,0.2,$306.3,USD,82,500 units,SUP-00338
PRD-04507,SKU-SYN-54424,Printed Circuit Boards Grade-J,Printed Circuit Boards,Copper,0.35,1526.86,USD,39,500 units,SUP-00321
PRD-04508,SKU-SYN-73320,Heavy Engine Castings Grade-K,Heavy Engine Castings,Steel,0.5,1410.2,USD,7,,SUP-00297
PRD-04509,SKU-SYN-23030,Synthetic Lubricants Grade-L,Synthetic Lubricants,Crude Oil / Polymers,0.8,516.91,USD,82,,SUP-00148
PRD-04510,SKU-SYN-60738,industrial resins & plastics grade-4510,Industrial Resins & Plastics,Crude Oil / Polymers,0.7,737.08,USD,80,100,SUP-00138
PRD-04511,SKU-SYN-51615,Synthetic Lubricants Grade-N,Synthetic Lubricants,Crude Oil / Polymers,0.8,2094.17,USD,10,100,SUP-00658
PRD-04512,sku_4512,Industrial Resins & Plastics Grade-O,,Crude Oil / Polymers,0.7,$2927.94,USD,33,100,SUP-00531
PRD-04513,SKU-SYN-90975,Industrial Resins & Plastics Grade-P,Industrial Resins & Plastics,Crude Oil / Polymers,0.7,1907.9,USD,83,500 units,SUP-00816
PRD-04514,SKU-SYN-70528,Copper Conductors & Wiring Grade-Q,Copper Conductors & Wiring,Copper,0.65,2119.59,USD,39,500 units,SUP-00986
PRD-04515,SKU-SYN-42621,Industrial Resins & Plastics Grade-R,Industrial Resins & Plastics,Crude Oil / Polymers,0.7,205.07,USD,13,500,SUP-00023
PRD-04516,SKU-SYN-92234,Heavy Engine Castings Grade-S,Heavy Engine Castings,Steel,0.5,2504.45,USD,43,500 units,SUP-00665
PRD-04517,SKU-SYN-95147,Copper Conductors & Wiring Grade-T,Copper Conductors & Wiring,Copper,0.65,2670.84,USD,45,500 units,SUP-00440
PRD-04518,SKU-SYN-64476,Corrugated Packaging Grade-U,Corrugated Packaging,Packaging,0.2,$2395.68,USD,-10,100,SUP-00873
PRD-04519,SKU-SYN-16873,Printed Circuit Boards Grade-V,Printed Circuit Boards,Copper,0.35,1485.23,USD,6,500 units,SUP-00772
PRD-04520,SKU-SYN-68485,printed circuit boards grade-4520,,Copper,0.35,2778.79,USD,25,100,SUP-99999
PRD-04521,SKU-SYN-92206,Printed Circuit Boards Grade-X,Printed Circuit Boards,Copper,0.35,2945.5,USD,65,500,SUP-00097
PRD-04522,SKU-SYN-14095,Industrial Resins & Plastics Grade-Y,Industrial Resins & Plastics,Crude Oil / Polymers,0.7,2988.12,USD,58,500,SUP-00548
PRD-04523,SKU-SYN-28809,Printed Circuit Boards Grade-Z,Printed Circuit Boards,Copper,0.35,928.45,USD,17,100,SUP-00771
PRD-04524,sku_4524,Industrial Resins & Plastics Grade-A,Industrial Resins & Plastics,Crude Oil / Polymers,0.7,$1051.96,USD,67,,SUP-00554
PRD-04525,SKU-SYN-55771,Printed Circuit Boards Grade-B,Printed Circuit Boards,Copper,0.35,-2058.73,USD,80,250,SUP-00352
PRD-04526,SKU-SYN-27634,Heavy Engine Castings Grade-C,Heavy Engine Castings,Steel,0.5,2734.66,USD,88,100,SUP-00182
PRD-04527,SKU-SYN-61104,Industrial Resins & Plastics Grade-D,Industrial Resins & Plastics,Crude Oil / Polymers,0.7,641.72,USD,18,500,SUP-00181
PRD-04528,SKU-SYN-67600,Synthetic Lubricants Grade-E,,Crude Oil / Polymers,0.8,2128.99,USD,9,250,SUP-00345
PRD-04529,SKU-SYN-70730,Heavy Engine Castings Grade-F,Heavy Engine Castings,Steel,0.5,2695.82,USD,20,500 units,SUP-00449
PRD-04530,SKU-SYN-38580,printed circuit boards grade-4530,Printed Circuit Boards,Copper,0.35,$428.81,USD,72,,SUP-00652
PRD-04531,SKU-SYN-89039,Corrugated Packaging Grade-H,Corrugated Packaging,Packaging,0.2,1228.88,USD,20,500 units,SUP-00698
PRD-04532,SKU-SYN-19692,Heavy Engine Castings Grade-I,Heavy Engine Castings,Steel,0.5,900.64,USD,86,,SUP-00067
PRD-04533,SKU-SYN-38772,Industrial Resins & Plastics Grade-J,Industrial Resins & Plastics,Crude Oil / Polymers,0.7,1623.92,USD,69,500 units,SUP-00777
PRD-04534,SKU-SYN-70287,Synthetic Lubricants Grade-K,Synthetic Lubricants,Crude Oil / Polymers,0.8,1298.52,USD,16,500 units,SUP-00883
PRD-04535,SKU-SYN-49535,Corrugated Packaging Grade-L,Corrugated Packaging,Packaging,0.2,246.04,USD,86,,SUP-00833
PRD-04536,sku_4536,Corrugated Packaging Grade-M,,Packaging,0.2,$677.71,USD,-10,500 units,SUP-00583
PRD-04537,SKU-SYN-96937,Synthetic Lubricants Grade-N,Synthetic Lubricants,Crude Oil / Polymers,0.8,188.68,USD,7,500,SUP-00056
PRD-04538,SKU-SYN-77580,Industrial Resins & Plastics Grade-O,Industrial Resins & Plastics,Crude Oil / Polymers,0.7,550.21,USD,16,500 units,SUP-00946
PRD-04539,SKU-SYN-44949,Heavy Engine Castings Grade-P,Heavy Engine Castings,Steel,0.5,3159.61,USD,86,500 units,SUP-00277
PRD-04540,SKU-SYN-46914,heavy engine castings grade-4540,Heavy Engine Castings,Steel,0.5,1719.25,USD,50,,SUP-99999
PRD-04541,SKU-SYN-31042,Industrial Resins & Plastics Grade-R,Industrial Resins & Plastics,Crude Oil / Polymers,0.7,2652.84,USD,82,,SUP-00771
PRD-04542,SKU-SYN-57754,Industrial Resins & Plastics Grade-S,Industrial Resins & Plastics,Crude Oil / Polymers,0.7,$3054.42,USD,63,,SUP-00933
PRD-04543,SKU-SYN-68818,Corrugated Packaging Grade-T,Corrugated Packaging,Packaging,0.2,2865.12,USD,33,250,SUP-00274
PRD-04544,SKU-SYN-90475,Industrial Resins & Plastics Grade-U,,Crude Oil / Polymers,0.7,1572.62,USD,10,250,SUP-00751
PRD-04545,SKU-SYN-20292,Heavy Engine Castings Grade-V,Heavy Engine Castings,Steel,0.5,443.37,USD,75,500,SUP-00884
PRD-04546,SKU-SYN-13173,Heavy Engine Castings Grade-W,Heavy Engine Castings,Steel,0.5,2938.76,USD,25,100,SUP-00447
PRD-04547,SKU-SYN-13478,Synthetic Lubricants Grade-X,Synthetic Lubricants,Crude Oil / Polymers,0.8,1826.83,USD,12,100,SUP-00462
PRD-04548,sku_4548,Synthetic Lubricants Grade-Y,Synthetic Lubricants,Crude Oil / Polymers,0.8,$2344.57,USD,5,100,SUP-00463
PRD-04549,SKU-SYN-67642,Synthetic Lubricants Grade-Z,Synthetic Lubricants,Crude Oil / Polymers,0.8,1628.0,USD,41,500,SUP-00012
PRD-04550,SKU-SYN-85495,industrial resins & plastics grade-4550,Industrial Resins & Plastics,Crude Oil / Polymers,0.7,-1583.55,USD,50,500 units,SUP-00919
PRD-04551,SKU-SYN-83469,Corrugated Packaging Grade-B,Corrugated Packaging,Packaging,0.2,1907.16,USD,47,250,SUP-00137
PRD-04552,SKU-SYN-21897,Industrial Resins & Plastics Grade-C,,Crude Oil / Polymers,0.7,1422.54,USD,62,500 units,SUP-00243
PRD-04553,SKU-SYN-47986,Industrial Resins & Plastics Grade-D,Industrial Resins & Plastics,Crude Oil / Polymers,0.7,1294.22,USD,25,,SUP-00278
PRD-04554,SKU-SYN-29061,Heavy Engine Castings Grade-E,Heavy Engine Castings,Steel,0.5,$1966.33,USD,-10,100,SUP-00279
PRD-04555,SKU-SYN-73318,Synthetic Lubricants Grade-F,Synthetic Lubricants,Crude Oil / Polymers,0.8,986.74,USD,76,100,SUP-00173
PRD-04556,SKU-SYN-26779,Synthetic Lubricants Grade-G,Synthetic Lubricants,Crude Oil / Polymers,0.8,823.21,USD,69,500,SUP-00073
PRD-04557,SKU-SYN-74471,Corrugated Packaging Grade-H,Corrugated Packaging,Packaging,0.2,1547.28,USD,81,100,SUP-00817
PRD-04558,SKU-SYN-87067,Heavy Engine Castings Grade-I,Heavy Engine Castings,Steel,0.5,298.21,USD,13,500,SUP-00434
PRD-04559,SKU-SYN-22521,Industrial Resins & Plastics Grade-J,Industrial Resins & Plastics,Crude Oil / Polymers,0.7,2957.6,USD,14,,SUP-00386
PRD-04560,sku_4560,copper conductors & wiring grade-4560,,Copper,0.65,$724.85,USD,37,,SUP-99999
PRD-04561,SKU-SYN-56967,Corrugated Packaging Grade-L,Corrugated Packaging,Packaging,0.2,1773.87,USD,34,100,SUP-00318
PRD-04562,SKU-SYN-50876,Corrugated Packaging Grade-M,Corrugated Packaging,Packaging,0.2,156.39,USD,78,500,SUP-00016
PRD-04563,SKU-SYN-12957,Heavy Engine Castings Grade-N,Heavy Engine Castings,Steel,0.5,118.72,USD,78,100,SUP-00229
PRD-04564,SKU-SYN-13791,Corrugated Packaging Grade-O,Corrugated Packaging,Packaging,0.2,1190.35,USD,36,500 units,SUP-00261
PRD-04565,SKU-SYN-67200,Synthetic Lubricants Grade-P,Synthetic Lubricants,Crude Oil / Polymers,0.8,1727.6,USD,40,250,SUP-00168
PRD-04566,SKU-SYN-12457,Printed Circuit Boards Grade-Q,Printed Circuit Boards,Copper,0.35,$233.65,USD,76,500 units,SUP-00754
PRD-04567,SKU-SYN-82467,Corrugated Packaging Grade-R,Corrugated Packaging,Packaging,0.2,12.33,USD,79,,SUP-00865
PRD-04568,SKU-SYN-21356,Printed Circuit Boards Grade-S,,Copper,0.35,632.64,USD,72,100,SUP-00284
PRD-04569,SKU-SYN-80525,Corrugated Packaging Grade-T,Corrugated Packaging,Packaging,0.2,66.62,USD,11,100,SUP-00293
PRD-04570,SKU-SYN-91033,industrial resins & plastics grade-4570,Industrial Resins & Plastics,Crude Oil / Polymers,0.7,317.51,USD,8,250,SUP-00677
PRD-04571,SKU-SYN-69081,Heavy Engine Castings Grade-V,Heavy Engine Castings,Steel,0.5,1570.96,USD,54,250,SUP-00962
PRD-04572,sku_4572,Copper Conductors & Wiring Grade-W,Copper Conductors & Wiring,Copper,0.65,$187.54,USD,-10,500 units,SUP-00651
PRD-04573,SKU-SYN-12078,Printed Circuit Boards Grade-X,Printed Circuit Boards,Copper,0.35,387.45,USD,56,500 units,SUP-00383
PRD-04574,SKU-SYN-69579,Heavy Engine Castings Grade-Y,Heavy Engine Castings,Steel,0.5,837.42,USD,49,,SUP-00573
PRD-04575,SKU-SYN-28941,Corrugated Packaging Grade-Z,Corrugated Packaging,Packaging,0.2,-2295.99,USD,32,500 units,SUP-00510
PRD-04576,SKU-SYN-72032,Synthetic Lubricants Grade-A,,Crude Oil / Polymers,0.8,638.78,USD,40,100,SUP-00520
PRD-04577,SKU-SYN-48863,Synthetic Lubricants Grade-B,Synthetic Lubricants,Crude Oil / Polymers,0.8,2002.31,USD,54,500 units,SUP-00808
PRD-04578,SKU-SYN-12269,Industrial Resins & Plastics Grade-C,Industrial Resins & Plastics,Crude Oil / Polymers,0.7,$124.06,USD,68,500 units,SUP-00966
PRD-04579,SKU-SYN-30751,Corrugated Packaging Grade-D,Corrugated Packaging,Packaging,0.2,3134.09,USD,64,100,SUP-00665
PRD-04580,SKU-SYN-10669,industrial resins & plastics grade-4580,Industrial Resins & Plastics,Crude Oil / Polymers,0.7,362.57,USD,23,250,SUP-99999
PRD-04581,SKU-SYN-94482,Copper Conductors & Wiring Grade-F,Copper Conductors & Wiring,Copper,0.65,2937.91,USD,56,100,SUP-00815
PRD-04582,SKU-SYN-43902,Printed Circuit Boards Grade-G,Printed Circuit Boards,Copper,0.35,1809.1,USD,16,250,SUP-00410
PRD-04583,SKU-SYN-40942,Copper Conductors & Wiring Grade-H,Copper Conductors & Wiring,Copper,0.65,220.9,USD,40,500 units,SUP-00241
PRD-04584,sku_4584,Corrugated Packaging Grade-I,,Packaging,0.2,$2355.75,USD,48,100,SUP-00601
PRD-04585,SKU-SYN-91774,Synthetic Lubricants Grade-J,Synthetic Lubricants,Crude Oil / Polymers,0.8,2500.73,USD,17,500,SUP-00402
PRD-04586,SKU-SYN-65209,Heavy Engine Castings Grade-K,Heavy Engine Castings,Steel,0.5,1961.57,USD,22,500 units,SUP-00640
PRD-04587,SKU-SYN-96948,Corrugated Packaging Grade-L,Corrugated Packaging,Packaging,0.2,2676.32,USD,45,500 units,SUP-00573
PRD-04588,SKU-SYN-14433,Corrugated Packaging Grade-M,Corrugated Packaging,Packaging,0.2,1501.05,USD,76,,SUP-00187
PRD-04589,SKU-SYN-77234,Synthetic Lubricants Grade-N,Synthetic Lubricants,Crude Oil / Polymers,0.8,1957.91,USD,85,500 units,SUP-00451
PRD-04590,SKU-SYN-84305,corrugated packaging grade-4590,Corrugated Packaging,Packaging,0.2,$3136.78,USD,-10,500,SUP-00657
PRD-04591,SKU-SYN-15677,Synthetic Lubricants Grade-P,Synthetic Lubricants,Crude Oil / Polymers,0.8,426.38,USD,47,500 units,SUP-00040
PRD-04592,SKU-SYN-58764,Heavy Engine Castings Grade-Q,,Steel,0.5,440.45,USD,61,,SUP-00328
PRD-04593,SKU-SYN-11301,Copper Conductors & Wiring Grade-R,Copper Conductors & Wiring,Copper,0.65,1128.85,USD,40,100,SUP-00459
PRD-04594,SKU-SYN-63546,Synthetic Lubricants Grade-S,Synthetic Lubricants,Crude Oil / Polymers,0.8,1837.46,USD,74,500 units,SUP-00258
PRD-04595,SKU-SYN-32789,Heavy Engine Castings Grade-T,Heavy Engine Castings,Steel,0.5,3073.02,USD,19,250,SUP-00465
PRD-04596,sku_4596,Industrial Resins & Plastics Grade-U,Industrial Resins & Plastics,Crude Oil / Polymers,0.7,$217.24,USD,31,250,SUP-00619
PRD-04597,SKU-SYN-89039,Synthetic Lubricants Grade-V,Synthetic Lubricants,Crude Oil / Polymers,0.8,333.02,USD,42,100,SUP-00631
PRD-04598,SKU-SYN-88231,Corrugated Packaging Grade-W,Corrugated Packaging,Packaging,0.2,3022.42,USD,77,500,SUP-00794
PRD-04599,SKU-SYN-25078,Printed Circuit Boards Grade-X,Printed Circuit Boards,Copper,0.35,891.88,USD,75,500 units,SUP-00795
PRD-04600,SKU-SYN-73801,copper conductors & wiring grade-4600,,Copper,0.65,-416.23,USD,39,250,SUP-99999
PRD-04601,SKU-SYN-19519,Copper Conductors & Wiring Grade-Z,Copper Conductors & Wiring,Copper,0.65,289.31,USD,49,100,SUP-00979
PRD-04602,SKU-SYN-48332,Heavy Engine Castings Grade-A,Heavy Engine Castings,Steel,0.5,$1815.63,USD,35,100,SUP-00660
PRD-04603,SKU-SYN-52490,Synthetic Lubricants Grade-B,Synthetic Lubricants,Crude Oil / Polymers,0.8,2518.85,USD,50,100,SUP-00808
PRD-04604,SKU-SYN-13027,Industrial Resins & Plastics Grade-C,Industrial Resins & Plastics,Crude Oil / Polymers,0.7,1308.15,USD,29,100,SUP-00945
PRD-04605,SKU-SYN-32319,Printed Circuit Boards Grade-D,Printed Circuit Boards,Copper,0.35,2489.29,USD,44,100,SUP-00246
PRD-04606,SKU-SYN-30242,Synthetic Lubricants Grade-E,Synthetic Lubricants,Crude Oil / Polymers,0.8,3184.46,USD,39,100,SUP-00770
PRD-04607,SKU-SYN-46945,Copper Conductors & Wiring Grade-F,Copper Conductors & Wiring,Copper,0.65,3155.41,USD,65,500 units,SUP-00490
PRD-04608,sku_4608,Synthetic Lubricants Grade-G,,Crude Oil / Polymers,0.8,$1582.07,USD,-10,500 units,SUP-00917
PRD-04609,SKU-SYN-19309,Copper Conductors & Wiring Grade-H,Copper Conductors & Wiring,Copper,0.65,3054.5,USD,37,250,SUP-00709
PRD-04610,SKU-SYN-84094,corrugated packaging grade-4610,Corrugated Packaging,Packaging,0.2,2755.57,USD,49,100,SUP-00974
PRD-04611,SKU-SYN-81562,Industrial Resins & Plastics Grade-J,Industrial Resins & Plastics,Crude Oil / Polymers,0.7,1897.78,USD,32,,SUP-00164
PRD-04612,SKU-SYN-27462,Synthetic Lubricants Grade-K,Synthetic Lubricants,Crude Oil / Polymers,0.8,3081.48,USD,19,250,SUP-00480
PRD-04613,SKU-SYN-47097,Heavy Engine Castings Grade-L,Heavy Engine Castings,Steel,0.5,1631.1,USD,22,500,SUP-00297
PRD-04614,SKU-SYN-57609,Heavy Engine Castings Grade-M,Heavy Engine Castings,Steel,0.5,$572.5,USD,74,500,SUP-00003
PRD-04615,SKU-SYN-32883,Heavy Engine Castings Grade-N,Heavy Engine Castings,Steel,0.5,644.42,USD,27,100,SUP-00673
PRD-04616,SKU-SYN-28447,Corrugated Packaging Grade-O,,Packaging,0.2,2083.47,USD,86,,SUP-00666
PRD-04617,SKU-SYN-17631,Printed Circuit Boards Grade-P,Printed Circuit Boards,Copper,0.35,3193.12,USD,12,500,SUP-00364
PRD-04618,SKU-SYN-77365,Copper Conductors & Wiring Grade-Q,Copper Conductors & Wiring,Copper,0.65,65.73,USD,29,250,SUP-00848
PRD-04619,SKU-SYN-58965,Synthetic Lubricants Grade-R,Synthetic Lubricants,Crude Oil / Polymers,0.8,1926.01,USD,10,500,SUP-00183
PRD-04620,sku_4620,industrial resins & plastics grade-4620,Industrial Resins & Plastics,Crude Oil / Polymers,0.7,$2378.15,USD,19,100,SUP-99999
PRD-04621,SKU-SYN-94370,Heavy Engine Castings Grade-T,Heavy Engine Castings,Steel,0.5,138.11,USD,87,,SUP-00769
PRD-04622,SKU-SYN-33245,Copper Conductors & Wiring Grade-U,Copper Conductors & Wiring,Copper,0.65,2161.49,USD,81,,SUP-00845
PRD-04623,SKU-SYN-51557,Heavy Engine Castings Grade-V,Heavy Engine Castings,Steel,0.5,1699.45,USD,27,500,SUP-00724
PRD-04624,SKU-SYN-66838,Industrial Resins & Plastics Grade-W,,Crude Oil / Polymers,0.7,808.69,USD,9,500,SUP-00858
PRD-04625,SKU-SYN-98458,Heavy Engine Castings Grade-X,Heavy Engine Castings,Steel,0.5,-839.6,USD,80,250,SUP-00756
PRD-04626,SKU-SYN-28930,Synthetic Lubricants Grade-Y,Synthetic Lubricants,Crude Oil / Polymers,0.8,$1566.44,USD,-10,500,SUP-00177
PRD-04627,SKU-SYN-42471,Corrugated Packaging Grade-Z,Corrugated Packaging,Packaging,0.2,2445.78,USD,35,500,SUP-00231
PRD-04628,SKU-SYN-89418,Printed Circuit Boards Grade-A,Printed Circuit Boards,Copper,0.35,61.86,USD,90,250,SUP-00717
PRD-04629,SKU-SYN-99576,Copper Conductors & Wiring Grade-B,Copper Conductors & Wiring,Copper,0.65,2104.63,USD,5,100,SUP-00917
PRD-04630,SKU-SYN-94318,industrial resins & plastics grade-4630,Industrial Resins & Plastics,Crude Oil / Polymers,0.7,304.13,USD,56,,SUP-00208
PRD-04631,SKU-SYN-43828,Copper Conductors & Wiring Grade-D,Copper Conductors & Wiring,Copper,0.65,1577.41,USD,77,500,SUP-00120
PRD-04632,sku_4632,Printed Circuit Boards Grade-E,,Copper,0.35,$2943.91,USD,66,500,SUP-00856
PRD-04633,SKU-SYN-48287,Heavy Engine Castings Grade-F,Heavy Engine Castings,Steel,0.5,1932.97,USD,37,500 units,SUP-00698
PRD-04634,SKU-SYN-99592,Heavy Engine Castings Grade-G,Heavy Engine Castings,Steel,0.5,3021.71,USD,62,250,SUP-00467
PRD-04635,SKU-SYN-76930,Synthetic Lubricants Grade-H,Synthetic Lubricants,Crude Oil / Polymers,0.8,557.59,USD,60,100,SUP-00846
PRD-04636,SKU-SYN-47928,Copper Conductors & Wiring Grade-I,Copper Conductors & Wiring,Copper,0.65,2562.47,USD,73,250,SUP-00925
PRD-04637,SKU-SYN-66309,Heavy Engine Castings Grade-J,Heavy Engine Castings,Steel,0.5,2964.88,USD,31,500 units,SUP-00880
PRD-04638,SKU-SYN-79741,Corrugated Packaging Grade-K,Corrugated Packaging,Packaging,0.2,$2588.91,USD,33,500 units,SUP-00405
PRD-04639,SKU-SYN-40567,Copper Conductors & Wiring Grade-L,Copper Conductors & Wiring,Copper,0.65,2572.07,USD,49,250,SUP-00284
PRD-04640,SKU-SYN-16758,copper conductors & wiring grade-4640,,Copper,0.65,175.34,USD,21,100,SUP-99999
PRD-04641,SKU-SYN-45425,Printed Circuit Boards Grade-N,Printed Circuit Boards,Copper,0.35,2663.89,USD,18,500 units,SUP-00038
PRD-04642,SKU-SYN-16717,Heavy Engine Castings Grade-O,Heavy Engine Castings,Steel,0.5,2347.74,USD,30,,SUP-00296
PRD-04643,SKU-SYN-36929,Industrial Resins & Plastics Grade-P,Industrial Resins & Plastics,Crude Oil / Polymers,0.7,495.01,USD,83,500 units,SUP-00330
PRD-04644,sku_4644,Copper Conductors & Wiring Grade-Q,Copper Conductors & Wiring,Copper,0.65,$1854.74,USD,-10,250,SUP-00772
PRD-04645,SKU-SYN-92490,Corrugated Packaging Grade-R,Corrugated Packaging,Packaging,0.2,3098.38,USD,26,100,SUP-00952
PRD-04646,SKU-SYN-99431,Copper Conductors & Wiring Grade-S,Copper Conductors & Wiring,Copper,0.65,611.19,USD,66,100,SUP-00485
PRD-04647,SKU-SYN-90960,Printed Circuit Boards Grade-T,Printed Circuit Boards,Copper,0.35,1529.87,USD,87,,SUP-00020
PRD-04648,SKU-SYN-23299,Synthetic Lubricants Grade-U,,Crude Oil / Polymers,0.8,375.78,USD,76,100,SUP-00095
PRD-04649,SKU-SYN-63859,Printed Circuit Boards Grade-V,Printed Circuit Boards,Copper,0.35,351.23,USD,69,100,SUP-00994
PRD-04650,SKU-SYN-57726,synthetic lubricants grade-4650,Synthetic Lubricants,Crude Oil / Polymers,0.8,$78.1,USD,82,100,SUP-00991
PRD-04651,SKU-SYN-33121,Heavy Engine Castings Grade-X,Heavy Engine Castings,Steel,0.5,58.45,USD,35,250,SUP-00209
PRD-04652,SKU-SYN-80174,Copper Conductors & Wiring Grade-Y,Copper Conductors & Wiring,Copper,0.65,2356.72,USD,82,250,SUP-00624
PRD-04653,SKU-SYN-41086,Printed Circuit Boards Grade-Z,Printed Circuit Boards,Copper,0.35,2648.28,USD,19,100,SUP-00720
PRD-04654,SKU-SYN-26065,Corrugated Packaging Grade-A,Corrugated Packaging,Packaging,0.2,76.92,USD,60,250,SUP-00884
PRD-04655,SKU-SYN-49812,Heavy Engine Castings Grade-B,Heavy Engine Castings,Steel,0.5,3125.7,USD,20,250,SUP-00074
PRD-04656,sku_4656,Synthetic Lubricants Grade-C,,Crude Oil / Polymers,0.8,$3094.36,USD,55,100,SUP-00192
PRD-04657,SKU-SYN-17600,Synthetic Lubricants Grade-D,Synthetic Lubricants,Crude Oil / Polymers,0.8,759.67,USD,28,500,SUP-00684
PRD-04658,SKU-SYN-92312,Heavy Engine Castings Grade-E,Heavy Engine Castings,Steel,0.5,2971.77,USD,84,500,SUP-00321
PRD-04659,SKU-SYN-57583,Synthetic Lubricants Grade-F,Synthetic Lubricants,Crude Oil / Polymers,0.8,1744.55,USD,60,250,SUP-00160
PRD-04660,SKU-SYN-29993,heavy engine castings grade-4660,Heavy Engine Castings,Steel,0.5,2902.81,USD,60,250,SUP-99999
PRD-04661,SKU-SYN-74112,Industrial Resins & Plastics Grade-H,Industrial Resins & Plastics,Crude Oil / Polymers,0.7,2467.25,USD,19,100,SUP-00280
PRD-04662,SKU-SYN-37770,Printed Circuit Boards Grade-I,Printed Circuit Boards,Copper,0.35,$2990.92,USD,-10,,SUP-00110
PRD-04663,SKU-SYN-52737,Printed Circuit Boards Grade-J,Printed Circuit Boards,Copper,0.35,1227.64,USD,17,100,SUP-00041
PRD-04664,SKU-SYN-69567,Copper Conductors & Wiring Grade-K,,Copper,0.65,1268.76,USD,82,500,SUP-00628
PRD-04665,SKU-SYN-22834,Heavy Engine Castings Grade-L,Heavy Engine Castings,Steel,0.5,1882.09,USD,15,500 units,SUP-00395
PRD-04666,SKU-SYN-38998,Synthetic Lubricants Grade-M,Synthetic Lubricants,Crude Oil / Polymers,0.8,2652.97,USD,78,500,SUP-00875
PRD-04667,SKU-SYN-94257,Industrial Resins & Plastics Grade-N,Industrial Resins & Plastics,Crude Oil / Polymers,0.7,769.43,USD,28,100,SUP-00360
PRD-04668,sku_4668,Heavy Engine Castings Grade-O,Heavy Engine Castings,Steel,0.5,$262.04,USD,77,,SUP-00722
PRD-04669,SKU-SYN-49778,Corrugated Packaging Grade-P,Corrugated Packaging,Packaging,0.2,531.63,USD,68,100,SUP-00821
PRD-04670,SKU-SYN-39987,printed circuit boards grade-4670,Printed Circuit Boards,Copper,0.35,1949.68,USD,38,250,SUP-00629
PRD-04671,SKU-SYN-23263,Copper Conductors & Wiring Grade-R,Copper Conductors & Wiring,Copper,0.65,869.88,USD,75,500 units,SUP-00025
PRD-04672,SKU-SYN-95093,Synthetic Lubricants Grade-S,,Crude Oil / Polymers,0.8,1564.06,USD,85,250,SUP-00348
PRD-04673,SKU-SYN-56684,Industrial Resins & Plastics Grade-T,Industrial Resins & Plastics,Crude Oil / Polymers,0.7,1161.0,USD,39,500,SUP-00803
PRD-04674,SKU-SYN-36550,Heavy Engine Castings Grade-U,Heavy Engine Castings,Steel,0.5,$982.42,USD,28,500,SUP-00808
PRD-04675,SKU-SYN-60454,Copper Conductors & Wiring Grade-V,Copper Conductors & Wiring,Copper,0.65,-564.85,USD,64,250,SUP-00606
PRD-04676,SKU-SYN-78644,Industrial Resins & Plastics Grade-W,Industrial Resins & Plastics,Crude Oil / Polymers,0.7,795.44,USD,6,100,SUP-00097
PRD-04677,SKU-SYN-81128,Industrial Resins & Plastics Grade-X,Industrial Resins & Plastics,Crude Oil / Polymers,0.7,1834.55,USD,14,250,SUP-00166
PRD-04678,SKU-SYN-42331,Copper Conductors & Wiring Grade-Y,Copper Conductors & Wiring,Copper,0.65,2705.55,USD,60,100,SUP-00017
PRD-04679,SKU-SYN-74569,Corrugated Packaging Grade-Z,Corrugated Packaging,Packaging,0.2,254.61,USD,64,250,SUP-00056
PRD-04680,sku_4680,synthetic lubricants grade-4680,,Crude Oil / Polymers,0.8,$464.95,USD,-10,100,SUP-99999
PRD-04681,SKU-SYN-85870,Corrugated Packaging Grade-B,Corrugated Packaging,Packaging,0.2,1006.52,USD,9,500,SUP-00696
PRD-04682,SKU-SYN-27277,Printed Circuit Boards Grade-C,Printed Circuit Boards,Copper,0.35,1262.96,USD,63,,SUP-00526
PRD-04683,SKU-SYN-84304,Printed Circuit Boards Grade-D,Printed Circuit Boards,Copper,0.35,2862.72,USD,89,100,SUP-00487
PRD-04684,SKU-SYN-88976,Industrial Resins & Plastics Grade-E,Industrial Resins & Plastics,Crude Oil / Polymers,0.7,2730.78,USD,47,500 units,SUP-00324
PRD-04685,SKU-SYN-17499,Corrugated Packaging Grade-F,Corrugated Packaging,Packaging,0.2,60.76,USD,9,,SUP-00936
PRD-04686,SKU-SYN-57533,Printed Circuit Boards Grade-G,Printed Circuit Boards,Copper,0.35,$1356.06,USD,49,500,SUP-00471
PRD-04687,SKU-SYN-52755,Corrugated Packaging Grade-H,Corrugated Packaging,Packaging,0.2,147.57,USD,37,100,SUP-00842
PRD-04688,SKU-SYN-18860,Copper Conductors & Wiring Grade-I,,Copper,0.65,473.22,USD,50,100,SUP-00840
PRD-04689,SKU-SYN-81250,Industrial Resins & Plastics Grade-J,Industrial Resins & Plastics,Crude Oil / Polymers,0.7,2830.72,USD,32,100,SUP-00657
PRD-04690,SKU-SYN-36131,copper conductors & wiring grade-4690,Copper Conductors & Wiring,Copper,0.65,2018.68,USD,14,,SUP-00080
PRD-04691,SKU-SYN-30168,Copper Conductors & Wiring Grade-L,Copper Conductors & Wiring,Copper,0.65,2903.83,USD,68,500 units,SUP-00284
PRD-04692,sku_4692,Synthetic Lubricants Grade-M,Synthetic Lubricants,Crude Oil / Polymers,0.8,$745.34,USD,70,500 units,SUP-00376
PRD-04693,SKU-SYN-55021,Copper Conductors & Wiring Grade-N,Copper Conductors & Wiring,Copper,0.65,501.42,USD,46,,SUP-00876
PRD-04694,SKU-SYN-79996,Copper Conductors & Wiring Grade-O,Copper Conductors & Wiring,Copper,0.65,2061.66,USD,68,500 units,SUP-00646
PRD-04695,SKU-SYN-52054,Industrial Resins & Plastics Grade-P,Industrial Resins & Plastics,Crude Oil / Polymers,0.7,1794.23,USD,28,500,SUP-00747
PRD-04696,SKU-SYN-71749,Printed Circuit Boards Grade-Q,,Copper,0.35,2685.98,USD,57,100,SUP-00042
PRD-04697,SKU-SYN-38003,Printed Circuit Boards Grade-R,Printed Circuit Boards,Copper,0.35,34.57,USD,59,250,SUP-00526
PRD-04698,SKU-SYN-71148,Corrugated Packaging Grade-S,Corrugated Packaging,Packaging,0.2,$989.22,USD,-10,500 units,SUP-00153
PRD-04699,SKU-SYN-46119,Synthetic Lubricants Grade-T,Synthetic Lubricants,Crude Oil / Polymers,0.8,63.13,USD,38,500 units,SUP-00361
PRD-04700,SKU-SYN-45933,copper conductors & wiring grade-4700,Copper Conductors & Wiring,Copper,0.65,-1429.68,USD,64,250,SUP-99999
PRD-04701,SKU-SYN-69041,Printed Circuit Boards Grade-V,Printed Circuit Boards,Copper,0.35,2870.56,USD,61,250,SUP-00406
PRD-04702,SKU-SYN-33973,Printed Circuit Boards Grade-W,Printed Circuit Boards,Copper,0.35,2525.31,USD,83,500 units,SUP-00547
PRD-04703,SKU-SYN-97954,Synthetic Lubricants Grade-X,Synthetic Lubricants,Crude Oil / Polymers,0.8,1364.62,USD,44,500 units,SUP-00408
PRD-04704,sku_4704,Synthetic Lubricants Grade-Y,,Crude Oil / Polymers,0.8,$2022.9,USD,56,500 units,SUP-00349
PRD-04705,SKU-SYN-67616,Synthetic Lubricants Grade-Z,Synthetic Lubricants,Crude Oil / Polymers,0.8,620.15,USD,22,500,SUP-00252
PRD-04706,SKU-SYN-25892,Heavy Engine Castings Grade-A,Heavy Engine Castings,Steel,0.5,2444.55,USD,69,500,SUP-00693
PRD-04707,SKU-SYN-84040,Heavy Engine Castings Grade-B,Heavy Engine Castings,Steel,0.5,379.8,USD,73,500 units,SUP-00919
PRD-04708,SKU-SYN-76876,Heavy Engine Castings Grade-C,Heavy Engine Castings,Steel,0.5,1316.25,USD,75,500,SUP-00610
PRD-04709,SKU-SYN-74497,Synthetic Lubricants Grade-D,Synthetic Lubricants,Crude Oil / Polymers,0.8,2599.29,USD,27,500,SUP-00858
PRD-04710,SKU-SYN-91187,industrial resins & plastics grade-4710,Industrial Resins & Plastics,Crude Oil / Polymers,0.7,$2175.52,USD,89,500 units,SUP-00034
PRD-04711,SKU-SYN-51125,Industrial Resins & Plastics Grade-F,Industrial Resins & Plastics,Crude Oil / Polymers,0.7,3025.84,USD,54,100,SUP-00316
PRD-04712,SKU-SYN-41132,Corrugated Packaging Grade-G,,Packaging,0.2,1408.03,USD,55,500 units,SUP-00447
PRD-04713,SKU-SYN-42715,Copper Conductors & Wiring Grade-H,Copper Conductors & Wiring,Copper,0.65,804.05,USD,64,100,SUP-00868
PRD-04714,SKU-SYN-48191,Printed Circuit Boards Grade-I,Printed Circuit Boards,Copper,0.35,469.96,USD,78,500,SUP-00093
PRD-04715,SKU-SYN-23829,Synthetic Lubricants Grade-J,Synthetic Lubricants,Crude Oil / Polymers,0.8,2662.79,USD,21,500 units,SUP-00284
PRD-04716,sku_4716,Industrial Resins & Plastics Grade-K,Industrial Resins & Plastics,Crude Oil / Polymers,0.7,$231.39,USD,-10,500 units,SUP-00731
PRD-04717,SKU-SYN-13348,Printed Circuit Boards Grade-L,Printed Circuit Boards,Copper,0.35,2639.07,USD,62,100,SUP-00354
PRD-04718,SKU-SYN-58790,Corrugated Packaging Grade-M,Corrugated Packaging,Packaging,0.2,2812.17,USD,88,500,SUP-00729
PRD-04719,SKU-SYN-47479,Heavy Engine Castings Grade-N,Heavy Engine Castings,Steel,0.5,716.51,USD,45,500,SUP-00244
PRD-04720,SKU-SYN-42844,heavy engine castings grade-4720,,Steel,0.5,2949.75,USD,81,500 units,SUP-99999
PRD-04721,SKU-SYN-88888,Heavy Engine Castings Grade-P,Heavy Engine Castings,Steel,0.5,2982.51,USD,56,250,SUP-00888
PRD-04722,SKU-SYN-57678,Industrial Resins & Plastics Grade-Q,Industrial Resins & Plastics,Crude Oil / Polymers,0.7,$749.44,USD,17,500,SUP-00415
PRD-04723,SKU-SYN-61245,Heavy Engine Castings Grade-R,Heavy Engine Castings,Steel,0.5,2606.7,USD,27,250,SUP-00864
PRD-04724,SKU-SYN-39917,Industrial Resins & Plastics Grade-S,Industrial Resins & Plastics,Crude Oil / Polymers,0.7,1937.95,USD,74,500 units,SUP-00703
PRD-04725,SKU-SYN-76184,Heavy Engine Castings Grade-T,Heavy Engine Castings,Steel,0.5,-2900.03,USD,84,,SUP-00281
PRD-04726,SKU-SYN-78638,Synthetic Lubricants Grade-U,Synthetic Lubricants,Crude Oil / Polymers,0.8,3066.09,USD,9,500,SUP-00221
PRD-04727,SKU-SYN-43418,Heavy Engine Castings Grade-V,Heavy Engine Castings,Steel,0.5,1626.12,USD,14,100,SUP-00458
PRD-04728,sku_4728,Corrugated Packaging Grade-W,,Packaging,0.2,$803.18,USD,25,100,SUP-00104
PRD-04729,SKU-SYN-21214,Copper Conductors & Wiring Grade-X,Copper Conductors & Wiring,Copper,0.65,2590.52,USD,75,500,SUP-00441
PRD-04730,SKU-SYN-17725,synthetic lubricants grade-4730,Synthetic Lubricants,Crude Oil / Polymers,0.8,3117.84,USD,18,500,SUP-00911
PRD-04731,SKU-SYN-34963,Synthetic Lubricants Grade-Z,Synthetic Lubricants,Crude Oil / Polymers,0.8,2639.74,USD,5,500 units,SUP-00149
PRD-04732,SKU-SYN-62117,Industrial Resins & Plastics Grade-A,Industrial Resins & Plastics,Crude Oil / Polymers,0.7,2306.94,USD,72,500,SUP-00374
PRD-04733,SKU-SYN-48655,Copper Conductors & Wiring Grade-B,Copper Conductors & Wiring,Copper,0.65,1501.36,USD,8,100,SUP-00611
PRD-04734,SKU-SYN-38561,Corrugated Packaging Grade-C,Corrugated Packaging,Packaging,0.2,$1432.51,USD,-10,,SUP-00604
PRD-04735,SKU-SYN-55050,Synthetic Lubricants Grade-D,Synthetic Lubricants,Crude Oil / Polymers,0.8,1112.13,USD,25,500,SUP-00404
PRD-04736,SKU-SYN-48721,Copper Conductors & Wiring Grade-E,,Copper,0.65,670.44,USD,64,100,SUP-00650
PRD-04737,SKU-SYN-78109,Printed Circuit Boards Grade-F,Printed Circuit Boards,Copper,0.35,2679.97,USD,51,,SUP-00033
PRD-04738,SKU-SYN-96551,Corrugated Packaging Grade-G,Corrugated Packaging,Packaging,0.2,2164.61,USD,26,100,SUP-00591
PRD-04739,SKU-SYN-95450,Synthetic Lubricants Grade-H,Synthetic Lubricants,Crude Oil / Polymers,0.8,463.35,USD,26,500,SUP-00199
PRD-04740,sku_4740,industrial resins & plastics grade-4740,Industrial Resins & Plastics,Crude Oil / Polymers,0.7,$396.52,USD,38,,SUP-99999
PRD-04741,SKU-SYN-59823,Synthetic Lubricants Grade-J,Synthetic Lubricants,Crude Oil / Polymers,0.8,1850.5,USD,32,500 units,SUP-00304
PRD-04742,SKU-SYN-58969,Synthetic Lubricants Grade-K,Synthetic Lubricants,Crude Oil / Polymers,0.8,2554.72,USD,24,250,SUP-00943
PRD-04743,SKU-SYN-76135,Printed Circuit Boards Grade-L,Printed Circuit Boards,Copper,0.35,2394.05,USD,24,250,SUP-00971
PRD-04744,SKU-SYN-35927,Printed Circuit Boards Grade-M,,Copper,0.35,585.66,USD,53,250,SUP-00023
PRD-04745,SKU-SYN-32976,Copper Conductors & Wiring Grade-N,Copper Conductors & Wiring,Copper,0.65,1251.82,USD,20,500,SUP-00010
PRD-04746,SKU-SYN-95914,Printed Circuit Boards Grade-O,Printed Circuit Boards,Copper,0.35,$1927.99,USD,89,250,SUP-00047
PRD-04747,SKU-SYN-76638,Synthetic Lubricants Grade-P,Synthetic Lubricants,Crude Oil / Polymers,0.8,1024.42,USD,72,,SUP-00500
PRD-04748,SKU-SYN-51389,Copper Conductors & Wiring Grade-Q,Copper Conductors & Wiring,Copper,0.65,794.48,USD,51,500 units,SUP-00343
PRD-04749,SKU-SYN-83288,Copper Conductors & Wiring Grade-R,Copper Conductors & Wiring,Copper,0.65,1348.77,USD,70,250,SUP-00925
PRD-04750,SKU-SYN-48283,synthetic lubricants grade-4750,Synthetic Lubricants,Crude Oil / Polymers,0.8,-2069.68,USD,67,250,SUP-00544
PRD-04751,SKU-SYN-50474,Copper Conductors & Wiring Grade-T,Copper Conductors & Wiring,Copper,0.65,146.34,USD,79,500,SUP-00909
PRD-04752,sku_4752,Corrugated Packaging Grade-U,,Packaging,0.2,$979.4,USD,-10,500 units,SUP-00617
PRD-04753,SKU-SYN-26534,Industrial Resins & Plastics Grade-V,Industrial Resins & Plastics,Crude Oil / Polymers,0.7,1500.86,USD,38,500,SUP-00971
PRD-04754,SKU-SYN-52855,Industrial Resins & Plastics Grade-W,Industrial Resins & Plastics,Crude Oil / Polymers,0.7,1229.89,USD,46,500,SUP-00769
PRD-04755,SKU-SYN-52765,Heavy Engine Castings Grade-X,Heavy Engine Castings,Steel,0.5,1813.02,USD,16,250,SUP-00070
PRD-04756,SKU-SYN-93037,Copper Conductors & Wiring Grade-Y,Copper Conductors & Wiring,Copper,0.65,1813.39,USD,66,500,SUP-00598
PRD-04757,SKU-SYN-50194,Synthetic Lubricants Grade-Z,Synthetic Lubricants,Crude Oil / Polymers,0.8,2582.18,USD,18,250,SUP-00133
PRD-04758,SKU-SYN-75880,Synthetic Lubricants Grade-A,Synthetic Lubricants,Crude Oil / Polymers,0.8,$2204.18,USD,72,500,SUP-00218
PRD-04759,SKU-SYN-60078,Heavy Engine Castings Grade-B,Heavy Engine Castings,Steel,0.5,1120.9,USD,85,,SUP-00334
PRD-04760,SKU-SYN-20578,copper conductors & wiring grade-4760,,Copper,0.65,726.96,USD,60,100,SUP-99999
PRD-04761,SKU-SYN-83782,Industrial Resins & Plastics Grade-D,Industrial Resins & Plastics,Crude Oil / Polymers,0.7,1832.71,USD,78,,SUP-00082
PRD-04762,SKU-SYN-97068,Copper Conductors & Wiring Grade-E,Copper Conductors & Wiring,Copper,0.65,2887.61,USD,47,250,SUP-00295
PRD-04763,SKU-SYN-38826,Synthetic Lubricants Grade-F,Synthetic Lubricants,Crude Oil / Polymers,0.8,720.73,USD,17,500,SUP-00980
PRD-04764,sku_4764,Corrugated Packaging Grade-G,Corrugated Packaging,Packaging,0.2,$2073.16,USD,15,500,SUP-00201
PRD-04765,SKU-SYN-81165,Printed Circuit Boards Grade-H,Printed Circuit Boards,Copper,0.35,733.04,USD,24,500 units,SUP-00686
PRD-04766,SKU-SYN-94914,Heavy Engine Castings Grade-I,Heavy Engine Castings,Steel,0.5,1821.36,USD,6,,SUP-00565
PRD-04767,SKU-SYN-27477,Corrugated Packaging Grade-J,Corrugated Packaging,Packaging,0.2,2078.1,USD,36,500 units,SUP-00257
PRD-04768,SKU-SYN-30009,Corrugated Packaging Grade-K,,Packaging,0.2,1158.46,USD,74,500 units,SUP-00841
PRD-04769,SKU-SYN-40184,Industrial Resins & Plastics Grade-L,Industrial Resins & Plastics,Crude Oil / Polymers,0.7,3181.29,USD,10,250,SUP-00041
PRD-04770,SKU-SYN-56942,copper conductors & wiring grade-4770,Copper Conductors & Wiring,Copper,0.65,$2776.78,USD,-10,100,SUP-00713
PRD-04771,SKU-SYN-13236,Synthetic Lubricants Grade-N,Synthetic Lubricants,Crude Oil / Polymers,0.8,2572.83,USD,60,500,SUP-00676
PRD-04772,SKU-SYN-70053,Copper Conductors & Wiring Grade-O,Copper Conductors & Wiring,Copper,0.65,2648.22,USD,78,500 units,SUP-00115
PRD-04773,SKU-SYN-63474,Printed Circuit Boards Grade-P,Printed Circuit Boards,Copper,0.35,746.87,USD,16,500,SUP-00247
PRD-04774,SKU-SYN-66369,Copper Conductors & Wiring Grade-Q,Copper Conductors & Wiring,Copper,0.65,1893.08,USD,88,250,SUP-00870
PRD-04775,SKU-SYN-29034,Printed Circuit Boards Grade-R,Printed Circuit Boards,Copper,0.35,-3006.96,USD,29,500,SUP-00891
PRD-04776,sku_4776,Copper Conductors & Wiring Grade-S,,Copper,0.65,$1302.44,USD,54,250,SUP-00642
PRD-04777,SKU-SYN-93416,Corrugated Packaging Grade-T,Corrugated Packaging,Packaging,0.2,2737.67,USD,71,500,SUP-00467
PRD-04778,SKU-SYN-28641,Synthetic Lubricants Grade-U,Synthetic Lubricants,Crude Oil / Polymers,0.8,3169.13,USD,27,500,SUP-00164
PRD-04779,SKU-SYN-10042,Industrial Resins & Plastics Grade-V,Industrial Resins & Plastics,Crude Oil / Polymers,0.7,262.2,USD,15,100,SUP-00525
PRD-04780,SKU-SYN-92246,copper conductors & wiring grade-4780,Copper Conductors & Wiring,Copper,0.65,1694.14,USD,30,250,SUP-99999
PRD-04781,SKU-SYN-73021,Heavy Engine Castings Grade-X,Heavy Engine Castings,Steel,0.5,1311.68,USD,13,500,SUP-00528
PRD-04782,SKU-SYN-15615,Corrugated Packaging Grade-Y,Corrugated Packaging,Packaging,0.2,$425.05,USD,77,,SUP-00941
PRD-04783,SKU-SYN-86484,Corrugated Packaging Grade-Z,Corrugated Packaging,Packaging,0.2,1516.16,USD,86,100,SUP-00979
PRD-04784,SKU-SYN-48834,Corrugated Packaging Grade-A,,Packaging,0.2,2300.93,USD,11,500 units,SUP-00330
PRD-04785,SKU-SYN-19089,Industrial Resins & Plastics Grade-B,Industrial Resins & Plastics,Crude Oil / Polymers,0.7,237.92,USD,10,100,SUP-00812
PRD-04786,SKU-SYN-10774,Synthetic Lubricants Grade-C,Synthetic Lubricants,Crude Oil / Polymers,0.8,863.49,USD,46,250,SUP-00690
PRD-04787,SKU-SYN-87633,Copper Conductors & Wiring Grade-D,Copper Conductors & Wiring,Copper,0.65,1759.99,USD,19,500 units,SUP-00656
PRD-04788,sku_4788,Printed Circuit Boards Grade-E,Printed Circuit Boards,Copper,0.35,$2524.02,USD,-10,100,SUP-00637
PRD-04789,SKU-SYN-60905,Copper Conductors & Wiring Grade-F,Copper Conductors & Wiring,Copper,0.65,2141.94,USD,9,500 units,SUP-00927
PRD-04790,SKU-SYN-79846,industrial resins & plastics grade-4790,Industrial Resins & Plastics,Crude Oil / Polymers,0.7,2125.46,USD,37,500,SUP-00885
PRD-04791,SKU-SYN-67999,Copper Conductors & Wiring Grade-H,Copper Conductors & Wiring,Copper,0.65,465.3,USD,88,100,SUP-00364
PRD-04792,SKU-SYN-14169,Industrial Resins & Plastics Grade-I,,Crude Oil / Polymers,0.7,526.27,USD,70,250,SUP-00705
PRD-04793,SKU-SYN-45704,Printed Circuit Boards Grade-J,Printed Circuit Boards,Copper,0.35,3117.1,USD,23,,SUP-00535
PRD-04794,SKU-SYN-57423,Synthetic Lubricants Grade-K,Synthetic Lubricants,Crude Oil / Polymers,0.8,$1840.67,USD,32,,SUP-00774
PRD-04795,SKU-SYN-97343,Copper Conductors & Wiring Grade-L,Copper Conductors & Wiring,Copper,0.65,1828.89,USD,90,100,SUP-00237
PRD-04796,SKU-SYN-98127,Industrial Resins & Plastics Grade-M,Industrial Resins & Plastics,Crude Oil / Polymers,0.7,1488.31,USD,82,500,SUP-00770
PRD-04797,SKU-SYN-95488,Printed Circuit Boards Grade-N,Printed Circuit Boards,Copper,0.35,1579.58,USD,81,,SUP-00603
PRD-04798,SKU-SYN-17878,Corrugated Packaging Grade-O,Corrugated Packaging,Packaging,0.2,2537.06,USD,6,100,SUP-00541
PRD-04799,SKU-SYN-48591,Synthetic Lubricants Grade-P,Synthetic Lubricants,Crude Oil / Polymers,0.8,2544.98,USD,25,,SUP-00858
prd_4800,sku_4800,heavy engine castings grade-4800,,Steel,0.5,$2741.76,USD,24,,SUP-99999
PRD-04801,SKU-SYN-35409,Corrugated Packaging Grade-R,Corrugated Packaging,Packaging,0.2,310.16,USD,12,,SUP-00015
PRD-04802,SKU-SYN-38149,Heavy Engine Castings Grade-S,Heavy Engine Castings,Steel,0.5,169.09,USD,75,500 units,SUP-00238
PRD-04803,SKU-SYN-85084,Heavy Engine Castings Grade-T,Heavy Engine Castings,Steel,0.5,2864.42,USD,58,,SUP-00700
PRD-04804,SKU-SYN-82553,Corrugated Packaging Grade-U,Corrugated Packaging,Packaging,0.2,1654.15,USD,84,500,SUP-00909
PRD-04805,SKU-SYN-10316,Printed Circuit Boards Grade-V,Printed Circuit Boards,Copper,0.35,2845.08,USD,78,250,SUP-00792
PRD-04806,SKU-SYN-70946,Corrugated Packaging Grade-W,Corrugated Packaging,Packaging,0.2,$3006.95,USD,-10,250,SUP-00584
PRD-04807,SKU-SYN-52038,Heavy Engine Castings Grade-X,Heavy Engine Castings,Steel,0.5,1988.3,USD,9,,SUP-00699
PRD-04808,SKU-SYN-57819,Synthetic Lubricants Grade-Y,,Crude Oil / Polymers,0.8,432.01,USD,90,500,SUP-00409
PRD-04809,SKU-SYN-65360,Industrial Resins & Plastics Grade-Z,Industrial Resins & Plastics,Crude Oil / Polymers,0.7,1749.53,USD,32,,SUP-00447
PRD-04810,SKU-SYN-28603,synthetic lubricants grade-4810,Synthetic Lubricants,Crude Oil / Polymers,0.8,1859.65,USD,30,,SUP-00178
PRD-04811,SKU-SYN-38176,Heavy Engine Castings Grade-B,Heavy Engine Castings,Steel,0.5,1842.9,USD,36,,SUP-00265
PRD-04812,sku_4812,Industrial Resins & Plastics Grade-C,Industrial Resins & Plastics,Crude Oil / Polymers,0.7,$804.63,USD,15,100,SUP-00928
PRD-04813,SKU-SYN-13840,Heavy Engine Castings Grade-D,Heavy Engine Castings,Steel,0.5,1793.26,USD,10,500,SUP-00334
PRD-04814,SKU-SYN-20916,Heavy Engine Castings Grade-E,Heavy Engine Castings,Steel,0.5,2011.81,USD,60,250,SUP-00180
PRD-04815,SKU-SYN-40136,Corrugated Packaging Grade-F,Corrugated Packaging,Packaging,0.2,789.08,USD,56,500,SUP-00672
PRD-04816,SKU-SYN-80050,Synthetic Lubricants Grade-G,,Crude Oil / Polymers,0.8,2897.26,USD,8,500,SUP-00986
PRD-04817,SKU-SYN-81842,Copper Conductors & Wiring Grade-H,Copper Conductors & Wiring,Copper,0.65,939.66,USD,68,250,SUP-00976
PRD-04818,SKU-SYN-98295,Printed Circuit Boards Grade-I,Printed Circuit Boards,Copper,0.35,$442.65,USD,47,,SUP-00151
PRD-04819,SKU-SYN-49287,Corrugated Packaging Grade-J,Corrugated Packaging,Packaging,0.2,3125.33,USD,25,500 units,SUP-00692
PRD-04820,SKU-SYN-49192,industrial resins & plastics grade-4820,Industrial Resins & Plastics,Crude Oil / Polymers,0.7,2011.24,USD,29,250,SUP-99999
PRD-04821,SKU-SYN-76741,Corrugated Packaging Grade-L,Corrugated Packaging,Packaging,0.2,2035.36,USD,25,500,SUP-00236
PRD-04822,SKU-SYN-53564,Heavy Engine Castings Grade-M,Heavy Engine Castings,Steel,0.5,2464.85,USD,14,100,SUP-00937
PRD-04823,SKU-SYN-28713,Heavy Engine Castings Grade-N,Heavy Engine Castings,Steel,0.5,1051.6,USD,74,,SUP-00524
PRD-04824,sku_4824,Industrial Resins & Plastics Grade-O,,Crude Oil / Polymers,0.7,$607.03,USD,-10,100,SUP-00769
PRD-04825,SKU-SYN-52615,Copper Conductors & Wiring Grade-P,Copper Conductors & Wiring,Copper,0.65,-1379.55,USD,9,100,SUP-00049
PRD-04826,SKU-SYN-36443,Printed Circuit Boards Grade-Q,Printed Circuit Boards,Copper,0.35,1831.25,USD,38,,SUP-00053
PRD-04827,SKU-SYN-22099,Copper Conductors & Wiring Grade-R,Copper Conductors & Wiring,Copper,0.65,3152.62,USD,50,500 units,SUP-00272
PRD-04828,SKU-SYN-97855,Copper Conductors & Wiring Grade-S,Copper Conductors & Wiring,Copper,0.65,855.47,USD,11,500 units,SUP-00089
PRD-04829,SKU-SYN-50412,Copper Conductors & Wiring Grade-T,Copper Conductors & Wiring,Copper,0.65,1558.87,USD,39,250,SUP-00832
PRD-04830,SKU-SYN-31972,printed circuit boards grade-4830,Printed Circuit Boards,Copper,0.35,$1293.75,USD,54,100,SUP-00299
PRD-04831,SKU-SYN-47183,Industrial Resins & Plastics Grade-V,Industrial Resins & Plastics,Crude Oil / Polymers,0.7,2875.85,USD,26,,SUP-00081
PRD-04832,SKU-SYN-38299,Printed Circuit Boards Grade-W,,Copper,0.35,1346.96,USD,89,500 units,SUP-00022
PRD-04833,SKU-SYN-27616,Heavy Engine Castings Grade-X,Heavy Engine Castings,Steel,0.5,1296.61,USD,8,100,SUP-00599
PRD-04834,SKU-SYN-97736,Copper Conductors & Wiring Grade-Y,Copper Conductors & Wiring,Copper,0.65,718.84,USD,70,,SUP-00685
PRD-04835,SKU-SYN-46771,Heavy Engine Castings Grade-Z,Heavy Engine Castings,Steel,0.5,2648.74,USD,23,500 units,SUP-00533
PRD-04836,sku_4836,Synthetic Lubricants Grade-A,Synthetic Lubricants,Crude Oil / Polymers,0.8,$3074.18,USD,53,,SUP-00243
PRD-04837,SKU-SYN-48680,Synthetic Lubricants Grade-B,Synthetic Lubricants,Crude Oil / Polymers,0.8,1162.63,USD,83,500,SUP-00664
PRD-04838,SKU-SYN-33977,Industrial Resins & Plastics Grade-C,Industrial Resins & Plastics,Crude Oil / Polymers,0.7,1542.48,USD,6,100,SUP-00714
PRD-04839,SKU-SYN-41270,Synthetic Lubricants Grade-D,Synthetic Lubricants,Crude Oil / Polymers,0.8,2480.12,USD,34,100,SUP-00245
PRD-04840,SKU-SYN-92420,heavy engine castings grade-4840,,Steel,0.5,3170.57,USD,72,500,SUP-99999
PRD-04841,SKU-SYN-46443,Synthetic Lubricants Grade-F,Synthetic Lubricants,Crude Oil / Polymers,0.8,972.65,USD,42,100,SUP-00789
PRD-04842,SKU-SYN-87193,Copper Conductors & Wiring Grade-G,Copper Conductors & Wiring,Copper,0.65,$1993.75,USD,-10,500,SUP-00524
PRD-04843,SKU-SYN-90345,Copper Conductors & Wiring Grade-H,Copper Conductors & Wiring,Copper,0.65,875.78,USD,46,500,SUP-00192
PRD-04844,SKU-SYN-36813,Printed Circuit Boards Grade-I,Printed Circuit Boards,Copper,0.35,1934.46,USD,54,100,SUP-00299
PRD-04845,SKU-SYN-67864,Printed Circuit Boards Grade-J,Printed Circuit Boards,Copper,0.35,976.16,USD,69,250,SUP-00619
PRD-04846,SKU-SYN-21554,Corrugated Packaging Grade-K,Corrugated Packaging,Packaging,0.2,2056.58,USD,73,,SUP-00745
PRD-04847,SKU-SYN-55289,Synthetic Lubricants Grade-L,Synthetic Lubricants,Crude Oil / Polymers,0.8,3103.69,USD,89,500 units,SUP-00153
PRD-04848,sku_4848,Heavy Engine Castings Grade-M,,Steel,0.5,$2689.37,USD,35,,SUP-00039
PRD-04849,SKU-SYN-85497,Industrial Resins & Plastics Grade-N,Industrial Resins & Plastics,Crude Oil / Polymers,0.7,902.65,USD,26,500 units,SUP-00866
PRD-04850,SKU-SYN-99095,printed circuit boards grade-4850,Printed Circuit Boards,Copper,0.35,-131.42,USD,15,,SUP-00404
PRD-04851,SKU-SYN-42323,Synthetic Lubricants Grade-P,Synthetic Lubricants,Crude Oil / Polymers,0.8,2933.0,USD,79,500 units,SUP-00716
PRD-04852,SKU-SYN-95343,Copper Conductors & Wiring Grade-Q,Copper Conductors & Wiring,Copper,0.65,2101.23,USD,40,,SUP-00987
PRD-04853,SKU-SYN-46483,Heavy Engine Castings Grade-R,Heavy Engine Castings,Steel,0.5,678.17,USD,86,250,SUP-00016
PRD-04854,SKU-SYN-21640,Synthetic Lubricants Grade-S,Synthetic Lubricants,Crude Oil / Polymers,0.8,$2754.5,USD,55,500 units,SUP-00984
PRD-04855,SKU-SYN-12753,Corrugated Packaging Grade-T,Corrugated Packaging,Packaging,0.2,785.47,USD,8,500,SUP-00379
PRD-04856,SKU-SYN-13079,Copper Conductors & Wiring Grade-U,,Copper,0.65,2254.72,USD,5,500 units,SUP-00882
PRD-04857,SKU-SYN-14936,Printed Circuit Boards Grade-V,Printed Circuit Boards,Copper,0.35,1149.31,USD,42,500,SUP-00282
PRD-04858,SKU-SYN-28877,Corrugated Packaging Grade-W,Corrugated Packaging,Packaging,0.2,422.33,USD,39,500 units,SUP-00626
PRD-04859,SKU-SYN-73645,Printed Circuit Boards Grade-X,Printed Circuit Boards,Copper,0.35,2041.32,USD,77,250,SUP-00679
PRD-04860,sku_4860,printed circuit boards grade-4860,Printed Circuit Boards,Copper,0.35,$282.85,USD,-10,,SUP-99999
PRD-04861,SKU-SYN-45619,Copper Conductors & Wiring Grade-Z,Copper Conductors & Wiring,Copper,0.65,2387.69,USD,81,100,SUP-00305
PRD-04862,SKU-SYN-36152,Corrugated Packaging Grade-A,Corrugated Packaging,Packaging,0.2,2185.93,USD,68,100,SUP-00292
PRD-04863,SKU-SYN-20835,Corrugated Packaging Grade-B,Corrugated Packaging,Packaging,0.2,3057.36,USD,23,500 units,SUP-00587
PRD-04864,SKU-SYN-43959,Printed Circuit Boards Grade-C,,Copper,0.35,2194.19,USD,81,500 units,SUP-00478
PRD-04865,SKU-SYN-31027,Corrugated Packaging Grade-D,Corrugated Packaging,Packaging,0.2,13.44,USD,56,100,SUP-00045
PRD-04866,SKU-SYN-92118,Copper Conductors & Wiring Grade-E,Copper Conductors & Wiring,Copper,0.65,$716.57,USD,16,100,SUP-00524
PRD-04867,SKU-SYN-44574,Copper Conductors & Wiring Grade-F,Copper Conductors & Wiring,Copper,0.65,1205.88,USD,70,250,SUP-00504
PRD-04868,SKU-SYN-38206,Heavy Engine Castings Grade-G,Heavy Engine Castings,Steel,0.5,739.81,USD,12,100,SUP-00947
PRD-04869,SKU-SYN-82424,Copper Conductors & Wiring Grade-H,Copper Conductors & Wiring,Copper,0.65,417.69,USD,6,250,SUP-00718
PRD-04870,SKU-SYN-36409,corrugated packaging grade-4870,Corrugated Packaging,Packaging,0.2,767.35,USD,10,500,SUP-00422
PRD-04871,SKU-SYN-33144,Synthetic Lubricants Grade-J,Synthetic Lubricants,Crude Oil / Polymers,0.8,2103.76,USD,82,500 units,SUP-00909
PRD-04872,sku_4872,Heavy Engine Castings Grade-K,,Steel,0.5,$1566.85,USD,12,,SUP-00532
PRD-04873,SKU-SYN-94612,Corrugated Packaging Grade-L,Corrugated Packaging,Packaging,0.2,1417.11,USD,28,250,SUP-00842
PRD-04874,SKU-SYN-52344,Heavy Engine Castings Grade-M,Heavy Engine Castings,Steel,0.5,512.86,USD,16,500 units,SUP-00029
PRD-04875,SKU-SYN-64511,Corrugated Packaging Grade-N,Corrugated Packaging,Packaging,0.2,-1862.77,USD,90,500 units,SUP-00460
PRD-04876,SKU-SYN-90245,Industrial Resins & Plastics Grade-O,Industrial Resins & Plastics,Crude Oil / Polymers,0.7,30.57,USD,44,250,SUP-00717
PRD-04877,SKU-SYN-29944,Copper Conductors & Wiring Grade-P,Copper Conductors & Wiring,Copper,0.65,547.79,USD,83,500 units,SUP-00886
PRD-04878,SKU-SYN-13598,Heavy Engine Castings Grade-Q,Heavy Engine Castings,Steel,0.5,$920.16,USD,-10,250,SUP-00708
PRD-04879,SKU-SYN-48642,Heavy Engine Castings Grade-R,Heavy Engine Castings,Steel,0.5,238.31,USD,74,100,SUP-00543
PRD-04880,SKU-SYN-89159,industrial resins & plastics grade-4880,,Crude Oil / Polymers,0.7,2388.12,USD,43,100,SUP-99999
PRD-04881,SKU-SYN-27097,Corrugated Packaging Grade-T,Corrugated Packaging,Packaging,0.2,3028.59,USD,56,,SUP-00635
PRD-04882,SKU-SYN-81235,Synthetic Lubricants Grade-U,Synthetic Lubricants,Crude Oil / Polymers,0.8,1164.56,USD,55,500,SUP-00040
PRD-04883,SKU-SYN-51995,Synthetic Lubricants Grade-V,Synthetic Lubricants,Crude Oil / Polymers,0.8,1078.11,USD,83,,SUP-00545
PRD-04884,sku_4884,Industrial Resins & Plastics Grade-W,Industrial Resins & Plastics,Crude Oil / Polymers,0.7,$728.96,USD,34,100,SUP-00638
PRD-04885,SKU-SYN-23011,Industrial Resins & Plastics Grade-X,Industrial Resins & Plastics,Crude Oil / Polymers,0.7,2206.32,USD,62,500 units,SUP-00902
PRD-04886,SKU-SYN-32444,Printed Circuit Boards Grade-Y,Printed Circuit Boards,Copper,0.35,1534.78,USD,13,250,SUP-00834
PRD-04887,SKU-SYN-95532,Printed Circuit Boards Grade-Z,Printed Circuit Boards,Copper,0.35,2965.54,USD,17,100,SUP-00406
PRD-04888,SKU-SYN-28148,Heavy Engine Castings Grade-A,,Steel,0.5,3006.61,USD,43,500,SUP-00911
PRD-04889,SKU-SYN-90162,Synthetic Lubricants Grade-B,Synthetic Lubricants,Crude Oil / Polymers,0.8,743.51,USD,18,,SUP-00356
PRD-04890,SKU-SYN-89769,industrial resins & plastics grade-4890,Industrial Resins & Plastics,Crude Oil / Polymers,0.7,$198.6,USD,53,100,SUP-00716
PRD-04891,SKU-SYN-62684,Synthetic Lubricants Grade-D,Synthetic Lubricants,Crude Oil / Polymers,0.8,2397.39,USD,44,500,SUP-00816
PRD-04892,SKU-SYN-10540,Industrial Resins & Plastics Grade-E,Industrial Resins & Plastics,Crude Oil / Polymers,0.7,2109.87,USD,21,100,SUP-00940
PRD-04893,SKU-SYN-79071,Corrugated Packaging Grade-F,Corrugated Packaging,Packaging,0.2,2133.81,USD,20,500,SUP-00234
PRD-04894,SKU-SYN-50478,Synthetic Lubricants Grade-G,Synthetic Lubricants,Crude Oil / Polymers,0.8,1021.71,USD,81,500,SUP-00045
PRD-04895,SKU-SYN-78532,Corrugated Packaging Grade-H,Corrugated Packaging,Packaging,0.2,702.68,USD,13,100,SUP-00445
PRD-04896,sku_4896,Heavy Engine Castings Grade-I,,Steel,0.5,$932.57,USD,-10,250,SUP-00325
PRD-04897,SKU-SYN-72997,Industrial Resins & Plastics Grade-J,Industrial Resins & Plastics,Crude Oil / Polymers,0.7,2643.06,USD,83,,SUP-00561
PRD-04898,SKU-SYN-73646,Printed Circuit Boards Grade-K,Printed Circuit Boards,Copper,0.35,797.23,USD,53,100,SUP-00574
PRD-04899,SKU-SYN-48512,Industrial Resins & Plastics Grade-L,Industrial Resins & Plastics,Crude Oil / Polymers,0.7,2866.72,USD,10,100,SUP-00700
PRD-04900,SKU-SYN-85422,industrial resins & plastics grade-4900,Industrial Resins & Plastics,Crude Oil / Polymers,0.7,-2750.5,USD,70,100,SUP-99999
PRD-04901,SKU-SYN-88555,Printed Circuit Boards Grade-N,Printed Circuit Boards,Copper,0.35,2179.97,USD,83,,SUP-00983
PRD-04902,SKU-SYN-83385,Heavy Engine Castings Grade-O,Heavy Engine Castings,Steel,0.5,$1778.4,USD,20,500 units,SUP-00252
PRD-04903,SKU-SYN-32465,Printed Circuit Boards Grade-P,Printed Circuit Boards,Copper,0.35,1828.15,USD,88,100,SUP-00979
PRD-04904,SKU-SYN-99988,Industrial Resins & Plastics Grade-Q,,Crude Oil / Polymers,0.7,2627.98,USD,34,500,SUP-00626
PRD-04905,SKU-SYN-61440,Corrugated Packaging Grade-R,Corrugated Packaging,Packaging,0.2,2797.89,USD,52,500,SUP-00949
PRD-04906,SKU-SYN-64072,Heavy Engine Castings Grade-S,Heavy Engine Castings,Steel,0.5,368.86,USD,83,500,SUP-00303
PRD-04907,SKU-SYN-86392,Heavy Engine Castings Grade-T,Heavy Engine Castings,Steel,0.5,1435.44,USD,21,250,SUP-00459
PRD-04908,sku_4908,Heavy Engine Castings Grade-U,Heavy Engine Castings,Steel,0.5,$593.83,USD,83,250,SUP-00787
PRD-04909,SKU-SYN-34774,Copper Conductors & Wiring Grade-V,Copper Conductors & Wiring,Copper,0.65,1047.62,USD,6,500 units,SUP-00480
PRD-04910,SKU-SYN-26231,copper conductors & wiring grade-4910,Copper Conductors & Wiring,Copper,0.65,2205.49,USD,65,250,SUP-00101
PRD-04911,SKU-SYN-32556,Industrial Resins & Plastics Grade-X,Industrial Resins & Plastics,Crude Oil / Polymers,0.7,480.42,USD,62,100,SUP-00945
PRD-04912,SKU-SYN-97222,Synthetic Lubricants Grade-Y,,Crude Oil / Polymers,0.8,2035.79,USD,29,100,SUP-00957
PRD-04913,SKU-SYN-95746,Corrugated Packaging Grade-Z,Corrugated Packaging,Packaging,0.2,2631.82,USD,34,100,SUP-00434
PRD-04914,SKU-SYN-59316,Corrugated Packaging Grade-A,Corrugated Packaging,Packaging,0.2,$3165.93,USD,-10,500 units,SUP-00047
PRD-04915,SKU-SYN-65261,Industrial Resins & Plastics Grade-B,Industrial Resins & Plastics,Crude Oil / Polymers,0.7,2414.9,USD,35,100,SUP-00377
PRD-04916,SKU-SYN-16866,Copper Conductors & Wiring Grade-C,Copper Conductors & Wiring,Copper,0.65,1964.74,USD,69,,SUP-00402
PRD-04917,SKU-SYN-76251,Printed Circuit Boards Grade-D,Printed Circuit Boards,Copper,0.35,2788.87,USD,68,500 units,SUP-00514
PRD-04918,SKU-SYN-85171,Copper Conductors & Wiring Grade-E,Copper Conductors & Wiring,Copper,0.65,2521.0,USD,57,500 units,SUP-00350
PRD-04919,SKU-SYN-40791,Industrial Resins & Plastics Grade-F,Industrial Resins & Plastics,Crude Oil / Polymers,0.7,3019.21,USD,48,,SUP-00696
PRD-04920,sku_4920,copper conductors & wiring grade-4920,,Copper,0.65,$1292.8,USD,49,500 units,SUP-99999
PRD-04921,SKU-SYN-44473,Corrugated Packaging Grade-H,Corrugated Packaging,Packaging,0.2,2289.57,USD,26,100,SUP-00375
PRD-04922,SKU-SYN-46169,Printed Circuit Boards Grade-I,Printed Circuit Boards,Copper,0.35,2063.76,USD,36,500 units,SUP-00296
PRD-04923,SKU-SYN-16417,Printed Circuit Boards Grade-J,Printed Circuit Boards,Copper,0.35,390.8,USD,7,500,SUP-00906
PRD-04924,SKU-SYN-51640,Heavy Engine Castings Grade-K,Heavy Engine Castings,Steel,0.5,321.1,USD,53,,SUP-00376
PRD-04925,SKU-SYN-43540,Printed Circuit Boards Grade-L,Printed Circuit Boards,Copper,0.35,-2947.25,USD,21,,SUP-00403
PRD-04926,SKU-SYN-66737,Industrial Resins & Plastics Grade-M,Industrial Resins & Plastics,Crude Oil / Polymers,0.7,$1202.42,USD,72,250,SUP-00971
PRD-04927,SKU-SYN-22014,Synthetic Lubricants Grade-N,Synthetic Lubricants,Crude Oil / Polymers,0.8,2967.31,USD,60,,SUP-00394
PRD-04928,SKU-SYN-22179,Synthetic Lubricants Grade-O,,Crude Oil / Polymers,0.8,379.91,USD,88,500,SUP-00366
PRD-04929,SKU-SYN-55271,Industrial Resins & Plastics Grade-P,Industrial Resins & Plastics,Crude Oil / Polymers,0.7,2915.14,USD,17,100,SUP-00189
PRD-04930,SKU-SYN-65376,corrugated packaging grade-4930,Corrugated Packaging,Packaging,0.2,231.44,USD,88,500,SUP-00228
PRD-04931,SKU-SYN-54544,Corrugated Packaging Grade-R,Corrugated Packaging,Packaging,0.2,1354.63,USD,88,500 units,SUP-00522
PRD-04932,sku_4932,Corrugated Packaging Grade-S,Corrugated Packaging,Packaging,0.2,$1026.32,USD,-10,100,SUP-00677
PRD-04933,SKU-SYN-60269,Industrial Resins & Plastics Grade-T,Industrial Resins & Plastics,Crude Oil / Polymers,0.7,2010.61,USD,29,500 units,SUP-00149
PRD-04934,SKU-SYN-17054,Heavy Engine Castings Grade-U,Heavy Engine Castings,Steel,0.5,1634.32,USD,81,500,SUP-00299
PRD-04935,SKU-SYN-61455,Heavy Engine Castings Grade-V,Heavy Engine Castings,Steel,0.5,603.22,USD,56,500 units,SUP-00459
PRD-04936,SKU-SYN-82461,Industrial Resins & Plastics Grade-W,,Crude Oil / Polymers,0.7,1198.09,USD,68,250,SUP-00604
PRD-04937,SKU-SYN-52605,Heavy Engine Castings Grade-X,Heavy Engine Castings,Steel,0.5,2282.6,USD,64,,SUP-00902
PRD-04938,SKU-SYN-49675,Heavy Engine Castings Grade-Y,Heavy Engine Castings,Steel,0.5,$633.17,USD,61,100,SUP-00482
PRD-04939,SKU-SYN-64049,Copper Conductors & Wiring Grade-Z,Copper Conductors & Wiring,Copper,0.65,1245.6,USD,21,250,SUP-00961
PRD-04940,SKU-SYN-46849,heavy engine castings grade-4940,Heavy Engine Castings,Steel,0.5,2544.0,USD,70,100,SUP-99999
PRD-04941,SKU-SYN-92416,Heavy Engine Castings Grade-B,Heavy Engine Castings,Steel,0.5,1456.85,USD,45,500 units,SUP-00620
PRD-04942,SKU-SYN-69252,Industrial Resins & Plastics Grade-C,Industrial Resins & Plastics,Crude Oil / Polymers,0.7,1476.02,USD,55,,SUP-00621
PRD-04943,SKU-SYN-33598,Synthetic Lubricants Grade-D,Synthetic Lubricants,Crude Oil / Polymers,0.8,2846.38,USD,9,500,SUP-00669
PRD-04944,sku_4944,Printed Circuit Boards Grade-E,,Copper,0.35,$821.71,USD,55,100,SUP-00449
PRD-04945,SKU-SYN-23716,Heavy Engine Castings Grade-F,Heavy Engine Castings,Steel,0.5,1667.58,USD,73,500 units,SUP-00948
PRD-04946,SKU-SYN-72193,Copper Conductors & Wiring Grade-G,Copper Conductors & Wiring,Copper,0.65,1511.35,USD,79,250,SUP-00045
PRD-04947,SKU-SYN-58919,Synthetic Lubricants Grade-H,Synthetic Lubricants,Crude Oil / Polymers,0.8,1782.15,USD,75,500 units,SUP-00602
PRD-04948,SKU-SYN-25632,Synthetic Lubricants Grade-I,Synthetic Lubricants,Crude Oil / Polymers,0.8,2712.58,USD,48,250,SUP-00756
PRD-04949,SKU-SYN-57617,Synthetic Lubricants Grade-J,Synthetic Lubricants,Crude Oil / Polymers,0.8,1947.69,USD,74,250,SUP-00448
PRD-04950,SKU-SYN-63875,corrugated packaging grade-4950,Corrugated Packaging,Packaging,0.2,$1062.04,USD,-10,,SUP-00704
PRD-04951,SKU-SYN-62058,Heavy Engine Castings Grade-L,Heavy Engine Castings,Steel,0.5,1997.52,USD,53,500 units,SUP-00246
PRD-04952,SKU-SYN-64648,Industrial Resins & Plastics Grade-M,,Crude Oil / Polymers,0.7,2753.66,USD,40,500,SUP-00494
PRD-04953,SKU-SYN-23539,Heavy Engine Castings Grade-N,Heavy Engine Castings,Steel,0.5,978.04,USD,44,100,SUP-00564
PRD-04954,SKU-SYN-27778,Printed Circuit Boards Grade-O,Printed Circuit Boards,Copper,0.35,1274.32,USD,65,250,SUP-00188
PRD-04955,SKU-SYN-37153,Synthetic Lubricants Grade-P,Synthetic Lubricants,Crude Oil / Polymers,0.8,1243.82,USD,66,500,SUP-00021
PRD-04956,sku_4956,Synthetic Lubricants Grade-Q,Synthetic Lubricants,Crude Oil / Polymers,0.8,$469.41,USD,34,500,SUP-00581
PRD-04957,SKU-SYN-47904,Printed Circuit Boards Grade-R,Printed Circuit Boards,Copper,0.35,949.07,USD,73,500,SUP-00574
PRD-04958,SKU-SYN-89958,Industrial Resins & Plastics Grade-S,Industrial Resins & Plastics,Crude Oil / Polymers,0.7,1326.0,USD,55,500,SUP-00225
PRD-04959,SKU-SYN-84397,Industrial Resins & Plastics Grade-T,Industrial Resins & Plastics,Crude Oil / Polymers,0.7,592.23,USD,31,,SUP-00029
PRD-04960,SKU-SYN-61145,copper conductors & wiring grade-4960,,Copper,0.65,1098.41,USD,82,,SUP-99999
PRD-04961,SKU-SYN-43063,Heavy Engine Castings Grade-V,Heavy Engine Castings,Steel,0.5,1801.74,USD,41,100,SUP-00548
PRD-04962,SKU-SYN-79694,Industrial Resins & Plastics Grade-W,Industrial Resins & Plastics,Crude Oil / Polymers,0.7,$2491.91,USD,80,100,SUP-00973
PRD-04963,SKU-SYN-80736,Heavy Engine Castings Grade-X,Heavy Engine Castings,Steel,0.5,1437.29,USD,45,,SUP-00341
PRD-04964,SKU-SYN-42369,Printed Circuit Boards Grade-Y,Printed Circuit Boards,Copper,0.35,2627.47,USD,18,500 units,SUP-00335
PRD-04965,SKU-SYN-65471,Printed Circuit Boards Grade-Z,Printed Circuit Boards,Copper,0.35,1112.99,USD,77,100,SUP-00916
PRD-04966,SKU-SYN-75295,Printed Circuit Boards Grade-A,Printed Circuit Boards,Copper,0.35,2139.4,USD,70,,SUP-00551
PRD-04967,SKU-SYN-45877,Copper Conductors & Wiring Grade-B,Copper Conductors & Wiring,Copper,0.65,698.73,USD,82,250,SUP-00675
PRD-04968,sku_4968,Heavy Engine Castings Grade-C,,Steel,0.5,$2414.96,USD,-10,250,SUP-00638
PRD-04969,SKU-SYN-87821,Copper Conductors & Wiring Grade-D,Copper Conductors & Wiring,Copper,0.65,1928.1,USD,88,500,SUP-00254
PRD-04970,SKU-SYN-99288,printed circuit boards grade-4970,Printed Circuit Boards,Copper,0.35,1833.88,USD,18,250,SUP-00956
PRD-04971,SKU-SYN-63382,Industrial Resins & Plastics Grade-F,Industrial Resins & Plastics,Crude Oil / Polymers,0.7,1262.21,USD,51,100,SUP-00954
PRD-04972,SKU-SYN-85249,Synthetic Lubricants Grade-G,Synthetic Lubricants,Crude Oil / Polymers,0.8,2760.79,USD,66,500 units,SUP-00640
PRD-04973,SKU-SYN-67471,Synthetic Lubricants Grade-H,Synthetic Lubricants,Crude Oil / Polymers,0.8,2478.05,USD,20,500,SUP-00256
PRD-04974,SKU-SYN-94639,Industrial Resins & Plastics Grade-I,Industrial Resins & Plastics,Crude Oil / Polymers,0.7,$2794.61,USD,6,250,SUP-00690
PRD-04975,SKU-SYN-99887,Synthetic Lubricants Grade-J,Synthetic Lubricants,Crude Oil / Polymers,0.8,-371.53,USD,29,250,SUP-00030
PRD-04976,SKU-SYN-15372,Synthetic Lubricants Grade-K,,Crude Oil / Polymers,0.8,2857.98,USD,73,,SUP-00738
PRD-04977,SKU-SYN-95385,Synthetic Lubricants Grade-L,Synthetic Lubricants,Crude Oil / Polymers,0.8,2621.72,USD,65,500 units,SUP-00421
PRD-04978,SKU-SYN-71717,Industrial Resins & Plastics Grade-M,Industrial Resins & Plastics,Crude Oil / Polymers,0.7,2012.21,USD,6,100,SUP-00487
PRD-04979,SKU-SYN-13334,Industrial Resins & Plastics Grade-N,Industrial Resins & Plastics,Crude Oil / Polymers,0.7,724.93,USD,21,250,SUP-00764
PRD-04980,sku_4980,printed circuit boards grade-4980,Printed Circuit Boards,Copper,0.35,$421.95,USD,73,500,SUP-99999
PRD-04981,SKU-SYN-15594,Industrial Resins & Plastics Grade-P,Industrial Resins & Plastics,Crude Oil / Polymers,0.7,293.79,USD,42,100,SUP-00324
PRD-04982,SKU-SYN-72464,Printed Circuit Boards Grade-Q,Printed Circuit Boards,Copper,0.35,760.02,USD,7,100,SUP-00986
PRD-04983,SKU-SYN-48364,Heavy Engine Castings Grade-R,Heavy Engine Castings,Steel,0.5,3120.37,USD,88,100,SUP-00104
PRD-04984,SKU-SYN-73087,Corrugated Packaging Grade-S,,Packaging,0.2,3148.65,USD,6,500,SUP-00753
PRD-04985,SKU-SYN-78132,Copper Conductors & Wiring Grade-T,Copper Conductors & Wiring,Copper,0.65,1298.86,USD,61,,SUP-00455
PRD-04986,SKU-SYN-74565,Printed Circuit Boards Grade-U,Printed Circuit Boards,Copper,0.35,$2699.82,USD,-10,100,SUP-00468
PRD-04987,SKU-SYN-57502,Industrial Resins & Plastics Grade-V,Industrial Resins & Plastics,Crude Oil / Polymers,0.7,1710.46,USD,34,,SUP-00769
PRD-04988,SKU-SYN-42377,Heavy Engine Castings Grade-W,Heavy Engine Castings,Steel,0.5,1635.95,USD,52,250,SUP-00059
PRD-04989,SKU-SYN-66305,Heavy Engine Castings Grade-X,Heavy Engine Castings,Steel,0.5,922.09,USD,21,100,SUP-00579
PRD-04990,SKU-SYN-53825,industrial resins & plastics grade-4990,Industrial Resins & Plastics,Crude Oil / Polymers,0.7,2300.59,USD,60,500 units,SUP-00255
PRD-04991,SKU-SYN-25773,Industrial Resins & Plastics Grade-Z,Industrial Resins & Plastics,Crude Oil / Polymers,0.7,855.92,USD,62,100,SUP-00765
PRD-04992,sku_4992,Synthetic Lubricants Grade-A,,Crude Oil / Polymers,0.8,$341.46,USD,39,,SUP-00380
PRD-04993,SKU-SYN-12193,Heavy Engine Castings Grade-B,Heavy Engine Castings,Steel,0.5,2136.78,USD,59,,SUP-00437
PRD-04994,SKU-SYN-51700,Heavy Engine Castings Grade-C,Heavy Engine Castings,Steel,0.5,1177.23,USD,39,500 units,SUP-00259
PRD-04995,SKU-SYN-26858,Heavy Engine Castings Grade-D,Heavy Engine Castings,Steel,0.5,2043.07,USD,18,250,SUP-00212
PRD-04996,SKU-SYN-18624,Copper Conductors & Wiring Grade-E,Copper Conductors & Wiring,Copper,0.65,2002.78,USD,88,500 units,SUP-00886
PRD-04997,SKU-SYN-91535,Corrugated Packaging Grade-F,Corrugated Packaging,Packaging,0.2,3165.47,USD,35,250,SUP-00282
PRD-04998,SKU-SYN-89631,Corrugated Packaging Grade-G,Corrugated Packaging,Packaging,0.2,$3160.81,USD,82,,SUP-00483
PRD-04999,SKU-SYN-62096,Corrugated Packaging Grade-H,Corrugated Packaging,Packaging,0.2,2481.15,USD,58,250,SUP-00061
PRD-05000,SKU-SYN-80037,printed circuit boards grade-5000,,Copper,0.35,-1513.29,USD,55,250,SUP-99999
